
> media-platform-frontend@0.1.0 test
> vitest run --configLoader=runner --no-cache src/product/projects/source.test.ts src/product/projects/ProjectBrowser.test.tsx --reporter=default --reporter=json --outputFile=/home/user/Documents/workspace/audit-runs/FRONTEND_WAVE2_NEXT_PLANNED_FEATURE_IMPLEMENTATION_V1/writer/green-01-results.json


 RUN  v3.2.6 /home/user/Documents/workspace/projects/.worktrees/frontend-wave2-product-ux-v1/frontend

 ✓ src/product/projects/source.test.ts (26 tests) 27ms
stderr | src/product/projects/ProjectBrowser.test.tsx > Workspace recent Project discovery and inspection > is unavailable by default and persistently identifies the localhost fixture as simulated and read-only
An update to ProjectBrowserSession inside a test was not wrapped in act(...).

When testing, code that causes React state updates should be wrapped into act(...):

act(() => {
  /* fire events that update state */
});
/* assert on the output */

This ensures that you're testing the behavior the user would see in the browser. Learn more at https://react.dev/link/wrap-tests-with-act
An update to ProjectBrowserSession inside a test was not wrapped in act(...).

When testing, code that causes React state updates should be wrapped into act(...):

act(() => {
  /* fire events that update state */
});
/* assert on the output */

This ensures that you're testing the behavior the user would see in the browser. Learn more at https://react.dev/link/wrap-tests-with-act

 ❯ src/product/projects/ProjectBrowser.test.tsx (18 tests | 13 failed) 11354ms
   × Workspace recent Project discovery and inspection > searches literal name and description content, filters opaque statuses, sorts deterministically, and resets no matches 1057ms
     → Found multiple elements with the role "button" and name "Inspect Alpha project"

Here are the matching elements:

Ignored nodes: comments, script, style
[36m<button[39m
  [33maria-label[39m=[32m"Inspect Alpha project"[39m
  [33mclass[39m=[32m"ff-button ff-button--secondary "[39m
[36m>[39m
  [0mInspect[0m
[36m</button>[39m

Ignored nodes: comments, script, style
[36m<button[39m
  [33maria-label[39m=[32m"Inspect Alpha project"[39m
  [33mclass[39m=[32m"ff-button ff-button--secondary "[39m
[36m>[39m
  [0mInspect[0m
[36m</button>[39m

(If this is intentional, then use the `*AllBy*` variant of the query (like `queryAllByText`, `getAllByText`, or `findAllByText`)).

Ignored nodes: comments, script, style
[36m<body>[39m
  [36m<div>[39m
    [36m<section[39m
      [33maria-label[39m=[32m"Workspace recent projects"[39m
      [33mclass[39m=[32m"ff-project-browser"[39m
    [36m>[39m
      [36m<header[39m
        [33mclass[39m=[32m"ff-project-browser-heading"[39m
      [36m>[39m
        [36m<div>[39m
          [36m<span>[39m
            [0mWorkspace · read-only[0m
          [36m</span>[39m
          [36m<h1>[39m
            [0mRecent projects[0m
          [36m</h1>[39m
          [36m<p>[39m
            [0mFind and inspect a bounded snapshot of recent work. This view cannot open, create, or change projects.[0m
          [36m</p>[39m
        [36m</div>[39m
        [36m<button[39m
          [33mclass[39m=[32m"ff-button ff-button--secondary "[39m
        [36m>[39m
          [0mRefresh recent projects[0m
        [36m</button>[39m
      [36m</header>[39m
      [36m<p[39m
        [33mclass[39m=[32m"ff-project-origin ff-project-origin--simulated"[39m
      [36m>[39m
        [36m<span[39m
          [33mclass[39m=[32m"ff-badge ff-badge--warning"[39m
        [36m>[39m
          [0mSIMULATED PROJECT DATA · localhost fixture only · no real account or permission[0m
        [36m</span>[39m
      [36m</p>[39m
      [36m<p[39m
        [33mclass[39m=[32m"ff-project-boundary"[39m
      [36m>[39m
        [0mThis is a recent snapshot, not a full project inventory. Project opening and creation remain unavailable.[0m
      [36m</p>[39m
      [36m<div[39m
        [33mclass[39m=[32m"ff-project-controls"[39m
      [36m>[39m
        [36m<input[39m
          [33maria-label[39m=[32m"Search recent projects"[39m
          [33mclass[39m=[32m"ff-input "[39m
          [33mplaceholder[39m=[32m"Search name or description"[39m
          [33mtype[39m=[32m"search"[39m
          [33mvalue[39m=[32m""[39m
        [36m/>[39m
        [36m<label>[39m
          [0mProjected status[0m
          [36m<select>[39m
            [36m<option[39m
              [33mvalue[39m=[32m""[39m
            [36m>[39m
              [0mAll projected statuses[0m
            [36m</option>[39m
            [36m<option[39m
              [33mvalue[39m=[32m"IN_REVIEW?"[39m
            [36m>[39m
              [0mIN_REVIEW?[0m
            [36m</option>[39m
            [36m<option[39m
              [33mvalue[39m=[32m"future::READY<script>"[39m
            [36m>[39m
              [0mfuture::READY&lt;script&gt;[0m
            [36m</option>[39m
          [36m</select>[39m
        [36m</label>[39m
        [36m<label>[39m
          [0mSort recent projects[0m
          [36m<select>[39m
            [36m<option[39m
              [33mvalue[39m=[32m"name-asc"[39m
            [36m>[39m
              [0mName A–Z[0m
            [36m</option>[39m
            [36m<option[39m
              [33mvalue[39m=[32m"name-desc"[39m
            [36m>[39m
              [0mName Z–A[0m
            [36m</option>[39m
          [36m</select>[39m
        [36m</label>[39m
      [36m</div>[39m
      [36m<p[39m
        [33maria-live[39m=[32m"polite"[39m
        [33mrole[39m=[32m"status"[39m
      [36m>[39m
        [0m3 recent projects loaded · bounded recent snapshot.[0m
      [36m</p>[39m
      [36m<ul[39m
        [33maria-label[39m=[32m"Recent project snapshot"[39m
        [33mclass[39m=[32m"ff-project-browser-list"[39m
      [36m>[39m
        [36m<li>[39m
          [36m<section[39m
            [33mclass[39m=[32m"ff-panel "[39m
          [36m>[39m
            [36m<header[39m
              [33mclass[39m=[32m"ff-panel__header"[39m
            [36m>[39m
              [36m<h2>[39m
                [0mAlpha project[0m
              [36m</h2>[39m
            [36m</header>[39m
            [36m<div[39m
              [33mclass[39m=[32m"ff-panel__body"[39m
            [36m>[39m
              [36m<p[39m
                [33mclass[39m=[32m"ff-project-description"[39m
              [36m>[39m
                [0mNo description projected.[0m
              [36m</p>[39m
              [36m<span[39m
                [33mclass[39m=[32m"ff-status ff-status--neutral"[39m
              [36m>[39m
                [36m<span[39m
                  [33maria-hidden[39m=[32m"true"[39m
                [36m/>[39m
                [0mIN_REVIEW?[0m
              [36m</span>[39m
              [36m<button[39m
                [33maria-label[39m=[32m"Inspect Alpha project"[39m
                [33mclass[39m=[32m"ff-button ff-button--secondary "[39m
              [36m>[39m
                [0mInspect[0m
              [36m</button>[39m
            [36m</div>[39m
          [36m</section>[39m
        [36m</li>[39m
        [36m<li>[39m
          [36m<section[39m
            [33mclass[39m=[32m"ff-panel "[39m
          [36m>[39m
            [36m<header[39m
              [33mclass[39m=[32m"ff-panel__header"[39m
            [36m>[39m
              [36m<h2>[39m
                [0mAlpha project[0m
              [36m</h2>[39m
            [36m</header>[39m
            [36m<div[39m
              [33mclass[39m=[32m"ff-panel__body"[39m
            [36m>[39m
              [36m<p[39m
                [33mclass[39m=[32m"ff-project-description"[39m
              [36m>[39m
                [0m&lt;b&gt;opaque description&lt;/b&gt;[0m
              [36m</p>[39m
              [36m<span[39m
                [33mclass[39m=[32m"ff-status ff-status--neutral"[39m
              [36m>[39m
                [36m<span[39m
                  [33maria-hidden[39m=[32m"true"[39m
                [36m/>[39m
                [0mIN_REVIEW?[0m
              [36m</span>[39m
              [36m<button[39m
                [33maria-label[39m=[32m"Inspect Alpha project"[39m
                [33mclass[39m=[32m"ff-button ff-button--secondary "[39m
              [36m>[39m
                [0mInspect[0m
              [36m</button>[39m
            [36m</div>[39m
          [36m</section>[39m
        [36m</li>[39m
        [36m<li>[39m
          [36m<section[39m
            [33mclass[39m=[32m"ff-panel "[39m
          [36m>[39m
            [36m<header[39m
              [33mclass[39m=[32m"ff-panel__header"[39m
            [36m>[39m
              [36m<h2>[39m
                [0mZeta &lt;project&gt;[0m
              [36m</h2>[39m
            [36m</header>[39m
            [36m<div[39m
              [33mclass[39m=[32m"ff-panel__body"[39m
            [36m>[39m
              [36m<p[39m
                [33mclass[39m=[32m"ff-project-description"[39m
              [36m>[39m
                [0mdescription literal 原文[0m
              [36m</p>[39m
              [36m<span[39m
                [33mclass[39m=[32m"ff-status ff-status--neutral"[39m
              [36m>[39m
                [36m<span[39m
                  [33maria-hidden[39m=[32m"true"[39m
                [36m/>[39m
                [0mfuture::READY&lt;script&gt;[0m
              [36m</span>[39m
              [36m<button[39m
                [33maria-label[39m=[32m"Inspect Zeta <project>"[39m
                [33mclass[39m=[32m"ff-button ff-button--secondary "[39m
              [36m>[39m
                [0mInspect[0m
              [36m</button>[39m
            [36m</div>[39m
          [36m</section>[39m
        [36m</li>[39m
      [36m</ul>[39m
    [36m</section>[39m
  [36m</div>[39m
[36m</body>[39m

Ignored nodes: comments, script, style
[36m<body>[39m
  [36m<div>[39m
    [36m<section[39m
      [33maria-label[39m=[32m"Workspace recent projects"[39m
      [33mclass[39m=[32m"ff-project-browser"[39m
    [36m>[39m
      [36m<header[39m
        [33mclass[39m=[32m"ff-project-browser-heading"[39m
      [36m>[39m
        [36m<div>[39m
          [36m<span>[39m
            [0mWorkspace · read-only[0m
          [36m</span>[39m
          [36m<h1>[39m
            [0mRecent projects[0m
          [36m</h1>[39m
          [36m<p>[39m
            [0mFind and inspect a bounded snapshot of recent work. This view cannot open, create, or change projects.[0m
          [36m</p>[39m
        [36m</div>[39m
        [36m<button[39m
          [33mclass[39m=[32m"ff-button ff-button--secondary "[39m
        [36m>[39m
          [0mRefresh recent projects[0m
        [36m</button>[39m
      [36m</header>[39m
      [36m<p[39m
        [33mclass[39m=[32m"ff-project-origin ff-project-origin--simulated"[39m
      [36m>[39m
        [36m<span[39m
          [33mclass[39m=[32m"ff-badge ff-badge--warning"[39m
        [36m>[39m
          [0mSIMULATED PROJECT DATA · localhost fixture only · no real account or permission[0m
        [36m</span>[39m
      [36m</p>[39m
      [36m<p[39m
        [33mclass[39m=[32m"ff-project-boundary"[39m
      [36m>[39m
        [0mThis is a recent snapshot, not a full project inventory. Project opening and creation remain unavailable.[0m
      [36m</p>[39m
      [36m<div[39m
        [33mclass[39m=[32m"ff-project-controls"[39m
      [36m>[39m
        [36m<input[39m
          [33maria-label[39m=[32m"Search recent projects"[39m
          [33mclass[39m=[32m"ff-input "[39m
          [33mplaceholder[39m=[32m"Search name or description"[39m
          [33mtype[39m=[32m"search"[39m
          [33mvalue[39m=[32m""[39m
        [36m/>[39m
        [36m<label>[39m
          [0mProjected status[0m
          [36m<select>[39m
            [36m<option[39m
              [33mvalue[39m=[32m""[39m
            [36m>[39m
              [0mAll projected statuses[0m
            [36m</option>[39m
            [36m<option[39m
              [33mvalue[39m=[32m"IN_REVIEW?"[39m
            [36m>[39m
              [0mIN_REVIEW?[0m
            [36m</option>[39m
            [36m<option[39m
              [33mvalue[39m=[32m"future::READY<script>"[39m
            [36m>[39m
              [0mfuture::READY&lt;script&gt;[0m
            [36m</option>[39m
          [36m</select>[39m
        [36m</label>[39m
        [36m<label>[39m
          [0mSort recent projects[0m
          [36m<select>[39m
            [36m<option[39m
              [33mvalue[39m=[32m"name-asc"[39m
            [36m>[39m
              [0mName A–Z[0m
            [36m</option>[39m
            [36m<option[39m
              [33mvalue[39m=[32m"name-desc"[39m
            [36m>[39m
              [0mName Z–A[0m
            [36m</option>[39m
          [36m</select>[39m
        [36m</label>[39m
      [36m</div>[39m
      [36m<p[39m
        [33maria-live[39m=[32m"polite"[39m
        [33mrole[39m=[32m"status"[39m
      [36m>[39m
        [0m3 recent projects loaded · bounded recent snapshot.[0m
      [36m</p>[39m
      [36m<ul[39m
        [33maria-label[39m=[32m"Recent project snapshot"[39m
        [33mclass[39m=[32m"ff-project-browser-list"[39m
      [36m>[39m
        [36m<li>[39m
          [36m<section[39m
            [33mclass[39m=[32m"ff-panel "[39m
          [36m>[39m
            [36m<header[39m
              [33mclass[39m=[32m"ff-panel__header"[39m
            [36m>[39m
              [36m<h2>[39m
                [0mAlpha project[0m
              [36m</h2>[39m
            [36m</header>[39m
            [36m<div[39m
              [33mclass[39m=[32m"ff-panel__body"[39m
            [36m>[39m
              [36m<p[39m
                [33mclass[39m=[32m"ff-project-description"[39m
              [36m>[39m
                [0mNo description projected.[0m
              [36m</p>[39m
              [36m<span[39m
                [33mclass[39m=[32m"ff-status ff-status--neutral"[39m
              [36m>[39m
                [36m<span[39m
                  [33maria-hidden[39m=[32m"true"[39m
                [36m/>[39m
                [0mIN_REVIEW?[0m
              [36m</span>[39m
              [36m<button[39m
                [33maria-label[39m=[32m"Inspect Alpha project"[39m
                [33mclass[39m=[32m"ff-button ff-button--secondary "[39m
              [36m>[39m
                [0mInspect[0m
              [36m</button>[39m
            [36m</div>[39m
          [36m</section>[39m
        [36m</li>[39m
        [36m<li>[39m
          [36m<section[39m
            [33mclass[39m=[32m"ff-panel "[39m
          [36m>[39m
            [36m<header[39m
              [33mclass[39m=[32m"ff-panel__header"[39m
            [36m>[39m
              [36m<h2>[39m
                [0mAlpha project[0m
              [36m</h2>[39m
            [36m</header>[39m
            [36m<div[39m
              [33mclass[39m=[32m"ff-panel__body"[39m
            [36m>[39m
              [36m<p[39m
                [33mclass[39m=[32m"ff-project-description"[39m
              [36m>[39m
                [0m&lt;b&gt;opaque description&lt;/b&gt;[0m
              [36m</p>[39m
              [36m<span[39m
                [33mclass[39m=[32m"ff-status ff-status--neutral"[39m
              [36m>[39m
                [36m<span[39m
                  [33maria-hidden[39m=[32m"true"[39m
                [36m/>[39m
                [0mIN_REVIEW?[0m
              [36m</span>[39m
              [36m<button[39m
                [33maria-label[39m=[32m"Inspect Alpha project"[39m
                [33mclass[39m=[32m"ff-button ff-button--secondary "[39m
              [36m>[39m
                [0mInspect[0m
              [36m</button>[39m
            [36m</div>[39m
          [36m</section>[39m
        [36m</li>[39m
        [36m<li>[39m
          [36m<section[39m
            [33mclass[39m=[32m"ff-panel "[39m
          [36m>[39m
            [36m<header[39m
              [33mclass[39m=[32m"ff-panel__header"[39m
            [36m>[39m
              [36m<h2>[39m
                [0mZeta &lt;project&gt;[0m
              [36m</h2>[39m
            [36m</header>[39m
            [36m<div[39m
              [33mclass[39m=[32m"ff-panel__body"[39m
            [36m>[39m
              [36m<p[39m
                [33mclass[39m=[32m"ff-project-description"[39m
              [36m>[39m
                [0mdescription literal 原文[0m
              [36m</p>[39m
              [36m<span[39m
                [33mclass[39m=[32m"ff-status ff-status--neutral"[39m
              [36m>[39m
                [36m<span[39m
                  [33maria-hidden[39m=[32m"true"[39m
                [36m/>[39m
                [0mfuture::READY&lt;script&gt;[0m
              [36m</span>[39m
              [36m<button[39m
                [33maria-label[39m=[32m"Inspect Zeta <project>"[39m
                [33mclass[39m=[32m"ff-button ff-button--secondary "[39m
              [36m>[39m
                [0mInspect[0m
              [36m</button>[39m
            [36m</div>[39m
          [36m</section>[39m
        [36m</li>[39m
      [36m</ul>[39m
    [36m</section>[39m
  [36m</div>[39m
[36m</body>[39m
   ✓ Workspace recent Project discovery and inspection > distinguishes an empty recent snapshot from local no matches 19ms
   ✓ Workspace recent Project discovery and inspection > inspects the exact item in a read-only dialog, renders opaque text safely, and restores launcher focus after Escape 37ms
   × Workspace recent Project discovery and inspection > supports cancel, retry and refresh; each new request clears content and late cancelled replies stay hidden 1024ms
     → Found multiple elements with the role "button" and name "Inspect Alpha project"

Here are the matching elements:

Ignored nodes: comments, script, style
[36m<button[39m
  [33maria-label[39m=[32m"Inspect Alpha project"[39m
  [33mclass[39m=[32m"ff-button ff-button--secondary "[39m
[36m>[39m
  [0mInspect[0m
[36m</button>[39m

Ignored nodes: comments, script, style
[36m<button[39m
  [33maria-label[39m=[32m"Inspect Alpha project"[39m
  [33mclass[39m=[32m"ff-button ff-button--secondary "[39m
[36m>[39m
  [0mInspect[0m
[36m</button>[39m

(If this is intentional, then use the `*AllBy*` variant of the query (like `queryAllByText`, `getAllByText`, or `findAllByText`)).

Ignored nodes: comments, script, style
[36m<body>[39m
  [36m<div>[39m
    [36m<section[39m
      [33maria-label[39m=[32m"Workspace recent projects"[39m
      [33mclass[39m=[32m"ff-project-browser"[39m
    [36m>[39m
      [36m<header[39m
        [33mclass[39m=[32m"ff-project-browser-heading"[39m
      [36m>[39m
        [36m<div>[39m
          [36m<span>[39m
            [0mWorkspace · read-only[0m
          [36m</span>[39m
          [36m<h1>[39m
            [0mRecent projects[0m
          [36m</h1>[39m
          [36m<p>[39m
            [0mFind and inspect a bounded snapshot of recent work. This view cannot open, create, or change projects.[0m
          [36m</p>[39m
        [36m</div>[39m
        [36m<button[39m
          [33mclass[39m=[32m"ff-button ff-button--secondary "[39m
        [36m>[39m
          [0mRefresh recent projects[0m
        [36m</button>[39m
      [36m</header>[39m
      [36m<p[39m
        [33mclass[39m=[32m"ff-project-origin ff-project-origin--simulated"[39m
      [36m>[39m
        [36m<span[39m
          [33mclass[39m=[32m"ff-badge ff-badge--warning"[39m
        [36m>[39m
          [0mSIMULATED PROJECT DATA · localhost fixture only · no real account or permission[0m
        [36m</span>[39m
      [36m</p>[39m
      [36m<p[39m
        [33mclass[39m=[32m"ff-project-boundary"[39m
      [36m>[39m
        [0mThis is a recent snapshot, not a full project inventory. Project opening and creation remain unavailable.[0m
      [36m</p>[39m
      [36m<div[39m
        [33mclass[39m=[32m"ff-project-controls"[39m
      [36m>[39m
        [36m<input[39m
          [33maria-label[39m=[32m"Search recent projects"[39m
          [33mclass[39m=[32m"ff-input "[39m
          [33mplaceholder[39m=[32m"Search name or description"[39m
          [33mtype[39m=[32m"search"[39m
          [33mvalue[39m=[32m""[39m
        [36m/>[39m
        [36m<label>[39m
          [0mProjected status[0m
          [36m<select>[39m
            [36m<option[39m
              [33mvalue[39m=[32m""[39m
            [36m>[39m
              [0mAll projected statuses[0m
            [36m</option>[39m
            [36m<option[39m
              [33mvalue[39m=[32m"IN_REVIEW?"[39m
            [36m>[39m
              [0mIN_REVIEW?[0m
            [36m</option>[39m
            [36m<option[39m
              [33mvalue[39m=[32m"future::READY<script>"[39m
            [36m>[39m
              [0mfuture::READY&lt;script&gt;[0m
            [36m</option>[39m
          [36m</select>[39m
        [36m</label>[39m
        [36m<label>[39m
          [0mSort recent projects[0m
          [36m<select>[39m
            [36m<option[39m
              [33mvalue[39m=[32m"name-asc"[39m
            [36m>[39m
              [0mName A–Z[0m
            [36m</option>[39m
            [36m<option[39m
              [33mvalue[39m=[32m"name-desc"[39m
            [36m>[39m
              [0mName Z–A[0m
            [36m</option>[39m
          [36m</select>[39m
        [36m</label>[39m
      [36m</div>[39m
      [36m<p[39m
        [33maria-live[39m=[32m"polite"[39m
        [33mrole[39m=[32m"status"[39m
      [36m>[39m
        [0m3 recent projects loaded · bounded recent snapshot.[0m
      [36m</p>[39m
      [36m<ul[39m
        [33maria-label[39m=[32m"Recent project snapshot"[39m
        [33mclass[39m=[32m"ff-project-browser-list"[39m
      [36m>[39m
        [36m<li>[39m
          [36m<section[39m
            [33mclass[39m=[32m"ff-panel "[39m
          [36m>[39m
            [36m<header[39m
              [33mclass[39m=[32m"ff-panel__header"[39m
            [36m>[39m
              [36m<h2>[39m
                [0mAlpha project[0m
              [36m</h2>[39m
            [36m</header>[39m
            [36m<div[39m
              [33mclass[39m=[32m"ff-panel__body"[39m
            [36m>[39m
              [36m<p[39m
                [33mclass[39m=[32m"ff-project-description"[39m
              [36m>[39m
                [0mNo description projected.[0m
              [36m</p>[39m
              [36m<span[39m
                [33mclass[39m=[32m"ff-status ff-status--neutral"[39m
              [36m>[39m
                [36m<span[39m
                  [33maria-hidden[39m=[32m"true"[39m
                [36m/>[39m
                [0mIN_REVIEW?[0m
              [36m</span>[39m
              [36m<button[39m
                [33maria-label[39m=[32m"Inspect Alpha project"[39m
                [33mclass[39m=[32m"ff-button ff-button--secondary "[39m
              [36m>[39m
                [0mInspect[0m
              [36m</button>[39m
            [36m</div>[39m
          [36m</section>[39m
        [36m</li>[39m
        [36m<li>[39m
          [36m<section[39m
            [33mclass[39m=[32m"ff-panel "[39m
          [36m>[39m
            [36m<header[39m
              [33mclass[39m=[32m"ff-panel__header"[39m
            [36m>[39m
              [36m<h2>[39m
                [0mAlpha project[0m
              [36m</h2>[39m
            [36m</header>[39m
            [36m<div[39m
              [33mclass[39m=[32m"ff-panel__body"[39m
            [36m>[39m
              [36m<p[39m
                [33mclass[39m=[32m"ff-project-description"[39m
              [36m>[39m
                [0m&lt;b&gt;opaque description&lt;/b&gt;[0m
              [36m</p>[39m
              [36m<span[39m
                [33mclass[39m=[32m"ff-status ff-status--neutral"[39m
              [36m>[39m
                [36m<span[39m
                  [33maria-hidden[39m=[32m"true"[39m
                [36m/>[39m
                [0mIN_REVIEW?[0m
              [36m</span>[39m
              [36m<button[39m
                [33maria-label[39m=[32m"Inspect Alpha project"[39m
                [33mclass[39m=[32m"ff-button ff-button--secondary "[39m
              [36m>[39m
                [0mInspect[0m
              [36m</button>[39m
            [36m</div>[39m
          [36m</section>[39m
        [36m</li>[39m
        [36m<li>[39m
          [36m<section[39m
            [33mclass[39m=[32m"ff-panel "[39m
          [36m>[39m
            [36m<header[39m
              [33mclass[39m=[32m"ff-panel__header"[39m
            [36m>[39m
              [36m<h2>[39m
                [0mZeta &lt;project&gt;[0m
              [36m</h2>[39m
            [36m</header>[39m
            [36m<div[39m
              [33mclass[39m=[32m"ff-panel__body"[39m
            [36m>[39m
              [36m<p[39m
                [33mclass[39m=[32m"ff-project-description"[39m
              [36m>[39m
                [0mdescription literal 原文[0m
              [36m</p>[39m
              [36m<span[39m
                [33mclass[39m=[32m"ff-status ff-status--neutral"[39m
              [36m>[39m
                [36m<span[39m
                  [33maria-hidden[39m=[32m"true"[39m
                [36m/>[39m
                [0mfuture::READY&lt;script&gt;[0m
              [36m</span>[39m
              [36m<button[39m
                [33maria-label[39m=[32m"Inspect Zeta <project>"[39m
                [33mclass[39m=[32m"ff-button ff-button--secondary "[39m
              [36m>[39m
                [0mInspect[0m
              [36m</button>[39m
            [36m</div>[39m
          [36m</section>[39m
        [36m</li>[39m
      [36m</ul>[39m
    [36m</section>[39m
  [36m</div>[39m
[36m</body>[39m

Ignored nodes: comments, script, style
[36m<body>[39m
  [36m<div>[39m
    [36m<section[39m
      [33maria-label[39m=[32m"Workspace recent projects"[39m
      [33mclass[39m=[32m"ff-project-browser"[39m
    [36m>[39m
      [36m<header[39m
        [33mclass[39m=[32m"ff-project-browser-heading"[39m
      [36m>[39m
        [36m<div>[39m
          [36m<span>[39m
            [0mWorkspace · read-only[0m
          [36m</span>[39m
          [36m<h1>[39m
            [0mRecent projects[0m
          [36m</h1>[39m
          [36m<p>[39m
            [0mFind and inspect a bounded snapshot of recent work. This view cannot open, create, or change projects.[0m
          [36m</p>[39m
        [36m</div>[39m
        [36m<button[39m
          [33mclass[39m=[32m"ff-button ff-button--secondary "[39m
        [36m>[39m
          [0mRefresh recent projects[0m
        [36m</button>[39m
      [36m</header>[39m
      [36m<p[39m
        [33mclass[39m=[32m"ff-project-origin ff-project-origin--simulated"[39m
      [36m>[39m
        [36m<span[39m
          [33mclass[39m=[32m"ff-badge ff-badge--warning"[39m
        [36m>[39m
          [0mSIMULATED PROJECT DATA · localhost fixture only · no real account or permission[0m
        [36m</span>[39m
      [36m</p>[39m
      [36m<p[39m
        [33mclass[39m=[32m"ff-project-boundary"[39m
      [36m>[39m
        [0mThis is a recent snapshot, not a full project inventory. Project opening and creation remain unavailable.[0m
      [36m</p>[39m
      [36m<div[39m
        [33mclass[39m=[32m"ff-project-controls"[39m
      [36m>[39m
        [36m<input[39m
          [33maria-label[39m=[32m"Search recent projects"[39m
          [33mclass[39m=[32m"ff-input "[39m
          [33mplaceholder[39m=[32m"Search name or description"[39m
          [33mtype[39m=[32m"search"[39m
          [33mvalue[39m=[32m""[39m
        [36m/>[39m
        [36m<label>[39m
          [0mProjected status[0m
          [36m<select>[39m
            [36m<option[39m
              [33mvalue[39m=[32m""[39m
            [36m>[39m
              [0mAll projected statuses[0m
            [36m</option>[39m
            [36m<option[39m
              [33mvalue[39m=[32m"IN_REVIEW?"[39m
            [36m>[39m
              [0mIN_REVIEW?[0m
            [36m</option>[39m
            [36m<option[39m
              [33mvalue[39m=[32m"future::READY<script>"[39m
            [36m>[39m
              [0mfuture::READY&lt;script&gt;[0m
            [36m</option>[39m
          [36m</select>[39m
        [36m</label>[39m
        [36m<label>[39m
          [0mSort recent projects[0m
          [36m<select>[39m
            [36m<option[39m
              [33mvalue[39m=[32m"name-asc"[39m
            [36m>[39m
              [0mName A–Z[0m
            [36m</option>[39m
            [36m<option[39m
              [33mvalue[39m=[32m"name-desc"[39m
            [36m>[39m
              [0mName Z–A[0m
            [36m</option>[39m
          [36m</select>[39m
        [36m</label>[39m
      [36m</div>[39m
      [36m<p[39m
        [33maria-live[39m=[32m"polite"[39m
        [33mrole[39m=[32m"status"[39m
      [36m>[39m
        [0m3 recent projects loaded · bounded recent snapshot.[0m
      [36m</p>[39m
      [36m<ul[39m
        [33maria-label[39m=[32m"Recent project snapshot"[39m
        [33mclass[39m=[32m"ff-project-browser-list"[39m
      [36m>[39m
        [36m<li>[39m
          [36m<section[39m
            [33mclass[39m=[32m"ff-panel "[39m
          [36m>[39m
            [36m<header[39m
              [33mclass[39m=[32m"ff-panel__header"[39m
            [36m>[39m
              [36m<h2>[39m
                [0mAlpha project[0m
              [36m</h2>[39m
            [36m</header>[39m
            [36m<div[39m
              [33mclass[39m=[32m"ff-panel__body"[39m
            [36m>[39m
              [36m<p[39m
                [33mclass[39m=[32m"ff-project-description"[39m
              [36m>[39m
                [0mNo description projected.[0m
              [36m</p>[39m
              [36m<span[39m
                [33mclass[39m=[32m"ff-status ff-status--neutral"[39m
              [36m>[39m
                [36m<span[39m
                  [33maria-hidden[39m=[32m"true"[39m
                [36m/>[39m
                [0mIN_REVIEW?[0m
              [36m</span>[39m
              [36m<button[39m
                [33maria-label[39m=[32m"Inspect Alpha project"[39m
                [33mclass[39m=[32m"ff-button ff-button--secondary "[39m
              [36m>[39m
                [0mInspect[0m
              [36m</button>[39m
            [36m</div>[39m
          [36m</section>[39m
        [36m</li>[39m
        [36m<li>[39m
          [36m<section[39m
            [33mclass[39m=[32m"ff-panel "[39m
          [36m>[39m
            [36m<header[39m
              [33mclass[39m=[32m"ff-panel__header"[39m
            [36m>[39m
              [36m<h2>[39m
                [0mAlpha project[0m
              [36m</h2>[39m
            [36m</header>[39m
            [36m<div[39m
              [33mclass[39m=[32m"ff-panel__body"[39m
            [36m>[39m
              [36m<p[39m
                [33mclass[39m=[32m"ff-project-description"[39m
              [36m>[39m
                [0m&lt;b&gt;opaque description&lt;/b&gt;[0m
              [36m</p>[39m
              [36m<span[39m
                [33mclass[39m=[32m"ff-status ff-status--neutral"[39m
              [36m>[39m
                [36m<span[39m
                  [33maria-hidden[39m=[32m"true"[39m
                [36m/>[39m
                [0mIN_REVIEW?[0m
              [36m</span>[39m
              [36m<button[39m
                [33maria-label[39m=[32m"Inspect Alpha project"[39m
                [33mclass[39m=[32m"ff-button ff-button--secondary "[39m
              [36m>[39m
                [0mInspect[0m
              [36m</button>[39m
            [36m</div>[39m
          [36m</section>[39m
        [36m</li>[39m
        [36m<li>[39m
          [36m<section[39m
            [33mclass[39m=[32m"ff-panel "[39m
          [36m>[39m
            [36m<header[39m
              [33mclass[39m=[32m"ff-panel__header"[39m
            [36m>[39m
              [36m<h2>[39m
                [0mZeta &lt;project&gt;[0m
              [36m</h2>[39m
            [36m</header>[39m
            [36m<div[39m
              [33mclass[39m=[32m"ff-panel__body"[39m
            [36m>[39m
              [36m<p[39m
                [33mclass[39m=[32m"ff-project-description"[39m
              [36m>[39m
                [0mdescription literal 原文[0m
              [36m</p>[39m
              [36m<span[39m
                [33mclass[39m=[32m"ff-status ff-status--neutral"[39m
              [36m>[39m
                [36m<span[39m
                  [33maria-hidden[39m=[32m"true"[39m
                [36m/>[39m
                [0mfuture::READY&lt;script&gt;[0m
              [36m</span>[39m
              [36m<button[39m
                [33maria-label[39m=[32m"Inspect Zeta <project>"[39m
                [33mclass[39m=[32m"ff-button ff-button--secondary "[39m
              [36m>[39m
                [0mInspect[0m
              [36m</button>[39m
            [36m</div>[39m
          [36m</section>[39m
        [36m</li>[39m
      [36m</ul>[39m
    [36m</section>[39m
  [36m</div>[39m
[36m</body>[39m
   × Workspace recent Project discovery and inspection > clears content and presents the exact unavailable failure without simulation fallback 1017ms
     → Found multiple elements with the role "button" and name "Inspect Alpha project"

Here are the matching elements:

Ignored nodes: comments, script, style
[36m<button[39m
  [33maria-label[39m=[32m"Inspect Alpha project"[39m
  [33mclass[39m=[32m"ff-button ff-button--secondary "[39m
[36m>[39m
  [0mInspect[0m
[36m</button>[39m

Ignored nodes: comments, script, style
[36m<button[39m
  [33maria-label[39m=[32m"Inspect Alpha project"[39m
  [33mclass[39m=[32m"ff-button ff-button--secondary "[39m
[36m>[39m
  [0mInspect[0m
[36m</button>[39m

(If this is intentional, then use the `*AllBy*` variant of the query (like `queryAllByText`, `getAllByText`, or `findAllByText`)).

Ignored nodes: comments, script, style
[36m<body>[39m
  [36m<div>[39m
    [36m<section[39m
      [33maria-label[39m=[32m"Workspace recent projects"[39m
      [33mclass[39m=[32m"ff-project-browser"[39m
    [36m>[39m
      [36m<header[39m
        [33mclass[39m=[32m"ff-project-browser-heading"[39m
      [36m>[39m
        [36m<div>[39m
          [36m<span>[39m
            [0mWorkspace · read-only[0m
          [36m</span>[39m
          [36m<h1>[39m
            [0mRecent projects[0m
          [36m</h1>[39m
          [36m<p>[39m
            [0mFind and inspect a bounded snapshot of recent work. This view cannot open, create, or change projects.[0m
          [36m</p>[39m
        [36m</div>[39m
        [36m<button[39m
          [33mclass[39m=[32m"ff-button ff-button--secondary "[39m
        [36m>[39m
          [0mRefresh recent projects[0m
        [36m</button>[39m
      [36m</header>[39m
      [36m<p[39m
        [33mclass[39m=[32m"ff-project-origin ff-project-origin--real"[39m
      [36m>[39m
        [36m<span[39m
          [33mclass[39m=[32m"ff-badge ff-badge--neutral"[39m
        [36m>[39m
          [0mCONNECTED READ-ONLY SOURCE · access is supplied by the host application[0m
        [36m</span>[39m
      [36m</p>[39m
      [36m<p[39m
        [33mclass[39m=[32m"ff-project-boundary"[39m
      [36m>[39m
        [0mThis is a recent snapshot, not a full project inventory. Project opening and creation remain unavailable.[0m
      [36m</p>[39m
      [36m<div[39m
        [33mclass[39m=[32m"ff-project-controls"[39m
      [36m>[39m
        [36m<input[39m
          [33maria-label[39m=[32m"Search recent projects"[39m
          [33mclass[39m=[32m"ff-input "[39m
          [33mplaceholder[39m=[32m"Search name or description"[39m
          [33mtype[39m=[32m"search"[39m
          [33mvalue[39m=[32m""[39m
        [36m/>[39m
        [36m<label>[39m
          [0mProjected status[0m
          [36m<select>[39m
            [36m<option[39m
              [33mvalue[39m=[32m""[39m
            [36m>[39m
              [0mAll projected statuses[0m
            [36m</option>[39m
            [36m<option[39m
              [33mvalue[39m=[32m"IN_REVIEW?"[39m
            [36m>[39m
              [0mIN_REVIEW?[0m
            [36m</option>[39m
            [36m<option[39m
              [33mvalue[39m=[32m"future::READY<script>"[39m
            [36m>[39m
              [0mfuture::READY&lt;script&gt;[0m
            [36m</option>[39m
          [36m</select>[39m
        [36m</label>[39m
        [36m<label>[39m
          [0mSort recent projects[0m
          [36m<select>[39m
            [36m<option[39m
              [33mvalue[39m=[32m"name-asc"[39m
            [36m>[39m
              [0mName A–Z[0m
            [36m</option>[39m
            [36m<option[39m
              [33mvalue[39m=[32m"name-desc"[39m
            [36m>[39m
              [0mName Z–A[0m
            [36m</option>[39m
          [36m</select>[39m
        [36m</label>[39m
      [36m</div>[39m
      [36m<p[39m
        [33maria-live[39m=[32m"polite"[39m
        [33mrole[39m=[32m"status"[39m
      [36m>[39m
        [0m3 recent projects loaded · bounded recent snapshot.[0m
      [36m</p>[39m
      [36m<ul[39m
        [33maria-label[39m=[32m"Recent project snapshot"[39m
        [33mclass[39m=[32m"ff-project-browser-list"[39m
      [36m>[39m
        [36m<li>[39m
          [36m<section[39m
            [33mclass[39m=[32m"ff-panel "[39m
          [36m>[39m
            [36m<header[39m
              [33mclass[39m=[32m"ff-panel__header"[39m
            [36m>[39m
              [36m<h2>[39m
                [0mAlpha project[0m
              [36m</h2>[39m
            [36m</header>[39m
            [36m<div[39m
              [33mclass[39m=[32m"ff-panel__body"[39m
            [36m>[39m
              [36m<p[39m
                [33mclass[39m=[32m"ff-project-description"[39m
              [36m>[39m
                [0mNo description projected.[0m
              [36m</p>[39m
              [36m<span[39m
                [33mclass[39m=[32m"ff-status ff-status--neutral"[39m
              [36m>[39m
                [36m<span[39m
                  [33maria-hidden[39m=[32m"true"[39m
                [36m/>[39m
                [0mIN_REVIEW?[0m
              [36m</span>[39m
              [36m<button[39m
                [33maria-label[39m=[32m"Inspect Alpha project"[39m
                [33mclass[39m=[32m"ff-button ff-button--secondary "[39m
              [36m>[39m
                [0mInspect[0m
              [36m</button>[39m
            [36m</div>[39m
          [36m</section>[39m
        [36m</li>[39m
        [36m<li>[39m
          [36m<section[39m
            [33mclass[39m=[32m"ff-panel "[39m
          [36m>[39m
            [36m<header[39m
              [33mclass[39m=[32m"ff-panel__header"[39m
            [36m>[39m
              [36m<h2>[39m
                [0mAlpha project[0m
              [36m</h2>[39m
            [36m</header>[39m
            [36m<div[39m
              [33mclass[39m=[32m"ff-panel__body"[39m
            [36m>[39m
              [36m<p[39m
                [33mclass[39m=[32m"ff-project-description"[39m
              [36m>[39m
                [0m&lt;b&gt;opaque description&lt;/b&gt;[0m
              [36m</p>[39m
              [36m<span[39m
                [33mclass[39m=[32m"ff-status ff-status--neutral"[39m
              [36m>[39m
                [36m<span[39m
                  [33maria-hidden[39m=[32m"true"[39m
                [36m/>[39m
                [0mIN_REVIEW?[0m
              [36m</span>[39m
              [36m<button[39m
                [33maria-label[39m=[32m"Inspect Alpha project"[39m
                [33mclass[39m=[32m"ff-button ff-button--secondary "[39m
              [36m>[39m
                [0mInspect[0m
              [36m</button>[39m
            [36m</div>[39m
          [36m</section>[39m
        [36m</li>[39m
        [36m<li>[39m
          [36m<section[39m
            [33mclass[39m=[32m"ff-panel "[39m
          [36m>[39m
            [36m<header[39m
              [33mclass[39m=[32m"ff-panel__header"[39m
            [36m>[39m
              [36m<h2>[39m
                [0mZeta &lt;project&gt;[0m
              [36m</h2>[39m
            [36m</header>[39m
            [36m<div[39m
              [33mclass[39m=[32m"ff-panel__body"[39m
            [36m>[39m
              [36m<p[39m
                [33mclass[39m=[32m"ff-project-description"[39m
              [36m>[39m
                [0mdescription literal 原文[0m
              [36m</p>[39m
              [36m<span[39m
                [33mclass[39m=[32m"ff-status ff-status--neutral"[39m
              [36m>[39m
                [36m<span[39m
                  [33maria-hidden[39m=[32m"true"[39m
                [36m/>[39m
                [0mfuture::READY&lt;script&gt;[0m
              [36m</span>[39m
              [36m<button[39m
                [33maria-label[39m=[32m"Inspect Zeta <project>"[39m
                [33mclass[39m=[32m"ff-button ff-button--secondary "[39m
              [36m>[39m
                [0mInspect[0m
              [36m</button>[39m
            [36m</div>[39m
          [36m</section>[39m
        [36m</li>[39m
      [36m</ul>[39m
    [36m</section>[39m
  [36m</div>[39m
[36m</body>[39m

Ignored nodes: comments, script, style
[36m<body>[39m
  [36m<div>[39m
    [36m<section[39m
      [33maria-label[39m=[32m"Workspace recent projects"[39m
      [33mclass[39m=[32m"ff-project-browser"[39m
    [36m>[39m
      [36m<header[39m
        [33mclass[39m=[32m"ff-project-browser-heading"[39m
      [36m>[39m
        [36m<div>[39m
          [36m<span>[39m
            [0mWorkspace · read-only[0m
          [36m</span>[39m
          [36m<h1>[39m
            [0mRecent projects[0m
          [36m</h1>[39m
          [36m<p>[39m
            [0mFind and inspect a bounded snapshot of recent work. This view cannot open, create, or change projects.[0m
          [36m</p>[39m
        [36m</div>[39m
        [36m<button[39m
          [33mclass[39m=[32m"ff-button ff-button--secondary "[39m
        [36m>[39m
          [0mRefresh recent projects[0m
        [36m</button>[39m
      [36m</header>[39m
      [36m<p[39m
        [33mclass[39m=[32m"ff-project-origin ff-project-origin--real"[39m
      [36m>[39m
        [36m<span[39m
          [33mclass[39m=[32m"ff-badge ff-badge--neutral"[39m
        [36m>[39m
          [0mCONNECTED READ-ONLY SOURCE · access is supplied by the host application[0m
        [36m</span>[39m
      [36m</p>[39m
      [36m<p[39m
        [33mclass[39m=[32m"ff-project-boundary"[39m
      [36m>[39m
        [0mThis is a recent snapshot, not a full project inventory. Project opening and creation remain unavailable.[0m
      [36m</p>[39m
      [36m<div[39m
        [33mclass[39m=[32m"ff-project-controls"[39m
      [36m>[39m
        [36m<input[39m
          [33maria-label[39m=[32m"Search recent projects"[39m
          [33mclass[39m=[32m"ff-input "[39m
          [33mplaceholder[39m=[32m"Search name or description"[39m
          [33mtype[39m=[32m"search"[39m
          [33mvalue[39m=[32m""[39m
        [36m/>[39m
        [36m<label>[39m
          [0mProjected status[0m
          [36m<select>[39m
            [36m<option[39m
              [33mvalue[39m=[32m""[39m
            [36m>[39m
              [0mAll projected statuses[0m
            [36m</option>[39m
            [36m<option[39m
              [33mvalue[39m=[32m"IN_REVIEW?"[39m
            [36m>[39m
              [0mIN_REVIEW?[0m
            [36m</option>[39m
            [36m<option[39m
              [33mvalue[39m=[32m"future::READY<script>"[39m
            [36m>[39m
              [0mfuture::READY&lt;script&gt;[0m
            [36m</option>[39m
          [36m</select>[39m
        [36m</label>[39m
        [36m<label>[39m
          [0mSort recent projects[0m
          [36m<select>[39m
            [36m<option[39m
              [33mvalue[39m=[32m"name-asc"[39m
            [36m>[39m
              [0mName A–Z[0m
            [36m</option>[39m
            [36m<option[39m
              [33mvalue[39m=[32m"name-desc"[39m
            [36m>[39m
              [0mName Z–A[0m
            [36m</option>[39m
          [36m</select>[39m
        [36m</label>[39m
      [36m</div>[39m
      [36m<p[39m
        [33maria-live[39m=[32m"polite"[39m
        [33mrole[39m=[32m"status"[39m
      [36m>[39m
        [0m3 recent projects loaded · bounded recent snapshot.[0m
      [36m</p>[39m
      [36m<ul[39m
        [33maria-label[39m=[32m"Recent project snapshot"[39m
        [33mclass[39m=[32m"ff-project-browser-list"[39m
      [36m>[39m
        [36m<li>[39m
          [36m<section[39m
            [33mclass[39m=[32m"ff-panel "[39m
          [36m>[39m
            [36m<header[39m
              [33mclass[39m=[32m"ff-panel__header"[39m
            [36m>[39m
              [36m<h2>[39m
                [0mAlpha project[0m
              [36m</h2>[39m
            [36m</header>[39m
            [36m<div[39m
              [33mclass[39m=[32m"ff-panel__body"[39m
            [36m>[39m
              [36m<p[39m
                [33mclass[39m=[32m"ff-project-description"[39m
              [36m>[39m
                [0mNo description projected.[0m
              [36m</p>[39m
              [36m<span[39m
                [33mclass[39m=[32m"ff-status ff-status--neutral"[39m
              [36m>[39m
                [36m<span[39m
                  [33maria-hidden[39m=[32m"true"[39m
                [36m/>[39m
                [0mIN_REVIEW?[0m
              [36m</span>[39m
              [36m<button[39m
                [33maria-label[39m=[32m"Inspect Alpha project"[39m
                [33mclass[39m=[32m"ff-button ff-button--secondary "[39m
              [36m>[39m
                [0mInspect[0m
              [36m</button>[39m
            [36m</div>[39m
          [36m</section>[39m
        [36m</li>[39m
        [36m<li>[39m
          [36m<section[39m
            [33mclass[39m=[32m"ff-panel "[39m
          [36m>[39m
            [36m<header[39m
              [33mclass[39m=[32m"ff-panel__header"[39m
            [36m>[39m
              [36m<h2>[39m
                [0mAlpha project[0m
              [36m</h2>[39m
            [36m</header>[39m
            [36m<div[39m
              [33mclass[39m=[32m"ff-panel__body"[39m
            [36m>[39m
              [36m<p[39m
                [33mclass[39m=[32m"ff-project-description"[39m
              [36m>[39m
                [0m&lt;b&gt;opaque description&lt;/b&gt;[0m
              [36m</p>[39m
              [36m<span[39m
                [33mclass[39m=[32m"ff-status ff-status--neutral"[39m
              [36m>[39m
                [36m<span[39m
                  [33maria-hidden[39m=[32m"true"[39m
                [36m/>[39m
                [0mIN_REVIEW?[0m
              [36m</span>[39m
              [36m<button[39m
                [33maria-label[39m=[32m"Inspect Alpha project"[39m
                [33mclass[39m=[32m"ff-button ff-button--secondary "[39m
              [36m>[39m
                [0mInspect[0m
              [36m</button>[39m
            [36m</div>[39m
          [36m</section>[39m
        [36m</li>[39m
        [36m<li>[39m
          [36m<section[39m
            [33mclass[39m=[32m"ff-panel "[39m
          [36m>[39m
            [36m<header[39m
              [33mclass[39m=[32m"ff-panel__header"[39m
            [36m>[39m
              [36m<h2>[39m
                [0mZeta &lt;project&gt;[0m
              [36m</h2>[39m
            [36m</header>[39m
            [36m<div[39m
              [33mclass[39m=[32m"ff-panel__body"[39m
            [36m>[39m
              [36m<p[39m
                [33mclass[39m=[32m"ff-project-description"[39m
              [36m>[39m
                [0mdescription literal 原文[0m
              [36m</p>[39m
              [36m<span[39m
                [33mclass[39m=[32m"ff-status ff-status--neutral"[39m
              [36m>[39m
                [36m<span[39m
                  [33maria-hidden[39m=[32m"true"[39m
                [36m/>[39m
                [0mfuture::READY&lt;script&gt;[0m
              [36m</span>[39m
              [36m<button[39m
                [33maria-label[39m=[32m"Inspect Zeta <project>"[39m
                [33mclass[39m=[32m"ff-button ff-button--secondary "[39m
              [36m>[39m
                [0mInspect[0m
              [36m</button>[39m
            [36m</div>[39m
          [36m</section>[39m
        [36m</li>[39m
      [36m</ul>[39m
    [36m</section>[39m
  [36m</div>[39m
[36m</body>[39m
   × Workspace recent Project discovery and inspection > clears content and presents the exact denied failure without simulation fallback 1016ms
     → Found multiple elements with the role "button" and name "Inspect Alpha project"

Here are the matching elements:

Ignored nodes: comments, script, style
[36m<button[39m
  [33maria-label[39m=[32m"Inspect Alpha project"[39m
  [33mclass[39m=[32m"ff-button ff-button--secondary "[39m
[36m>[39m
  [0mInspect[0m
[36m</button>[39m

Ignored nodes: comments, script, style
[36m<button[39m
  [33maria-label[39m=[32m"Inspect Alpha project"[39m
  [33mclass[39m=[32m"ff-button ff-button--secondary "[39m
[36m>[39m
  [0mInspect[0m
[36m</button>[39m

(If this is intentional, then use the `*AllBy*` variant of the query (like `queryAllByText`, `getAllByText`, or `findAllByText`)).

Ignored nodes: comments, script, style
[36m<body>[39m
  [36m<div>[39m
    [36m<section[39m
      [33maria-label[39m=[32m"Workspace recent projects"[39m
      [33mclass[39m=[32m"ff-project-browser"[39m
    [36m>[39m
      [36m<header[39m
        [33mclass[39m=[32m"ff-project-browser-heading"[39m
      [36m>[39m
        [36m<div>[39m
          [36m<span>[39m
            [0mWorkspace · read-only[0m
          [36m</span>[39m
          [36m<h1>[39m
            [0mRecent projects[0m
          [36m</h1>[39m
          [36m<p>[39m
            [0mFind and inspect a bounded snapshot of recent work. This view cannot open, create, or change projects.[0m
          [36m</p>[39m
        [36m</div>[39m
        [36m<button[39m
          [33mclass[39m=[32m"ff-button ff-button--secondary "[39m
        [36m>[39m
          [0mRefresh recent projects[0m
        [36m</button>[39m
      [36m</header>[39m
      [36m<p[39m
        [33mclass[39m=[32m"ff-project-origin ff-project-origin--real"[39m
      [36m>[39m
        [36m<span[39m
          [33mclass[39m=[32m"ff-badge ff-badge--neutral"[39m
        [36m>[39m
          [0mCONNECTED READ-ONLY SOURCE · access is supplied by the host application[0m
        [36m</span>[39m
      [36m</p>[39m
      [36m<p[39m
        [33mclass[39m=[32m"ff-project-boundary"[39m
      [36m>[39m
        [0mThis is a recent snapshot, not a full project inventory. Project opening and creation remain unavailable.[0m
      [36m</p>[39m
      [36m<div[39m
        [33mclass[39m=[32m"ff-project-controls"[39m
      [36m>[39m
        [36m<input[39m
          [33maria-label[39m=[32m"Search recent projects"[39m
          [33mclass[39m=[32m"ff-input "[39m
          [33mplaceholder[39m=[32m"Search name or description"[39m
          [33mtype[39m=[32m"search"[39m
          [33mvalue[39m=[32m""[39m
        [36m/>[39m
        [36m<label>[39m
          [0mProjected status[0m
          [36m<select>[39m
            [36m<option[39m
              [33mvalue[39m=[32m""[39m
            [36m>[39m
              [0mAll projected statuses[0m
            [36m</option>[39m
            [36m<option[39m
              [33mvalue[39m=[32m"IN_REVIEW?"[39m
            [36m>[39m
              [0mIN_REVIEW?[0m
            [36m</option>[39m
            [36m<option[39m
              [33mvalue[39m=[32m"future::READY<script>"[39m
            [36m>[39m
              [0mfuture::READY&lt;script&gt;[0m
            [36m</option>[39m
          [36m</select>[39m
        [36m</label>[39m
        [36m<label>[39m
          [0mSort recent projects[0m
          [36m<select>[39m
            [36m<option[39m
              [33mvalue[39m=[32m"name-asc"[39m
            [36m>[39m
              [0mName A–Z[0m
            [36m</option>[39m
            [36m<option[39m
              [33mvalue[39m=[32m"name-desc"[39m
            [36m>[39m
              [0mName Z–A[0m
            [36m</option>[39m
          [36m</select>[39m
        [36m</label>[39m
      [36m</div>[39m
      [36m<p[39m
        [33maria-live[39m=[32m"polite"[39m
        [33mrole[39m=[32m"status"[39m
      [36m>[39m
        [0m3 recent projects loaded · bounded recent snapshot.[0m
      [36m</p>[39m
      [36m<ul[39m
        [33maria-label[39m=[32m"Recent project snapshot"[39m
        [33mclass[39m=[32m"ff-project-browser-list"[39m
      [36m>[39m
        [36m<li>[39m
          [36m<section[39m
            [33mclass[39m=[32m"ff-panel "[39m
          [36m>[39m
            [36m<header[39m
              [33mclass[39m=[32m"ff-panel__header"[39m
            [36m>[39m
              [36m<h2>[39m
                [0mAlpha project[0m
              [36m</h2>[39m
            [36m</header>[39m
            [36m<div[39m
              [33mclass[39m=[32m"ff-panel__body"[39m
            [36m>[39m
              [36m<p[39m
                [33mclass[39m=[32m"ff-project-description"[39m
              [36m>[39m
                [0mNo description projected.[0m
              [36m</p>[39m
              [36m<span[39m
                [33mclass[39m=[32m"ff-status ff-status--neutral"[39m
              [36m>[39m
                [36m<span[39m
                  [33maria-hidden[39m=[32m"true"[39m
                [36m/>[39m
                [0mIN_REVIEW?[0m
              [36m</span>[39m
              [36m<button[39m
                [33maria-label[39m=[32m"Inspect Alpha project"[39m
                [33mclass[39m=[32m"ff-button ff-button--secondary "[39m
              [36m>[39m
                [0mInspect[0m
              [36m</button>[39m
            [36m</div>[39m
          [36m</section>[39m
        [36m</li>[39m
        [36m<li>[39m
          [36m<section[39m
            [33mclass[39m=[32m"ff-panel "[39m
          [36m>[39m
            [36m<header[39m
              [33mclass[39m=[32m"ff-panel__header"[39m
            [36m>[39m
              [36m<h2>[39m
                [0mAlpha project[0m
              [36m</h2>[39m
            [36m</header>[39m
            [36m<div[39m
              [33mclass[39m=[32m"ff-panel__body"[39m
            [36m>[39m
              [36m<p[39m
                [33mclass[39m=[32m"ff-project-description"[39m
              [36m>[39m
                [0m&lt;b&gt;opaque description&lt;/b&gt;[0m
              [36m</p>[39m
              [36m<span[39m
                [33mclass[39m=[32m"ff-status ff-status--neutral"[39m
              [36m>[39m
                [36m<span[39m
                  [33maria-hidden[39m=[32m"true"[39m
                [36m/>[39m
                [0mIN_REVIEW?[0m
              [36m</span>[39m
              [36m<button[39m
                [33maria-label[39m=[32m"Inspect Alpha project"[39m
                [33mclass[39m=[32m"ff-button ff-button--secondary "[39m
              [36m>[39m
                [0mInspect[0m
              [36m</button>[39m
            [36m</div>[39m
          [36m</section>[39m
        [36m</li>[39m
        [36m<li>[39m
          [36m<section[39m
            [33mclass[39m=[32m"ff-panel "[39m
          [36m>[39m
            [36m<header[39m
              [33mclass[39m=[32m"ff-panel__header"[39m
            [36m>[39m
              [36m<h2>[39m
                [0mZeta &lt;project&gt;[0m
              [36m</h2>[39m
            [36m</header>[39m
            [36m<div[39m
              [33mclass[39m=[32m"ff-panel__body"[39m
            [36m>[39m
              [36m<p[39m
                [33mclass[39m=[32m"ff-project-description"[39m
              [36m>[39m
                [0mdescription literal 原文[0m
              [36m</p>[39m
              [36m<span[39m
                [33mclass[39m=[32m"ff-status ff-status--neutral"[39m
              [36m>[39m
                [36m<span[39m
                  [33maria-hidden[39m=[32m"true"[39m
                [36m/>[39m
                [0mfuture::READY&lt;script&gt;[0m
              [36m</span>[39m
              [36m<button[39m
                [33maria-label[39m=[32m"Inspect Zeta <project>"[39m
                [33mclass[39m=[32m"ff-button ff-button--secondary "[39m
              [36m>[39m
                [0mInspect[0m
              [36m</button>[39m
            [36m</div>[39m
          [36m</section>[39m
        [36m</li>[39m
      [36m</ul>[39m
    [36m</section>[39m
  [36m</div>[39m
[36m</body>[39m

Ignored nodes: comments, script, style
[36m<body>[39m
  [36m<div>[39m
    [36m<section[39m
      [33maria-label[39m=[32m"Workspace recent projects"[39m
      [33mclass[39m=[32m"ff-project-browser"[39m
    [36m>[39m
      [36m<header[39m
        [33mclass[39m=[32m"ff-project-browser-heading"[39m
      [36m>[39m
        [36m<div>[39m
          [36m<span>[39m
            [0mWorkspace · read-only[0m
          [36m</span>[39m
          [36m<h1>[39m
            [0mRecent projects[0m
          [36m</h1>[39m
          [36m<p>[39m
            [0mFind and inspect a bounded snapshot of recent work. This view cannot open, create, or change projects.[0m
          [36m</p>[39m
        [36m</div>[39m
        [36m<button[39m
          [33mclass[39m=[32m"ff-button ff-button--secondary "[39m
        [36m>[39m
          [0mRefresh recent projects[0m
        [36m</button>[39m
      [36m</header>[39m
      [36m<p[39m
        [33mclass[39m=[32m"ff-project-origin ff-project-origin--real"[39m
      [36m>[39m
        [36m<span[39m
          [33mclass[39m=[32m"ff-badge ff-badge--neutral"[39m
        [36m>[39m
          [0mCONNECTED READ-ONLY SOURCE · access is supplied by the host application[0m
        [36m</span>[39m
      [36m</p>[39m
      [36m<p[39m
        [33mclass[39m=[32m"ff-project-boundary"[39m
      [36m>[39m
        [0mThis is a recent snapshot, not a full project inventory. Project opening and creation remain unavailable.[0m
      [36m</p>[39m
      [36m<div[39m
        [33mclass[39m=[32m"ff-project-controls"[39m
      [36m>[39m
        [36m<input[39m
          [33maria-label[39m=[32m"Search recent projects"[39m
          [33mclass[39m=[32m"ff-input "[39m
          [33mplaceholder[39m=[32m"Search name or description"[39m
          [33mtype[39m=[32m"search"[39m
          [33mvalue[39m=[32m""[39m
        [36m/>[39m
        [36m<label>[39m
          [0mProjected status[0m
          [36m<select>[39m
            [36m<option[39m
              [33mvalue[39m=[32m""[39m
            [36m>[39m
              [0mAll projected statuses[0m
            [36m</option>[39m
            [36m<option[39m
              [33mvalue[39m=[32m"IN_REVIEW?"[39m
            [36m>[39m
              [0mIN_REVIEW?[0m
            [36m</option>[39m
            [36m<option[39m
              [33mvalue[39m=[32m"future::READY<script>"[39m
            [36m>[39m
              [0mfuture::READY&lt;script&gt;[0m
            [36m</option>[39m
          [36m</select>[39m
        [36m</label>[39m
        [36m<label>[39m
          [0mSort recent projects[0m
          [36m<select>[39m
            [36m<option[39m
              [33mvalue[39m=[32m"name-asc"[39m
            [36m>[39m
              [0mName A–Z[0m
            [36m</option>[39m
            [36m<option[39m
              [33mvalue[39m=[32m"name-desc"[39m
            [36m>[39m
              [0mName Z–A[0m
            [36m</option>[39m
          [36m</select>[39m
        [36m</label>[39m
      [36m</div>[39m
      [36m<p[39m
        [33maria-live[39m=[32m"polite"[39m
        [33mrole[39m=[32m"status"[39m
      [36m>[39m
        [0m3 recent projects loaded · bounded recent snapshot.[0m
      [36m</p>[39m
      [36m<ul[39m
        [33maria-label[39m=[32m"Recent project snapshot"[39m
        [33mclass[39m=[32m"ff-project-browser-list"[39m
      [36m>[39m
        [36m<li>[39m
          [36m<section[39m
            [33mclass[39m=[32m"ff-panel "[39m
          [36m>[39m
            [36m<header[39m
              [33mclass[39m=[32m"ff-panel__header"[39m
            [36m>[39m
              [36m<h2>[39m
                [0mAlpha project[0m
              [36m</h2>[39m
            [36m</header>[39m
            [36m<div[39m
              [33mclass[39m=[32m"ff-panel__body"[39m
            [36m>[39m
              [36m<p[39m
                [33mclass[39m=[32m"ff-project-description"[39m
              [36m>[39m
                [0mNo description projected.[0m
              [36m</p>[39m
              [36m<span[39m
                [33mclass[39m=[32m"ff-status ff-status--neutral"[39m
              [36m>[39m
                [36m<span[39m
                  [33maria-hidden[39m=[32m"true"[39m
                [36m/>[39m
                [0mIN_REVIEW?[0m
              [36m</span>[39m
              [36m<button[39m
                [33maria-label[39m=[32m"Inspect Alpha project"[39m
                [33mclass[39m=[32m"ff-button ff-button--secondary "[39m
              [36m>[39m
                [0mInspect[0m
              [36m</button>[39m
            [36m</div>[39m
          [36m</section>[39m
        [36m</li>[39m
        [36m<li>[39m
          [36m<section[39m
            [33mclass[39m=[32m"ff-panel "[39m
          [36m>[39m
            [36m<header[39m
              [33mclass[39m=[32m"ff-panel__header"[39m
            [36m>[39m
              [36m<h2>[39m
                [0mAlpha project[0m
              [36m</h2>[39m
            [36m</header>[39m
            [36m<div[39m
              [33mclass[39m=[32m"ff-panel__body"[39m
            [36m>[39m
              [36m<p[39m
                [33mclass[39m=[32m"ff-project-description"[39m
              [36m>[39m
                [0m&lt;b&gt;opaque description&lt;/b&gt;[0m
              [36m</p>[39m
              [36m<span[39m
                [33mclass[39m=[32m"ff-status ff-status--neutral"[39m
              [36m>[39m
                [36m<span[39m
                  [33maria-hidden[39m=[32m"true"[39m
                [36m/>[39m
                [0mIN_REVIEW?[0m
              [36m</span>[39m
              [36m<button[39m
                [33maria-label[39m=[32m"Inspect Alpha project"[39m
                [33mclass[39m=[32m"ff-button ff-button--secondary "[39m
              [36m>[39m
                [0mInspect[0m
              [36m</button>[39m
            [36m</div>[39m
          [36m</section>[39m
        [36m</li>[39m
        [36m<li>[39m
          [36m<section[39m
            [33mclass[39m=[32m"ff-panel "[39m
          [36m>[39m
            [36m<header[39m
              [33mclass[39m=[32m"ff-panel__header"[39m
            [36m>[39m
              [36m<h2>[39m
                [0mZeta &lt;project&gt;[0m
              [36m</h2>[39m
            [36m</header>[39m
            [36m<div[39m
              [33mclass[39m=[32m"ff-panel__body"[39m
            [36m>[39m
              [36m<p[39m
                [33mclass[39m=[32m"ff-project-description"[39m
              [36m>[39m
                [0mdescription literal 原文[0m
              [36m</p>[39m
              [36m<span[39m
                [33mclass[39m=[32m"ff-status ff-status--neutral"[39m
              [36m>[39m
                [36m<span[39m
                  [33maria-hidden[39m=[32m"true"[39m
                [36m/>[39m
                [0mfuture::READY&lt;script&gt;[0m
              [36m</span>[39m
              [36m<button[39m
                [33maria-label[39m=[32m"Inspect Zeta <project>"[39m
                [33mclass[39m=[32m"ff-button ff-button--secondary "[39m
              [36m>[39m
                [0mInspect[0m
              [36m</button>[39m
            [36m</div>[39m
          [36m</section>[39m
        [36m</li>[39m
      [36m</ul>[39m
    [36m</section>[39m
  [36m</div>[39m
[36m</body>[39m
   × Workspace recent Project discovery and inspection > clears content and presents the exact unknown failure without simulation fallback 1015ms
     → Found multiple elements with the role "button" and name "Inspect Alpha project"

Here are the matching elements:

Ignored nodes: comments, script, style
[36m<button[39m
  [33maria-label[39m=[32m"Inspect Alpha project"[39m
  [33mclass[39m=[32m"ff-button ff-button--secondary "[39m
[36m>[39m
  [0mInspect[0m
[36m</button>[39m

Ignored nodes: comments, script, style
[36m<button[39m
  [33maria-label[39m=[32m"Inspect Alpha project"[39m
  [33mclass[39m=[32m"ff-button ff-button--secondary "[39m
[36m>[39m
  [0mInspect[0m
[36m</button>[39m

(If this is intentional, then use the `*AllBy*` variant of the query (like `queryAllByText`, `getAllByText`, or `findAllByText`)).

Ignored nodes: comments, script, style
[36m<body>[39m
  [36m<div>[39m
    [36m<section[39m
      [33maria-label[39m=[32m"Workspace recent projects"[39m
      [33mclass[39m=[32m"ff-project-browser"[39m
    [36m>[39m
      [36m<header[39m
        [33mclass[39m=[32m"ff-project-browser-heading"[39m
      [36m>[39m
        [36m<div>[39m
          [36m<span>[39m
            [0mWorkspace · read-only[0m
          [36m</span>[39m
          [36m<h1>[39m
            [0mRecent projects[0m
          [36m</h1>[39m
          [36m<p>[39m
            [0mFind and inspect a bounded snapshot of recent work. This view cannot open, create, or change projects.[0m
          [36m</p>[39m
        [36m</div>[39m
        [36m<button[39m
          [33mclass[39m=[32m"ff-button ff-button--secondary "[39m
        [36m>[39m
          [0mRefresh recent projects[0m
        [36m</button>[39m
      [36m</header>[39m
      [36m<p[39m
        [33mclass[39m=[32m"ff-project-origin ff-project-origin--real"[39m
      [36m>[39m
        [36m<span[39m
          [33mclass[39m=[32m"ff-badge ff-badge--neutral"[39m
        [36m>[39m
          [0mCONNECTED READ-ONLY SOURCE · access is supplied by the host application[0m
        [36m</span>[39m
      [36m</p>[39m
      [36m<p[39m
        [33mclass[39m=[32m"ff-project-boundary"[39m
      [36m>[39m
        [0mThis is a recent snapshot, not a full project inventory. Project opening and creation remain unavailable.[0m
      [36m</p>[39m
      [36m<div[39m
        [33mclass[39m=[32m"ff-project-controls"[39m
      [36m>[39m
        [36m<input[39m
          [33maria-label[39m=[32m"Search recent projects"[39m
          [33mclass[39m=[32m"ff-input "[39m
          [33mplaceholder[39m=[32m"Search name or description"[39m
          [33mtype[39m=[32m"search"[39m
          [33mvalue[39m=[32m""[39m
        [36m/>[39m
        [36m<label>[39m
          [0mProjected status[0m
          [36m<select>[39m
            [36m<option[39m
              [33mvalue[39m=[32m""[39m
            [36m>[39m
              [0mAll projected statuses[0m
            [36m</option>[39m
            [36m<option[39m
              [33mvalue[39m=[32m"IN_REVIEW?"[39m
            [36m>[39m
              [0mIN_REVIEW?[0m
            [36m</option>[39m
            [36m<option[39m
              [33mvalue[39m=[32m"future::READY<script>"[39m
            [36m>[39m
              [0mfuture::READY&lt;script&gt;[0m
            [36m</option>[39m
          [36m</select>[39m
        [36m</label>[39m
        [36m<label>[39m
          [0mSort recent projects[0m
          [36m<select>[39m
            [36m<option[39m
              [33mvalue[39m=[32m"name-asc"[39m
            [36m>[39m
              [0mName A–Z[0m
            [36m</option>[39m
            [36m<option[39m
              [33mvalue[39m=[32m"name-desc"[39m
            [36m>[39m
              [0mName Z–A[0m
            [36m</option>[39m
          [36m</select>[39m
        [36m</label>[39m
      [36m</div>[39m
      [36m<p[39m
        [33maria-live[39m=[32m"polite"[39m
        [33mrole[39m=[32m"status"[39m
      [36m>[39m
        [0m3 recent projects loaded · bounded recent snapshot.[0m
      [36m</p>[39m
      [36m<ul[39m
        [33maria-label[39m=[32m"Recent project snapshot"[39m
        [33mclass[39m=[32m"ff-project-browser-list"[39m
      [36m>[39m
        [36m<li>[39m
          [36m<section[39m
            [33mclass[39m=[32m"ff-panel "[39m
          [36m>[39m
            [36m<header[39m
              [33mclass[39m=[32m"ff-panel__header"[39m
            [36m>[39m
              [36m<h2>[39m
                [0mAlpha project[0m
              [36m</h2>[39m
            [36m</header>[39m
            [36m<div[39m
              [33mclass[39m=[32m"ff-panel__body"[39m
            [36m>[39m
              [36m<p[39m
                [33mclass[39m=[32m"ff-project-description"[39m
              [36m>[39m
                [0mNo description projected.[0m
              [36m</p>[39m
              [36m<span[39m
                [33mclass[39m=[32m"ff-status ff-status--neutral"[39m
              [36m>[39m
                [36m<span[39m
                  [33maria-hidden[39m=[32m"true"[39m
                [36m/>[39m
                [0mIN_REVIEW?[0m
              [36m</span>[39m
              [36m<button[39m
                [33maria-label[39m=[32m"Inspect Alpha project"[39m
                [33mclass[39m=[32m"ff-button ff-button--secondary "[39m
              [36m>[39m
                [0mInspect[0m
              [36m</button>[39m
            [36m</div>[39m
          [36m</section>[39m
        [36m</li>[39m
        [36m<li>[39m
          [36m<section[39m
            [33mclass[39m=[32m"ff-panel "[39m
          [36m>[39m
            [36m<header[39m
              [33mclass[39m=[32m"ff-panel__header"[39m
            [36m>[39m
              [36m<h2>[39m
                [0mAlpha project[0m
              [36m</h2>[39m
            [36m</header>[39m
            [36m<div[39m
              [33mclass[39m=[32m"ff-panel__body"[39m
            [36m>[39m
              [36m<p[39m
                [33mclass[39m=[32m"ff-project-description"[39m
              [36m>[39m
                [0m&lt;b&gt;opaque description&lt;/b&gt;[0m
              [36m</p>[39m
              [36m<span[39m
                [33mclass[39m=[32m"ff-status ff-status--neutral"[39m
              [36m>[39m
                [36m<span[39m
                  [33maria-hidden[39m=[32m"true"[39m
                [36m/>[39m
                [0mIN_REVIEW?[0m
              [36m</span>[39m
              [36m<button[39m
                [33maria-label[39m=[32m"Inspect Alpha project"[39m
                [33mclass[39m=[32m"ff-button ff-button--secondary "[39m
              [36m>[39m
                [0mInspect[0m
              [36m</button>[39m
            [36m</div>[39m
          [36m</section>[39m
        [36m</li>[39m
        [36m<li>[39m
          [36m<section[39m
            [33mclass[39m=[32m"ff-panel "[39m
          [36m>[39m
            [36m<header[39m
              [33mclass[39m=[32m"ff-panel__header"[39m
            [36m>[39m
              [36m<h2>[39m
                [0mZeta &lt;project&gt;[0m
              [36m</h2>[39m
            [36m</header>[39m
            [36m<div[39m
              [33mclass[39m=[32m"ff-panel__body"[39m
            [36m>[39m
              [36m<p[39m
                [33mclass[39m=[32m"ff-project-description"[39m
              [36m>[39m
                [0mdescription literal 原文[0m
              [36m</p>[39m
              [36m<span[39m
                [33mclass[39m=[32m"ff-status ff-status--neutral"[39m
              [36m>[39m
                [36m<span[39m
                  [33maria-hidden[39m=[32m"true"[39m
                [36m/>[39m
                [0mfuture::READY&lt;script&gt;[0m
              [36m</span>[39m
              [36m<button[39m
                [33maria-label[39m=[32m"Inspect Zeta <project>"[39m
                [33mclass[39m=[32m"ff-button ff-button--secondary "[39m
              [36m>[39m
                [0mInspect[0m
              [36m</button>[39m
            [36m</div>[39m
          [36m</section>[39m
        [36m</li>[39m
      [36m</ul>[39m
    [36m</section>[39m
  [36m</div>[39m
[36m</body>[39m

Ignored nodes: comments, script, style
[36m<body>[39m
  [36m<div>[39m
    [36m<section[39m
      [33maria-label[39m=[32m"Workspace recent projects"[39m
      [33mclass[39m=[32m"ff-project-browser"[39m
    [36m>[39m
      [36m<header[39m
        [33mclass[39m=[32m"ff-project-browser-heading"[39m
      [36m>[39m
        [36m<div>[39m
          [36m<span>[39m
            [0mWorkspace · read-only[0m
          [36m</span>[39m
          [36m<h1>[39m
            [0mRecent projects[0m
          [36m</h1>[39m
          [36m<p>[39m
            [0mFind and inspect a bounded snapshot of recent work. This view cannot open, create, or change projects.[0m
          [36m</p>[39m
        [36m</div>[39m
        [36m<button[39m
          [33mclass[39m=[32m"ff-button ff-button--secondary "[39m
        [36m>[39m
          [0mRefresh recent projects[0m
        [36m</button>[39m
      [36m</header>[39m
      [36m<p[39m
        [33mclass[39m=[32m"ff-project-origin ff-project-origin--real"[39m
      [36m>[39m
        [36m<span[39m
          [33mclass[39m=[32m"ff-badge ff-badge--neutral"[39m
        [36m>[39m
          [0mCONNECTED READ-ONLY SOURCE · access is supplied by the host application[0m
        [36m</span>[39m
      [36m</p>[39m
      [36m<p[39m
        [33mclass[39m=[32m"ff-project-boundary"[39m
      [36m>[39m
        [0mThis is a recent snapshot, not a full project inventory. Project opening and creation remain unavailable.[0m
      [36m</p>[39m
      [36m<div[39m
        [33mclass[39m=[32m"ff-project-controls"[39m
      [36m>[39m
        [36m<input[39m
          [33maria-label[39m=[32m"Search recent projects"[39m
          [33mclass[39m=[32m"ff-input "[39m
          [33mplaceholder[39m=[32m"Search name or description"[39m
          [33mtype[39m=[32m"search"[39m
          [33mvalue[39m=[32m""[39m
        [36m/>[39m
        [36m<label>[39m
          [0mProjected status[0m
          [36m<select>[39m
            [36m<option[39m
              [33mvalue[39m=[32m""[39m
            [36m>[39m
              [0mAll projected statuses[0m
            [36m</option>[39m
            [36m<option[39m
              [33mvalue[39m=[32m"IN_REVIEW?"[39m
            [36m>[39m
              [0mIN_REVIEW?[0m
            [36m</option>[39m
            [36m<option[39m
              [33mvalue[39m=[32m"future::READY<script>"[39m
            [36m>[39m
              [0mfuture::READY&lt;script&gt;[0m
            [36m</option>[39m
          [36m</select>[39m
        [36m</label>[39m
        [36m<label>[39m
          [0mSort recent projects[0m
          [36m<select>[39m
            [36m<option[39m
              [33mvalue[39m=[32m"name-asc"[39m
            [36m>[39m
              [0mName A–Z[0m
            [36m</option>[39m
            [36m<option[39m
              [33mvalue[39m=[32m"name-desc"[39m
            [36m>[39m
              [0mName Z–A[0m
            [36m</option>[39m
          [36m</select>[39m
        [36m</label>[39m
      [36m</div>[39m
      [36m<p[39m
        [33maria-live[39m=[32m"polite"[39m
        [33mrole[39m=[32m"status"[39m
      [36m>[39m
        [0m3 recent projects loaded · bounded recent snapshot.[0m
      [36m</p>[39m
      [36m<ul[39m
        [33maria-label[39m=[32m"Recent project snapshot"[39m
        [33mclass[39m=[32m"ff-project-browser-list"[39m
      [36m>[39m
        [36m<li>[39m
          [36m<section[39m
            [33mclass[39m=[32m"ff-panel "[39m
          [36m>[39m
            [36m<header[39m
              [33mclass[39m=[32m"ff-panel__header"[39m
            [36m>[39m
              [36m<h2>[39m
                [0mAlpha project[0m
              [36m</h2>[39m
            [36m</header>[39m
            [36m<div[39m
              [33mclass[39m=[32m"ff-panel__body"[39m
            [36m>[39m
              [36m<p[39m
                [33mclass[39m=[32m"ff-project-description"[39m
              [36m>[39m
                [0mNo description projected.[0m
              [36m</p>[39m
              [36m<span[39m
                [33mclass[39m=[32m"ff-status ff-status--neutral"[39m
              [36m>[39m
                [36m<span[39m
                  [33maria-hidden[39m=[32m"true"[39m
                [36m/>[39m
                [0mIN_REVIEW?[0m
              [36m</span>[39m
              [36m<button[39m
                [33maria-label[39m=[32m"Inspect Alpha project"[39m
                [33mclass[39m=[32m"ff-button ff-button--secondary "[39m
              [36m>[39m
                [0mInspect[0m
              [36m</button>[39m
            [36m</div>[39m
          [36m</section>[39m
        [36m</li>[39m
        [36m<li>[39m
          [36m<section[39m
            [33mclass[39m=[32m"ff-panel "[39m
          [36m>[39m
            [36m<header[39m
              [33mclass[39m=[32m"ff-panel__header"[39m
            [36m>[39m
              [36m<h2>[39m
                [0mAlpha project[0m
              [36m</h2>[39m
            [36m</header>[39m
            [36m<div[39m
              [33mclass[39m=[32m"ff-panel__body"[39m
            [36m>[39m
              [36m<p[39m
                [33mclass[39m=[32m"ff-project-description"[39m
              [36m>[39m
                [0m&lt;b&gt;opaque description&lt;/b&gt;[0m
              [36m</p>[39m
              [36m<span[39m
                [33mclass[39m=[32m"ff-status ff-status--neutral"[39m
              [36m>[39m
                [36m<span[39m
                  [33maria-hidden[39m=[32m"true"[39m
                [36m/>[39m
                [0mIN_REVIEW?[0m
              [36m</span>[39m
              [36m<button[39m
                [33maria-label[39m=[32m"Inspect Alpha project"[39m
                [33mclass[39m=[32m"ff-button ff-button--secondary "[39m
              [36m>[39m
                [0mInspect[0m
              [36m</button>[39m
            [36m</div>[39m
          [36m</section>[39m
        [36m</li>[39m
        [36m<li>[39m
          [36m<section[39m
            [33mclass[39m=[32m"ff-panel "[39m
          [36m>[39m
            [36m<header[39m
              [33mclass[39m=[32m"ff-panel__header"[39m
            [36m>[39m
              [36m<h2>[39m
                [0mZeta &lt;project&gt;[0m
              [36m</h2>[39m
            [36m</header>[39m
            [36m<div[39m
              [33mclass[39m=[32m"ff-panel__body"[39m
            [36m>[39m
              [36m<p[39m
                [33mclass[39m=[32m"ff-project-description"[39m
              [36m>[39m
                [0mdescription literal 原文[0m
              [36m</p>[39m
              [36m<span[39m
                [33mclass[39m=[32m"ff-status ff-status--neutral"[39m
              [36m>[39m
                [36m<span[39m
                  [33maria-hidden[39m=[32m"true"[39m
                [36m/>[39m
                [0mfuture::READY&lt;script&gt;[0m
              [36m</span>[39m
              [36m<button[39m
                [33maria-label[39m=[32m"Inspect Zeta <project>"[39m
                [33mclass[39m=[32m"ff-button ff-button--secondary "[39m
              [36m>[39m
                [0mInspect[0m
              [36m</button>[39m
            [36m</div>[39m
          [36m</section>[39m
        [36m</li>[39m
      [36m</ul>[39m
    [36m</section>[39m
  [36m</div>[39m
[36m</body>[39m
   × Workspace recent Project discovery and inspection > clears content and presents the exact unsupported failure without simulation fallback 1017ms
     → Found multiple elements with the role "button" and name "Inspect Alpha project"

Here are the matching elements:

Ignored nodes: comments, script, style
[36m<button[39m
  [33maria-label[39m=[32m"Inspect Alpha project"[39m
  [33mclass[39m=[32m"ff-button ff-button--secondary "[39m
[36m>[39m
  [0mInspect[0m
[36m</button>[39m

Ignored nodes: comments, script, style
[36m<button[39m
  [33maria-label[39m=[32m"Inspect Alpha project"[39m
  [33mclass[39m=[32m"ff-button ff-button--secondary "[39m
[36m>[39m
  [0mInspect[0m
[36m</button>[39m

(If this is intentional, then use the `*AllBy*` variant of the query (like `queryAllByText`, `getAllByText`, or `findAllByText`)).

Ignored nodes: comments, script, style
[36m<body>[39m
  [36m<div>[39m
    [36m<section[39m
      [33maria-label[39m=[32m"Workspace recent projects"[39m
      [33mclass[39m=[32m"ff-project-browser"[39m
    [36m>[39m
      [36m<header[39m
        [33mclass[39m=[32m"ff-project-browser-heading"[39m
      [36m>[39m
        [36m<div>[39m
          [36m<span>[39m
            [0mWorkspace · read-only[0m
          [36m</span>[39m
          [36m<h1>[39m
            [0mRecent projects[0m
          [36m</h1>[39m
          [36m<p>[39m
            [0mFind and inspect a bounded snapshot of recent work. This view cannot open, create, or change projects.[0m
          [36m</p>[39m
        [36m</div>[39m
        [36m<button[39m
          [33mclass[39m=[32m"ff-button ff-button--secondary "[39m
        [36m>[39m
          [0mRefresh recent projects[0m
        [36m</button>[39m
      [36m</header>[39m
      [36m<p[39m
        [33mclass[39m=[32m"ff-project-origin ff-project-origin--real"[39m
      [36m>[39m
        [36m<span[39m
          [33mclass[39m=[32m"ff-badge ff-badge--neutral"[39m
        [36m>[39m
          [0mCONNECTED READ-ONLY SOURCE · access is supplied by the host application[0m
        [36m</span>[39m
      [36m</p>[39m
      [36m<p[39m
        [33mclass[39m=[32m"ff-project-boundary"[39m
      [36m>[39m
        [0mThis is a recent snapshot, not a full project inventory. Project opening and creation remain unavailable.[0m
      [36m</p>[39m
      [36m<div[39m
        [33mclass[39m=[32m"ff-project-controls"[39m
      [36m>[39m
        [36m<input[39m
          [33maria-label[39m=[32m"Search recent projects"[39m
          [33mclass[39m=[32m"ff-input "[39m
          [33mplaceholder[39m=[32m"Search name or description"[39m
          [33mtype[39m=[32m"search"[39m
          [33mvalue[39m=[32m""[39m
        [36m/>[39m
        [36m<label>[39m
          [0mProjected status[0m
          [36m<select>[39m
            [36m<option[39m
              [33mvalue[39m=[32m""[39m
            [36m>[39m
              [0mAll projected statuses[0m
            [36m</option>[39m
            [36m<option[39m
              [33mvalue[39m=[32m"IN_REVIEW?"[39m
            [36m>[39m
              [0mIN_REVIEW?[0m
            [36m</option>[39m
            [36m<option[39m
              [33mvalue[39m=[32m"future::READY<script>"[39m
            [36m>[39m
              [0mfuture::READY&lt;script&gt;[0m
            [36m</option>[39m
          [36m</select>[39m
        [36m</label>[39m
        [36m<label>[39m
          [0mSort recent projects[0m
          [36m<select>[39m
            [36m<option[39m
              [33mvalue[39m=[32m"name-asc"[39m
            [36m>[39m
              [0mName A–Z[0m
            [36m</option>[39m
            [36m<option[39m
              [33mvalue[39m=[32m"name-desc"[39m
            [36m>[39m
              [0mName Z–A[0m
            [36m</option>[39m
          [36m</select>[39m
        [36m</label>[39m
      [36m</div>[39m
      [36m<p[39m
        [33maria-live[39m=[32m"polite"[39m
        [33mrole[39m=[32m"status"[39m
      [36m>[39m
        [0m3 recent projects loaded · bounded recent snapshot.[0m
      [36m</p>[39m
      [36m<ul[39m
        [33maria-label[39m=[32m"Recent project snapshot"[39m
        [33mclass[39m=[32m"ff-project-browser-list"[39m
      [36m>[39m
        [36m<li>[39m
          [36m<section[39m
            [33mclass[39m=[32m"ff-panel "[39m
          [36m>[39m
            [36m<header[39m
              [33mclass[39m=[32m"ff-panel__header"[39m
            [36m>[39m
              [36m<h2>[39m
                [0mAlpha project[0m
              [36m</h2>[39m
            [36m</header>[39m
            [36m<div[39m
              [33mclass[39m=[32m"ff-panel__body"[39m
            [36m>[39m
              [36m<p[39m
                [33mclass[39m=[32m"ff-project-description"[39m
              [36m>[39m
                [0mNo description projected.[0m
              [36m</p>[39m
              [36m<span[39m
                [33mclass[39m=[32m"ff-status ff-status--neutral"[39m
              [36m>[39m
                [36m<span[39m
                  [33maria-hidden[39m=[32m"true"[39m
                [36m/>[39m
                [0mIN_REVIEW?[0m
              [36m</span>[39m
              [36m<button[39m
                [33maria-label[39m=[32m"Inspect Alpha project"[39m
                [33mclass[39m=[32m"ff-button ff-button--secondary "[39m
              [36m>[39m
                [0mInspect[0m
              [36m</button>[39m
            [36m</div>[39m
          [36m</section>[39m
        [36m</li>[39m
        [36m<li>[39m
          [36m<section[39m
            [33mclass[39m=[32m"ff-panel "[39m
          [36m>[39m
            [36m<header[39m
              [33mclass[39m=[32m"ff-panel__header"[39m
            [36m>[39m
              [36m<h2>[39m
                [0mAlpha project[0m
              [36m</h2>[39m
            [36m</header>[39m
            [36m<div[39m
              [33mclass[39m=[32m"ff-panel__body"[39m
            [36m>[39m
              [36m<p[39m
                [33mclass[39m=[32m"ff-project-description"[39m
              [36m>[39m
                [0m&lt;b&gt;opaque description&lt;/b&gt;[0m
              [36m</p>[39m
              [36m<span[39m
                [33mclass[39m=[32m"ff-status ff-status--neutral"[39m
              [36m>[39m
                [36m<span[39m
                  [33maria-hidden[39m=[32m"true"[39m
                [36m/>[39m
                [0mIN_REVIEW?[0m
              [36m</span>[39m
              [36m<button[39m
                [33maria-label[39m=[32m"Inspect Alpha project"[39m
                [33mclass[39m=[32m"ff-button ff-button--secondary "[39m
              [36m>[39m
                [0mInspect[0m
              [36m</button>[39m
            [36m</div>[39m
          [36m</section>[39m
        [36m</li>[39m
        [36m<li>[39m
          [36m<section[39m
            [33mclass[39m=[32m"ff-panel "[39m
          [36m>[39m
            [36m<header[39m
              [33mclass[39m=[32m"ff-panel__header"[39m
            [36m>[39m
              [36m<h2>[39m
                [0mZeta &lt;project&gt;[0m
              [36m</h2>[39m
            [36m</header>[39m
            [36m<div[39m
              [33mclass[39m=[32m"ff-panel__body"[39m
            [36m>[39m
              [36m<p[39m
                [33mclass[39m=[32m"ff-project-description"[39m
              [36m>[39m
                [0mdescription literal 原文[0m
              [36m</p>[39m
              [36m<span[39m
                [33mclass[39m=[32m"ff-status ff-status--neutral"[39m
              [36m>[39m
                [36m<span[39m
                  [33maria-hidden[39m=[32m"true"[39m
                [36m/>[39m
                [0mfuture::READY&lt;script&gt;[0m
              [36m</span>[39m
              [36m<button[39m
                [33maria-label[39m=[32m"Inspect Zeta <project>"[39m
                [33mclass[39m=[32m"ff-button ff-button--secondary "[39m
              [36m>[39m
                [0mInspect[0m
              [36m</button>[39m
            [36m</div>[39m
          [36m</section>[39m
        [36m</li>[39m
      [36m</ul>[39m
    [36m</section>[39m
  [36m</div>[39m
[36m</body>[39m

Ignored nodes: comments, script, style
[36m<body>[39m
  [36m<div>[39m
    [36m<section[39m
      [33maria-label[39m=[32m"Workspace recent projects"[39m
      [33mclass[39m=[32m"ff-project-browser"[39m
    [36m>[39m
      [36m<header[39m
        [33mclass[39m=[32m"ff-project-browser-heading"[39m
      [36m>[39m
        [36m<div>[39m
          [36m<span>[39m
            [0mWorkspace · read-only[0m
          [36m</span>[39m
          [36m<h1>[39m
            [0mRecent projects[0m
          [36m</h1>[39m
          [36m<p>[39m
            [0mFind and inspect a bounded snapshot of recent work. This view cannot open, create, or change projects.[0m
          [36m</p>[39m
        [36m</div>[39m
        [36m<button[39m
          [33mclass[39m=[32m"ff-button ff-button--secondary "[39m
        [36m>[39m
          [0mRefresh recent projects[0m
        [36m</button>[39m
      [36m</header>[39m
      [36m<p[39m
        [33mclass[39m=[32m"ff-project-origin ff-project-origin--real"[39m
      [36m>[39m
        [36m<span[39m
          [33mclass[39m=[32m"ff-badge ff-badge--neutral"[39m
        [36m>[39m
          [0mCONNECTED READ-ONLY SOURCE · access is supplied by the host application[0m
        [36m</span>[39m
      [36m</p>[39m
      [36m<p[39m
        [33mclass[39m=[32m"ff-project-boundary"[39m
      [36m>[39m
        [0mThis is a recent snapshot, not a full project inventory. Project opening and creation remain unavailable.[0m
      [36m</p>[39m
      [36m<div[39m
        [33mclass[39m=[32m"ff-project-controls"[39m
      [36m>[39m
        [36m<input[39m
          [33maria-label[39m=[32m"Search recent projects"[39m
          [33mclass[39m=[32m"ff-input "[39m
          [33mplaceholder[39m=[32m"Search name or description"[39m
          [33mtype[39m=[32m"search"[39m
          [33mvalue[39m=[32m""[39m
        [36m/>[39m
        [36m<label>[39m
          [0mProjected status[0m
          [36m<select>[39m
            [36m<option[39m
              [33mvalue[39m=[32m""[39m
            [36m>[39m
              [0mAll projected statuses[0m
            [36m</option>[39m
            [36m<option[39m
              [33mvalue[39m=[32m"IN_REVIEW?"[39m
            [36m>[39m
              [0mIN_REVIEW?[0m
            [36m</option>[39m
            [36m<option[39m
              [33mvalue[39m=[32m"future::READY<script>"[39m
            [36m>[39m
              [0mfuture::READY&lt;script&gt;[0m
            [36m</option>[39m
          [36m</select>[39m
        [36m</label>[39m
        [36m<label>[39m
          [0mSort recent projects[0m
          [36m<select>[39m
            [36m<option[39m
              [33mvalue[39m=[32m"name-asc"[39m
            [36m>[39m
              [0mName A–Z[0m
            [36m</option>[39m
            [36m<option[39m
              [33mvalue[39m=[32m"name-desc"[39m
            [36m>[39m
              [0mName Z–A[0m
            [36m</option>[39m
          [36m</select>[39m
        [36m</label>[39m
      [36m</div>[39m
      [36m<p[39m
        [33maria-live[39m=[32m"polite"[39m
        [33mrole[39m=[32m"status"[39m
      [36m>[39m
        [0m3 recent projects loaded · bounded recent snapshot.[0m
      [36m</p>[39m
      [36m<ul[39m
        [33maria-label[39m=[32m"Recent project snapshot"[39m
        [33mclass[39m=[32m"ff-project-browser-list"[39m
      [36m>[39m
        [36m<li>[39m
          [36m<section[39m
            [33mclass[39m=[32m"ff-panel "[39m
          [36m>[39m
            [36m<header[39m
              [33mclass[39m=[32m"ff-panel__header"[39m
            [36m>[39m
              [36m<h2>[39m
                [0mAlpha project[0m
              [36m</h2>[39m
            [36m</header>[39m
            [36m<div[39m
              [33mclass[39m=[32m"ff-panel__body"[39m
            [36m>[39m
              [36m<p[39m
                [33mclass[39m=[32m"ff-project-description"[39m
              [36m>[39m
                [0mNo description projected.[0m
              [36m</p>[39m
              [36m<span[39m
                [33mclass[39m=[32m"ff-status ff-status--neutral"[39m
              [36m>[39m
                [36m<span[39m
                  [33maria-hidden[39m=[32m"true"[39m
                [36m/>[39m
                [0mIN_REVIEW?[0m
              [36m</span>[39m
              [36m<button[39m
                [33maria-label[39m=[32m"Inspect Alpha project"[39m
                [33mclass[39m=[32m"ff-button ff-button--secondary "[39m
              [36m>[39m
                [0mInspect[0m
              [36m</button>[39m
            [36m</div>[39m
          [36m</section>[39m
        [36m</li>[39m
        [36m<li>[39m
          [36m<section[39m
            [33mclass[39m=[32m"ff-panel "[39m
          [36m>[39m
            [36m<header[39m
              [33mclass[39m=[32m"ff-panel__header"[39m
            [36m>[39m
              [36m<h2>[39m
                [0mAlpha project[0m
              [36m</h2>[39m
            [36m</header>[39m
            [36m<div[39m
              [33mclass[39m=[32m"ff-panel__body"[39m
            [36m>[39m
              [36m<p[39m
                [33mclass[39m=[32m"ff-project-description"[39m
              [36m>[39m
                [0m&lt;b&gt;opaque description&lt;/b&gt;[0m
              [36m</p>[39m
              [36m<span[39m
                [33mclass[39m=[32m"ff-status ff-status--neutral"[39m
              [36m>[39m
                [36m<span[39m
                  [33maria-hidden[39m=[32m"true"[39m
                [36m/>[39m
                [0mIN_REVIEW?[0m
              [36m</span>[39m
              [36m<button[39m
                [33maria-label[39m=[32m"Inspect Alpha project"[39m
                [33mclass[39m=[32m"ff-button ff-button--secondary "[39m
              [36m>[39m
                [0mInspect[0m
              [36m</button>[39m
            [36m</div>[39m
          [36m</section>[39m
        [36m</li>[39m
        [36m<li>[39m
          [36m<section[39m
            [33mclass[39m=[32m"ff-panel "[39m
          [36m>[39m
            [36m<header[39m
              [33mclass[39m=[32m"ff-panel__header"[39m
            [36m>[39m
              [36m<h2>[39m
                [0mZeta &lt;project&gt;[0m
              [36m</h2>[39m
            [36m</header>[39m
            [36m<div[39m
              [33mclass[39m=[32m"ff-panel__body"[39m
            [36m>[39m
              [36m<p[39m
                [33mclass[39m=[32m"ff-project-description"[39m
              [36m>[39m
                [0mdescription literal 原文[0m
              [36m</p>[39m
              [36m<span[39m
                [33mclass[39m=[32m"ff-status ff-status--neutral"[39m
              [36m>[39m
                [36m<span[39m
                  [33maria-hidden[39m=[32m"true"[39m
                [36m/>[39m
                [0mfuture::READY&lt;script&gt;[0m
              [36m</span>[39m
              [36m<button[39m
                [33maria-label[39m=[32m"Inspect Zeta <project>"[39m
                [33mclass[39m=[32m"ff-button ff-button--secondary "[39m
              [36m>[39m
                [0mInspect[0m
              [36m</button>[39m
            [36m</div>[39m
          [36m</section>[39m
        [36m</li>[39m
      [36m</ul>[39m
    [36m</section>[39m
  [36m</div>[39m
[36m</body>[39m
   × Workspace recent Project discovery and inspection > clears content and presents the exact error failure without simulation fallback 1017ms
     → Found multiple elements with the role "button" and name "Inspect Alpha project"

Here are the matching elements:

Ignored nodes: comments, script, style
[36m<button[39m
  [33maria-label[39m=[32m"Inspect Alpha project"[39m
  [33mclass[39m=[32m"ff-button ff-button--secondary "[39m
[36m>[39m
  [0mInspect[0m
[36m</button>[39m

Ignored nodes: comments, script, style
[36m<button[39m
  [33maria-label[39m=[32m"Inspect Alpha project"[39m
  [33mclass[39m=[32m"ff-button ff-button--secondary "[39m
[36m>[39m
  [0mInspect[0m
[36m</button>[39m

(If this is intentional, then use the `*AllBy*` variant of the query (like `queryAllByText`, `getAllByText`, or `findAllByText`)).

Ignored nodes: comments, script, style
[36m<body>[39m
  [36m<div>[39m
    [36m<section[39m
      [33maria-label[39m=[32m"Workspace recent projects"[39m
      [33mclass[39m=[32m"ff-project-browser"[39m
    [36m>[39m
      [36m<header[39m
        [33mclass[39m=[32m"ff-project-browser-heading"[39m
      [36m>[39m
        [36m<div>[39m
          [36m<span>[39m
            [0mWorkspace · read-only[0m
          [36m</span>[39m
          [36m<h1>[39m
            [0mRecent projects[0m
          [36m</h1>[39m
          [36m<p>[39m
            [0mFind and inspect a bounded snapshot of recent work. This view cannot open, create, or change projects.[0m
          [36m</p>[39m
        [36m</div>[39m
        [36m<button[39m
          [33mclass[39m=[32m"ff-button ff-button--secondary "[39m
        [36m>[39m
          [0mRefresh recent projects[0m
        [36m</button>[39m
      [36m</header>[39m
      [36m<p[39m
        [33mclass[39m=[32m"ff-project-origin ff-project-origin--real"[39m
      [36m>[39m
        [36m<span[39m
          [33mclass[39m=[32m"ff-badge ff-badge--neutral"[39m
        [36m>[39m
          [0mCONNECTED READ-ONLY SOURCE · access is supplied by the host application[0m
        [36m</span>[39m
      [36m</p>[39m
      [36m<p[39m
        [33mclass[39m=[32m"ff-project-boundary"[39m
      [36m>[39m
        [0mThis is a recent snapshot, not a full project inventory. Project opening and creation remain unavailable.[0m
      [36m</p>[39m
      [36m<div[39m
        [33mclass[39m=[32m"ff-project-controls"[39m
      [36m>[39m
        [36m<input[39m
          [33maria-label[39m=[32m"Search recent projects"[39m
          [33mclass[39m=[32m"ff-input "[39m
          [33mplaceholder[39m=[32m"Search name or description"[39m
          [33mtype[39m=[32m"search"[39m
          [33mvalue[39m=[32m""[39m
        [36m/>[39m
        [36m<label>[39m
          [0mProjected status[0m
          [36m<select>[39m
            [36m<option[39m
              [33mvalue[39m=[32m""[39m
            [36m>[39m
              [0mAll projected statuses[0m
            [36m</option>[39m
            [36m<option[39m
              [33mvalue[39m=[32m"IN_REVIEW?"[39m
            [36m>[39m
              [0mIN_REVIEW?[0m
            [36m</option>[39m
            [36m<option[39m
              [33mvalue[39m=[32m"future::READY<script>"[39m
            [36m>[39m
              [0mfuture::READY&lt;script&gt;[0m
            [36m</option>[39m
          [36m</select>[39m
        [36m</label>[39m
        [36m<label>[39m
          [0mSort recent projects[0m
          [36m<select>[39m
            [36m<option[39m
              [33mvalue[39m=[32m"name-asc"[39m
            [36m>[39m
              [0mName A–Z[0m
            [36m</option>[39m
            [36m<option[39m
              [33mvalue[39m=[32m"name-desc"[39m
            [36m>[39m
              [0mName Z–A[0m
            [36m</option>[39m
          [36m</select>[39m
        [36m</label>[39m
      [36m</div>[39m
      [36m<p[39m
        [33maria-live[39m=[32m"polite"[39m
        [33mrole[39m=[32m"status"[39m
      [36m>[39m
        [0m3 recent projects loaded · bounded recent snapshot.[0m
      [36m</p>[39m
      [36m<ul[39m
        [33maria-label[39m=[32m"Recent project snapshot"[39m
        [33mclass[39m=[32m"ff-project-browser-list"[39m
      [36m>[39m
        [36m<li>[39m
          [36m<section[39m
            [33mclass[39m=[32m"ff-panel "[39m
          [36m>[39m
            [36m<header[39m
              [33mclass[39m=[32m"ff-panel__header"[39m
            [36m>[39m
              [36m<h2>[39m
                [0mAlpha project[0m
              [36m</h2>[39m
            [36m</header>[39m
            [36m<div[39m
              [33mclass[39m=[32m"ff-panel__body"[39m
            [36m>[39m
              [36m<p[39m
                [33mclass[39m=[32m"ff-project-description"[39m
              [36m>[39m
                [0mNo description projected.[0m
              [36m</p>[39m
              [36m<span[39m
                [33mclass[39m=[32m"ff-status ff-status--neutral"[39m
              [36m>[39m
                [36m<span[39m
                  [33maria-hidden[39m=[32m"true"[39m
                [36m/>[39m
                [0mIN_REVIEW?[0m
              [36m</span>[39m
              [36m<button[39m
                [33maria-label[39m=[32m"Inspect Alpha project"[39m
                [33mclass[39m=[32m"ff-button ff-button--secondary "[39m
              [36m>[39m
                [0mInspect[0m
              [36m</button>[39m
            [36m</div>[39m
          [36m</section>[39m
        [36m</li>[39m
        [36m<li>[39m
          [36m<section[39m
            [33mclass[39m=[32m"ff-panel "[39m
          [36m>[39m
            [36m<header[39m
              [33mclass[39m=[32m"ff-panel__header"[39m
            [36m>[39m
              [36m<h2>[39m
                [0mAlpha project[0m
              [36m</h2>[39m
            [36m</header>[39m
            [36m<div[39m
              [33mclass[39m=[32m"ff-panel__body"[39m
            [36m>[39m
              [36m<p[39m
                [33mclass[39m=[32m"ff-project-description"[39m
              [36m>[39m
                [0m&lt;b&gt;opaque description&lt;/b&gt;[0m
              [36m</p>[39m
              [36m<span[39m
                [33mclass[39m=[32m"ff-status ff-status--neutral"[39m
              [36m>[39m
                [36m<span[39m
                  [33maria-hidden[39m=[32m"true"[39m
                [36m/>[39m
                [0mIN_REVIEW?[0m
              [36m</span>[39m
              [36m<button[39m
                [33maria-label[39m=[32m"Inspect Alpha project"[39m
                [33mclass[39m=[32m"ff-button ff-button--secondary "[39m
              [36m>[39m
                [0mInspect[0m
              [36m</button>[39m
            [36m</div>[39m
          [36m</section>[39m
        [36m</li>[39m
        [36m<li>[39m
          [36m<section[39m
            [33mclass[39m=[32m"ff-panel "[39m
          [36m>[39m
            [36m<header[39m
              [33mclass[39m=[32m"ff-panel__header"[39m
            [36m>[39m
              [36m<h2>[39m
                [0mZeta &lt;project&gt;[0m
              [36m</h2>[39m
            [36m</header>[39m
            [36m<div[39m
              [33mclass[39m=[32m"ff-panel__body"[39m
            [36m>[39m
              [36m<p[39m
                [33mclass[39m=[32m"ff-project-description"[39m
              [36m>[39m
                [0mdescription literal 原文[0m
              [36m</p>[39m
              [36m<span[39m
                [33mclass[39m=[32m"ff-status ff-status--neutral"[39m
              [36m>[39m
                [36m<span[39m
                  [33maria-hidden[39m=[32m"true"[39m
                [36m/>[39m
                [0mfuture::READY&lt;script&gt;[0m
              [36m</span>[39m
              [36m<button[39m
                [33maria-label[39m=[32m"Inspect Zeta <project>"[39m
                [33mclass[39m=[32m"ff-button ff-button--secondary "[39m
              [36m>[39m
                [0mInspect[0m
              [36m</button>[39m
            [36m</div>[39m
          [36m</section>[39m
        [36m</li>[39m
      [36m</ul>[39m
    [36m</section>[39m
  [36m</div>[39m
[36m</body>[39m

Ignored nodes: comments, script, style
[36m<body>[39m
  [36m<div>[39m
    [36m<section[39m
      [33maria-label[39m=[32m"Workspace recent projects"[39m
      [33mclass[39m=[32m"ff-project-browser"[39m
    [36m>[39m
      [36m<header[39m
        [33mclass[39m=[32m"ff-project-browser-heading"[39m
      [36m>[39m
        [36m<div>[39m
          [36m<span>[39m
            [0mWorkspace · read-only[0m
          [36m</span>[39m
          [36m<h1>[39m
            [0mRecent projects[0m
          [36m</h1>[39m
          [36m<p>[39m
            [0mFind and inspect a bounded snapshot of recent work. This view cannot open, create, or change projects.[0m
          [36m</p>[39m
        [36m</div>[39m
        [36m<button[39m
          [33mclass[39m=[32m"ff-button ff-button--secondary "[39m
        [36m>[39m
          [0mRefresh recent projects[0m
        [36m</button>[39m
      [36m</header>[39m
      [36m<p[39m
        [33mclass[39m=[32m"ff-project-origin ff-project-origin--real"[39m
      [36m>[39m
        [36m<span[39m
          [33mclass[39m=[32m"ff-badge ff-badge--neutral"[39m
        [36m>[39m
          [0mCONNECTED READ-ONLY SOURCE · access is supplied by the host application[0m
        [36m</span>[39m
      [36m</p>[39m
      [36m<p[39m
        [33mclass[39m=[32m"ff-project-boundary"[39m
      [36m>[39m
        [0mThis is a recent snapshot, not a full project inventory. Project opening and creation remain unavailable.[0m
      [36m</p>[39m
      [36m<div[39m
        [33mclass[39m=[32m"ff-project-controls"[39m
      [36m>[39m
        [36m<input[39m
          [33maria-label[39m=[32m"Search recent projects"[39m
          [33mclass[39m=[32m"ff-input "[39m
          [33mplaceholder[39m=[32m"Search name or description"[39m
          [33mtype[39m=[32m"search"[39m
          [33mvalue[39m=[32m""[39m
        [36m/>[39m
        [36m<label>[39m
          [0mProjected status[0m
          [36m<select>[39m
            [36m<option[39m
              [33mvalue[39m=[32m""[39m
            [36m>[39m
              [0mAll projected statuses[0m
            [36m</option>[39m
            [36m<option[39m
              [33mvalue[39m=[32m"IN_REVIEW?"[39m
            [36m>[39m
              [0mIN_REVIEW?[0m
            [36m</option>[39m
            [36m<option[39m
              [33mvalue[39m=[32m"future::READY<script>"[39m
            [36m>[39m
              [0mfuture::READY&lt;script&gt;[0m
            [36m</option>[39m
          [36m</select>[39m
        [36m</label>[39m
        [36m<label>[39m
          [0mSort recent projects[0m
          [36m<select>[39m
            [36m<option[39m
              [33mvalue[39m=[32m"name-asc"[39m
            [36m>[39m
              [0mName A–Z[0m
            [36m</option>[39m
            [36m<option[39m
              [33mvalue[39m=[32m"name-desc"[39m
            [36m>[39m
              [0mName Z–A[0m
            [36m</option>[39m
          [36m</select>[39m
        [36m</label>[39m
      [36m</div>[39m
      [36m<p[39m
        [33maria-live[39m=[32m"polite"[39m
        [33mrole[39m=[32m"status"[39m
      [36m>[39m
        [0m3 recent projects loaded · bounded recent snapshot.[0m
      [36m</p>[39m
      [36m<ul[39m
        [33maria-label[39m=[32m"Recent project snapshot"[39m
        [33mclass[39m=[32m"ff-project-browser-list"[39m
      [36m>[39m
        [36m<li>[39m
          [36m<section[39m
            [33mclass[39m=[32m"ff-panel "[39m
          [36m>[39m
            [36m<header[39m
              [33mclass[39m=[32m"ff-panel__header"[39m
            [36m>[39m
              [36m<h2>[39m
                [0mAlpha project[0m
              [36m</h2>[39m
            [36m</header>[39m
            [36m<div[39m
              [33mclass[39m=[32m"ff-panel__body"[39m
            [36m>[39m
              [36m<p[39m
                [33mclass[39m=[32m"ff-project-description"[39m
              [36m>[39m
                [0mNo description projected.[0m
              [36m</p>[39m
              [36m<span[39m
                [33mclass[39m=[32m"ff-status ff-status--neutral"[39m
              [36m>[39m
                [36m<span[39m
                  [33maria-hidden[39m=[32m"true"[39m
                [36m/>[39m
                [0mIN_REVIEW?[0m
              [36m</span>[39m
              [36m<button[39m
                [33maria-label[39m=[32m"Inspect Alpha project"[39m
                [33mclass[39m=[32m"ff-button ff-button--secondary "[39m
              [36m>[39m
                [0mInspect[0m
              [36m</button>[39m
            [36m</div>[39m
          [36m</section>[39m
        [36m</li>[39m
        [36m<li>[39m
          [36m<section[39m
            [33mclass[39m=[32m"ff-panel "[39m
          [36m>[39m
            [36m<header[39m
              [33mclass[39m=[32m"ff-panel__header"[39m
            [36m>[39m
              [36m<h2>[39m
                [0mAlpha project[0m
              [36m</h2>[39m
            [36m</header>[39m
            [36m<div[39m
              [33mclass[39m=[32m"ff-panel__body"[39m
            [36m>[39m
              [36m<p[39m
                [33mclass[39m=[32m"ff-project-description"[39m
              [36m>[39m
                [0m&lt;b&gt;opaque description&lt;/b&gt;[0m
              [36m</p>[39m
              [36m<span[39m
                [33mclass[39m=[32m"ff-status ff-status--neutral"[39m
              [36m>[39m
                [36m<span[39m
                  [33maria-hidden[39m=[32m"true"[39m
                [36m/>[39m
                [0mIN_REVIEW?[0m
              [36m</span>[39m
              [36m<button[39m
                [33maria-label[39m=[32m"Inspect Alpha project"[39m
                [33mclass[39m=[32m"ff-button ff-button--secondary "[39m
              [36m>[39m
                [0mInspect[0m
              [36m</button>[39m
            [36m</div>[39m
          [36m</section>[39m
        [36m</li>[39m
        [36m<li>[39m
          [36m<section[39m
            [33mclass[39m=[32m"ff-panel "[39m
          [36m>[39m
            [36m<header[39m
              [33mclass[39m=[32m"ff-panel__header"[39m
            [36m>[39m
              [36m<h2>[39m
                [0mZeta &lt;project&gt;[0m
              [36m</h2>[39m
            [36m</header>[39m
            [36m<div[39m
              [33mclass[39m=[32m"ff-panel__body"[39m
            [36m>[39m
              [36m<p[39m
                [33mclass[39m=[32m"ff-project-description"[39m
              [36m>[39m
                [0mdescription literal 原文[0m
              [36m</p>[39m
              [36m<span[39m
                [33mclass[39m=[32m"ff-status ff-status--neutral"[39m
              [36m>[39m
                [36m<span[39m
                  [33maria-hidden[39m=[32m"true"[39m
                [36m/>[39m
                [0mfuture::READY&lt;script&gt;[0m
              [36m</span>[39m
              [36m<button[39m
                [33maria-label[39m=[32m"Inspect Zeta <project>"[39m
                [33mclass[39m=[32m"ff-button ff-button--secondary "[39m
              [36m>[39m
                [0mInspect[0m
              [36m</button>[39m
            [36m</div>[39m
          [36m</section>[39m
        [36m</li>[39m
      [36m</ul>[39m
    [36m</section>[39m
  [36m</div>[39m
[36m</body>[39m
   ✓ Workspace recent Project discovery and inspection > treats malformed and mismatched success receipts as errors and exposes no returned content 17ms
   × Workspace recent Project discovery and inspection > synchronously hides old content on principalId change and ignores the old late reply 1012ms
     → Found multiple elements with the role "button" and name "Inspect Alpha project"

Here are the matching elements:

Ignored nodes: comments, script, style
[36m<button[39m
  [33maria-label[39m=[32m"Inspect Alpha project"[39m
  [33mclass[39m=[32m"ff-button ff-button--secondary "[39m
[36m>[39m
  [0mInspect[0m
[36m</button>[39m

Ignored nodes: comments, script, style
[36m<button[39m
  [33maria-label[39m=[32m"Inspect Alpha project"[39m
  [33mclass[39m=[32m"ff-button ff-button--secondary "[39m
[36m>[39m
  [0mInspect[0m
[36m</button>[39m

(If this is intentional, then use the `*AllBy*` variant of the query (like `queryAllByText`, `getAllByText`, or `findAllByText`)).

Ignored nodes: comments, script, style
[36m<body>[39m
  [36m<div>[39m
    [36m<section[39m
      [33maria-label[39m=[32m"Workspace recent projects"[39m
      [33mclass[39m=[32m"ff-project-browser"[39m
    [36m>[39m
      [36m<header[39m
        [33mclass[39m=[32m"ff-project-browser-heading"[39m
      [36m>[39m
        [36m<div>[39m
          [36m<span>[39m
            [0mWorkspace · read-only[0m
          [36m</span>[39m
          [36m<h1>[39m
            [0mRecent projects[0m
          [36m</h1>[39m
          [36m<p>[39m
            [0mFind and inspect a bounded snapshot of recent work. This view cannot open, create, or change projects.[0m
          [36m</p>[39m
        [36m</div>[39m
        [36m<button[39m
          [33mclass[39m=[32m"ff-button ff-button--secondary "[39m
        [36m>[39m
          [0mRefresh recent projects[0m
        [36m</button>[39m
      [36m</header>[39m
      [36m<p[39m
        [33mclass[39m=[32m"ff-project-origin ff-project-origin--simulated"[39m
      [36m>[39m
        [36m<span[39m
          [33mclass[39m=[32m"ff-badge ff-badge--warning"[39m
        [36m>[39m
          [0mSIMULATED PROJECT DATA · localhost fixture only · no real account or permission[0m
        [36m</span>[39m
      [36m</p>[39m
      [36m<p[39m
        [33mclass[39m=[32m"ff-project-boundary"[39m
      [36m>[39m
        [0mThis is a recent snapshot, not a full project inventory. Project opening and creation remain unavailable.[0m
      [36m</p>[39m
      [36m<div[39m
        [33mclass[39m=[32m"ff-project-controls"[39m
      [36m>[39m
        [36m<input[39m
          [33maria-label[39m=[32m"Search recent projects"[39m
          [33mclass[39m=[32m"ff-input "[39m
          [33mplaceholder[39m=[32m"Search name or description"[39m
          [33mtype[39m=[32m"search"[39m
          [33mvalue[39m=[32m""[39m
        [36m/>[39m
        [36m<label>[39m
          [0mProjected status[0m
          [36m<select>[39m
            [36m<option[39m
              [33mvalue[39m=[32m""[39m
            [36m>[39m
              [0mAll projected statuses[0m
            [36m</option>[39m
            [36m<option[39m
              [33mvalue[39m=[32m"IN_REVIEW?"[39m
            [36m>[39m
              [0mIN_REVIEW?[0m
            [36m</option>[39m
            [36m<option[39m
              [33mvalue[39m=[32m"future::READY<script>"[39m
            [36m>[39m
              [0mfuture::READY&lt;script&gt;[0m
            [36m</option>[39m
          [36m</select>[39m
        [36m</label>[39m
        [36m<label>[39m
          [0mSort recent projects[0m
          [36m<select>[39m
            [36m<option[39m
              [33mvalue[39m=[32m"name-asc"[39m
            [36m>[39m
              [0mName A–Z[0m
            [36m</option>[39m
            [36m<option[39m
              [33mvalue[39m=[32m"name-desc"[39m
            [36m>[39m
              [0mName Z–A[0m
            [36m</option>[39m
          [36m</select>[39m
        [36m</label>[39m
      [36m</div>[39m
      [36m<p[39m
        [33maria-live[39m=[32m"polite"[39m
        [33mrole[39m=[32m"status"[39m
      [36m>[39m
        [0m3 recent projects loaded · bounded recent snapshot.[0m
      [36m</p>[39m
      [36m<ul[39m
        [33maria-label[39m=[32m"Recent project snapshot"[39m
        [33mclass[39m=[32m"ff-project-browser-list"[39m
      [36m>[39m
        [36m<li>[39m
          [36m<section[39m
            [33mclass[39m=[32m"ff-panel "[39m
          [36m>[39m
            [36m<header[39m
              [33mclass[39m=[32m"ff-panel__header"[39m
            [36m>[39m
              [36m<h2>[39m
                [0mAlpha project[0m
              [36m</h2>[39m
            [36m</header>[39m
            [36m<div[39m
              [33mclass[39m=[32m"ff-panel__body"[39m
            [36m>[39m
              [36m<p[39m
                [33mclass[39m=[32m"ff-project-description"[39m
              [36m>[39m
                [0mNo description projected.[0m
              [36m</p>[39m
              [36m<span[39m
                [33mclass[39m=[32m"ff-status ff-status--neutral"[39m
              [36m>[39m
                [36m<span[39m
                  [33maria-hidden[39m=[32m"true"[39m
                [36m/>[39m
                [0mIN_REVIEW?[0m
              [36m</span>[39m
              [36m<button[39m
                [33maria-label[39m=[32m"Inspect Alpha project"[39m
                [33mclass[39m=[32m"ff-button ff-button--secondary "[39m
              [36m>[39m
                [0mInspect[0m
              [36m</button>[39m
            [36m</div>[39m
          [36m</section>[39m
        [36m</li>[39m
        [36m<li>[39m
          [36m<section[39m
            [33mclass[39m=[32m"ff-panel "[39m
          [36m>[39m
            [36m<header[39m
              [33mclass[39m=[32m"ff-panel__header"[39m
            [36m>[39m
              [36m<h2>[39m
                [0mAlpha project[0m
              [36m</h2>[39m
            [36m</header>[39m
            [36m<div[39m
              [33mclass[39m=[32m"ff-panel__body"[39m
            [36m>[39m
              [36m<p[39m
                [33mclass[39m=[32m"ff-project-description"[39m
              [36m>[39m
                [0m&lt;b&gt;opaque description&lt;/b&gt;[0m
              [36m</p>[39m
              [36m<span[39m
                [33mclass[39m=[32m"ff-status ff-status--neutral"[39m
              [36m>[39m
                [36m<span[39m
                  [33maria-hidden[39m=[32m"true"[39m
                [36m/>[39m
                [0mIN_REVIEW?[0m
              [36m</span>[39m
              [36m<button[39m
                [33maria-label[39m=[32m"Inspect Alpha project"[39m
                [33mclass[39m=[32m"ff-button ff-button--secondary "[39m
              [36m>[39m
                [0mInspect[0m
              [36m</button>[39m
            [36m</div>[39m
          [36m</section>[39m
        [36m</li>[39m
        [36m<li>[39m
          [36m<section[39m
            [33mclass[39m=[32m"ff-panel "[39m
          [36m>[39m
            [36m<header[39m
              [33mclass[39m=[32m"ff-panel__header"[39m
            [36m>[39m
              [36m<h2>[39m
                [0mZeta &lt;project&gt;[0m
              [36m</h2>[39m
            [36m</header>[39m
            [36m<div[39m
              [33mclass[39m=[32m"ff-panel__body"[39m
            [36m>[39m
              [36m<p[39m
                [33mclass[39m=[32m"ff-project-description"[39m
              [36m>[39m
                [0mdescription literal 原文[0m
              [36m</p>[39m
              [36m<span[39m
                [33mclass[39m=[32m"ff-status ff-status--neutral"[39m
              [36m>[39m
                [36m<span[39m
                  [33maria-hidden[39m=[32m"true"[39m
                [36m/>[39m
                [0mfuture::READY&lt;script&gt;[0m
              [36m</span>[39m
              [36m<button[39m
                [33maria-label[39m=[32m"Inspect Zeta <project>"[39m
                [33mclass[39m=[32m"ff-button ff-button--secondary "[39m
              [36m>[39m
                [0mInspect[0m
              [36m</button>[39m
            [36m</div>[39m
          [36m</section>[39m
        [36m</li>[39m
      [36m</ul>[39m
    [36m</section>[39m
  [36m</div>[39m
[36m</body>[39m

Ignored nodes: comments, script, style
[36m<body>[39m
  [36m<div>[39m
    [36m<section[39m
      [33maria-label[39m=[32m"Workspace recent projects"[39m
      [33mclass[39m=[32m"ff-project-browser"[39m
    [36m>[39m
      [36m<header[39m
        [33mclass[39m=[32m"ff-project-browser-heading"[39m
      [36m>[39m
        [36m<div>[39m
          [36m<span>[39m
            [0mWorkspace · read-only[0m
          [36m</span>[39m
          [36m<h1>[39m
            [0mRecent projects[0m
          [36m</h1>[39m
          [36m<p>[39m
            [0mFind and inspect a bounded snapshot of recent work. This view cannot open, create, or change projects.[0m
          [36m</p>[39m
        [36m</div>[39m
        [36m<button[39m
          [33mclass[39m=[32m"ff-button ff-button--secondary "[39m
        [36m>[39m
          [0mRefresh recent projects[0m
        [36m</button>[39m
      [36m</header>[39m
      [36m<p[39m
        [33mclass[39m=[32m"ff-project-origin ff-project-origin--simulated"[39m
      [36m>[39m
        [36m<span[39m
          [33mclass[39m=[32m"ff-badge ff-badge--warning"[39m
        [36m>[39m
          [0mSIMULATED PROJECT DATA · localhost fixture only · no real account or permission[0m
        [36m</span>[39m
      [36m</p>[39m
      [36m<p[39m
        [33mclass[39m=[32m"ff-project-boundary"[39m
      [36m>[39m
        [0mThis is a recent snapshot, not a full project inventory. Project opening and creation remain unavailable.[0m
      [36m</p>[39m
      [36m<div[39m
        [33mclass[39m=[32m"ff-project-controls"[39m
      [36m>[39m
        [36m<input[39m
          [33maria-label[39m=[32m"Search recent projects"[39m
          [33mclass[39m=[32m"ff-input "[39m
          [33mplaceholder[39m=[32m"Search name or description"[39m
          [33mtype[39m=[32m"search"[39m
          [33mvalue[39m=[32m""[39m
        [36m/>[39m
        [36m<label>[39m
          [0mProjected status[0m
          [36m<select>[39m
            [36m<option[39m
              [33mvalue[39m=[32m""[39m
            [36m>[39m
              [0mAll projected statuses[0m
            [36m</option>[39m
            [36m<option[39m
              [33mvalue[39m=[32m"IN_REVIEW?"[39m
            [36m>[39m
              [0mIN_REVIEW?[0m
            [36m</option>[39m
            [36m<option[39m
              [33mvalue[39m=[32m"future::READY<script>"[39m
            [36m>[39m
              [0mfuture::READY&lt;script&gt;[0m
            [36m</option>[39m
          [36m</select>[39m
        [36m</label>[39m
        [36m<label>[39m
          [0mSort recent projects[0m
          [36m<select>[39m
            [36m<option[39m
              [33mvalue[39m=[32m"name-asc"[39m
            [36m>[39m
              [0mName A–Z[0m
            [36m</option>[39m
            [36m<option[39m
              [33mvalue[39m=[32m"name-desc"[39m
            [36m>[39m
              [0mName Z–A[0m
            [36m</option>[39m
          [36m</select>[39m
        [36m</label>[39m
      [36m</div>[39m
      [36m<p[39m
        [33maria-live[39m=[32m"polite"[39m
        [33mrole[39m=[32m"status"[39m
      [36m>[39m
        [0m3 recent projects loaded · bounded recent snapshot.[0m
      [36m</p>[39m
      [36m<ul[39m
        [33maria-label[39m=[32m"Recent project snapshot"[39m
        [33mclass[39m=[32m"ff-project-browser-list"[39m
      [36m>[39m
        [36m<li>[39m
          [36m<section[39m
            [33mclass[39m=[32m"ff-panel "[39m
          [36m>[39m
            [36m<header[39m
              [33mclass[39m=[32m"ff-panel__header"[39m
            [36m>[39m
              [36m<h2>[39m
                [0mAlpha project[0m
              [36m</h2>[39m
            [36m</header>[39m
            [36m<div[39m
              [33mclass[39m=[32m"ff-panel__body"[39m
            [36m>[39m
              [36m<p[39m
                [33mclass[39m=[32m"ff-project-description"[39m
              [36m>[39m
                [0mNo description projected.[0m
              [36m</p>[39m
              [36m<span[39m
                [33mclass[39m=[32m"ff-status ff-status--neutral"[39m
              [36m>[39m
                [36m<span[39m
                  [33maria-hidden[39m=[32m"true"[39m
                [36m/>[39m
                [0mIN_REVIEW?[0m
              [36m</span>[39m
              [36m<button[39m
                [33maria-label[39m=[32m"Inspect Alpha project"[39m
                [33mclass[39m=[32m"ff-button ff-button--secondary "[39m
              [36m>[39m
                [0mInspect[0m
              [36m</button>[39m
            [36m</div>[39m
          [36m</section>[39m
        [36m</li>[39m
        [36m<li>[39m
          [36m<section[39m
            [33mclass[39m=[32m"ff-panel "[39m
          [36m>[39m
            [36m<header[39m
              [33mclass[39m=[32m"ff-panel__header"[39m
            [36m>[39m
              [36m<h2>[39m
                [0mAlpha project[0m
              [36m</h2>[39m
            [36m</header>[39m
            [36m<div[39m
              [33mclass[39m=[32m"ff-panel__body"[39m
            [36m>[39m
              [36m<p[39m
                [33mclass[39m=[32m"ff-project-description"[39m
              [36m>[39m
                [0m&lt;b&gt;opaque description&lt;/b&gt;[0m
              [36m</p>[39m
              [36m<span[39m
                [33mclass[39m=[32m"ff-status ff-status--neutral"[39m
              [36m>[39m
                [36m<span[39m
                  [33maria-hidden[39m=[32m"true"[39m
                [36m/>[39m
                [0mIN_REVIEW?[0m
              [36m</span>[39m
              [36m<button[39m
                [33maria-label[39m=[32m"Inspect Alpha project"[39m
                [33mclass[39m=[32m"ff-button ff-button--secondary "[39m
              [36m>[39m
                [0mInspect[0m
              [36m</button>[39m
            [36m</div>[39m
          [36m</section>[39m
        [36m</li>[39m
        [36m<li>[39m
          [36m<section[39m
            [33mclass[39m=[32m"ff-panel "[39m
          [36m>[39m
            [36m<header[39m
              [33mclass[39m=[32m"ff-panel__header"[39m
            [36m>[39m
              [36m<h2>[39m
                [0mZeta &lt;project&gt;[0m
              [36m</h2>[39m
            [36m</header>[39m
            [36m<div[39m
              [33mclass[39m=[32m"ff-panel__body"[39m
            [36m>[39m
              [36m<p[39m
                [33mclass[39m=[32m"ff-project-description"[39m
              [36m>[39m
                [0mdescription literal 原文[0m
              [36m</p>[39m
              [36m<span[39m
                [33mclass[39m=[32m"ff-status ff-status--neutral"[39m
              [36m>[39m
                [36m<span[39m
                  [33maria-hidden[39m=[32m"true"[39m
                [36m/>[39m
                [0mfuture::READY&lt;script&gt;[0m
              [36m</span>[39m
              [36m<button[39m
                [33maria-label[39m=[32m"Inspect Zeta <project>"[39m
                [33mclass[39m=[32m"ff-button ff-button--secondary "[39m
              [36m>[39m
                [0mInspect[0m
              [36m</button>[39m
            [36m</div>[39m
          [36m</section>[39m
        [36m</li>[39m
      [36m</ul>[39m
    [36m</section>[39m
  [36m</div>[39m
[36m</body>[39m
   × Workspace recent Project discovery and inspection > synchronously hides old content on tenantId change and ignores the old late reply 1014ms
     → Found multiple elements with the role "button" and name "Inspect Alpha project"

Here are the matching elements:

Ignored nodes: comments, script, style
[36m<button[39m
  [33maria-label[39m=[32m"Inspect Alpha project"[39m
  [33mclass[39m=[32m"ff-button ff-button--secondary "[39m
[36m>[39m
  [0mInspect[0m
[36m</button>[39m

Ignored nodes: comments, script, style
[36m<button[39m
  [33maria-label[39m=[32m"Inspect Alpha project"[39m
  [33mclass[39m=[32m"ff-button ff-button--secondary "[39m
[36m>[39m
  [0mInspect[0m
[36m</button>[39m

(If this is intentional, then use the `*AllBy*` variant of the query (like `queryAllByText`, `getAllByText`, or `findAllByText`)).

Ignored nodes: comments, script, style
[36m<body>[39m
  [36m<div>[39m
    [36m<section[39m
      [33maria-label[39m=[32m"Workspace recent projects"[39m
      [33mclass[39m=[32m"ff-project-browser"[39m
    [36m>[39m
      [36m<header[39m
        [33mclass[39m=[32m"ff-project-browser-heading"[39m
      [36m>[39m
        [36m<div>[39m
          [36m<span>[39m
            [0mWorkspace · read-only[0m
          [36m</span>[39m
          [36m<h1>[39m
            [0mRecent projects[0m
          [36m</h1>[39m
          [36m<p>[39m
            [0mFind and inspect a bounded snapshot of recent work. This view cannot open, create, or change projects.[0m
          [36m</p>[39m
        [36m</div>[39m
        [36m<button[39m
          [33mclass[39m=[32m"ff-button ff-button--secondary "[39m
        [36m>[39m
          [0mRefresh recent projects[0m
        [36m</button>[39m
      [36m</header>[39m
      [36m<p[39m
        [33mclass[39m=[32m"ff-project-origin ff-project-origin--simulated"[39m
      [36m>[39m
        [36m<span[39m
          [33mclass[39m=[32m"ff-badge ff-badge--warning"[39m
        [36m>[39m
          [0mSIMULATED PROJECT DATA · localhost fixture only · no real account or permission[0m
        [36m</span>[39m
      [36m</p>[39m
      [36m<p[39m
        [33mclass[39m=[32m"ff-project-boundary"[39m
      [36m>[39m
        [0mThis is a recent snapshot, not a full project inventory. Project opening and creation remain unavailable.[0m
      [36m</p>[39m
      [36m<div[39m
        [33mclass[39m=[32m"ff-project-controls"[39m
      [36m>[39m
        [36m<input[39m
          [33maria-label[39m=[32m"Search recent projects"[39m
          [33mclass[39m=[32m"ff-input "[39m
          [33mplaceholder[39m=[32m"Search name or description"[39m
          [33mtype[39m=[32m"search"[39m
          [33mvalue[39m=[32m""[39m
        [36m/>[39m
        [36m<label>[39m
          [0mProjected status[0m
          [36m<select>[39m
            [36m<option[39m
              [33mvalue[39m=[32m""[39m
            [36m>[39m
              [0mAll projected statuses[0m
            [36m</option>[39m
            [36m<option[39m
              [33mvalue[39m=[32m"IN_REVIEW?"[39m
            [36m>[39m
              [0mIN_REVIEW?[0m
            [36m</option>[39m
            [36m<option[39m
              [33mvalue[39m=[32m"future::READY<script>"[39m
            [36m>[39m
              [0mfuture::READY&lt;script&gt;[0m
            [36m</option>[39m
          [36m</select>[39m
        [36m</label>[39m
        [36m<label>[39m
          [0mSort recent projects[0m
          [36m<select>[39m
            [36m<option[39m
              [33mvalue[39m=[32m"name-asc"[39m
            [36m>[39m
              [0mName A–Z[0m
            [36m</option>[39m
            [36m<option[39m
              [33mvalue[39m=[32m"name-desc"[39m
            [36m>[39m
              [0mName Z–A[0m
            [36m</option>[39m
          [36m</select>[39m
        [36m</label>[39m
      [36m</div>[39m
      [36m<p[39m
        [33maria-live[39m=[32m"polite"[39m
        [33mrole[39m=[32m"status"[39m
      [36m>[39m
        [0m3 recent projects loaded · bounded recent snapshot.[0m
      [36m</p>[39m
      [36m<ul[39m
        [33maria-label[39m=[32m"Recent project snapshot"[39m
        [33mclass[39m=[32m"ff-project-browser-list"[39m
      [36m>[39m
        [36m<li>[39m
          [36m<section[39m
            [33mclass[39m=[32m"ff-panel "[39m
          [36m>[39m
            [36m<header[39m
              [33mclass[39m=[32m"ff-panel__header"[39m
            [36m>[39m
              [36m<h2>[39m
                [0mAlpha project[0m
              [36m</h2>[39m
            [36m</header>[39m
            [36m<div[39m
              [33mclass[39m=[32m"ff-panel__body"[39m
            [36m>[39m
              [36m<p[39m
                [33mclass[39m=[32m"ff-project-description"[39m
              [36m>[39m
                [0mNo description projected.[0m
              [36m</p>[39m
              [36m<span[39m
                [33mclass[39m=[32m"ff-status ff-status--neutral"[39m
              [36m>[39m
                [36m<span[39m
                  [33maria-hidden[39m=[32m"true"[39m
                [36m/>[39m
                [0mIN_REVIEW?[0m
              [36m</span>[39m
              [36m<button[39m
                [33maria-label[39m=[32m"Inspect Alpha project"[39m
                [33mclass[39m=[32m"ff-button ff-button--secondary "[39m
              [36m>[39m
                [0mInspect[0m
              [36m</button>[39m
            [36m</div>[39m
          [36m</section>[39m
        [36m</li>[39m
        [36m<li>[39m
          [36m<section[39m
            [33mclass[39m=[32m"ff-panel "[39m
          [36m>[39m
            [36m<header[39m
              [33mclass[39m=[32m"ff-panel__header"[39m
            [36m>[39m
              [36m<h2>[39m
                [0mAlpha project[0m
              [36m</h2>[39m
            [36m</header>[39m
            [36m<div[39m
              [33mclass[39m=[32m"ff-panel__body"[39m
            [36m>[39m
              [36m<p[39m
                [33mclass[39m=[32m"ff-project-description"[39m
              [36m>[39m
                [0m&lt;b&gt;opaque description&lt;/b&gt;[0m
              [36m</p>[39m
              [36m<span[39m
                [33mclass[39m=[32m"ff-status ff-status--neutral"[39m
              [36m>[39m
                [36m<span[39m
                  [33maria-hidden[39m=[32m"true"[39m
                [36m/>[39m
                [0mIN_REVIEW?[0m
              [36m</span>[39m
              [36m<button[39m
                [33maria-label[39m=[32m"Inspect Alpha project"[39m
                [33mclass[39m=[32m"ff-button ff-button--secondary "[39m
              [36m>[39m
                [0mInspect[0m
              [36m</button>[39m
            [36m</div>[39m
          [36m</section>[39m
        [36m</li>[39m
        [36m<li>[39m
          [36m<section[39m
            [33mclass[39m=[32m"ff-panel "[39m
          [36m>[39m
            [36m<header[39m
              [33mclass[39m=[32m"ff-panel__header"[39m
            [36m>[39m
              [36m<h2>[39m
                [0mZeta &lt;project&gt;[0m
              [36m</h2>[39m
            [36m</header>[39m
            [36m<div[39m
              [33mclass[39m=[32m"ff-panel__body"[39m
            [36m>[39m
              [36m<p[39m
                [33mclass[39m=[32m"ff-project-description"[39m
              [36m>[39m
                [0mdescription literal 原文[0m
              [36m</p>[39m
              [36m<span[39m
                [33mclass[39m=[32m"ff-status ff-status--neutral"[39m
              [36m>[39m
                [36m<span[39m
                  [33maria-hidden[39m=[32m"true"[39m
                [36m/>[39m
                [0mfuture::READY&lt;script&gt;[0m
              [36m</span>[39m
              [36m<button[39m
                [33maria-label[39m=[32m"Inspect Zeta <project>"[39m
                [33mclass[39m=[32m"ff-button ff-button--secondary "[39m
              [36m>[39m
                [0mInspect[0m
              [36m</button>[39m
            [36m</div>[39m
          [36m</section>[39m
        [36m</li>[39m
      [36m</ul>[39m
    [36m</section>[39m
  [36m</div>[39m
[36m</body>[39m

Ignored nodes: comments, script, style
[36m<body>[39m
  [36m<div>[39m
    [36m<section[39m
      [33maria-label[39m=[32m"Workspace recent projects"[39m
      [33mclass[39m=[32m"ff-project-browser"[39m
    [36m>[39m
      [36m<header[39m
        [33mclass[39m=[32m"ff-project-browser-heading"[39m
      [36m>[39m
        [36m<div>[39m
          [36m<span>[39m
            [0mWorkspace · read-only[0m
          [36m</span>[39m
          [36m<h1>[39m
            [0mRecent projects[0m
          [36m</h1>[39m
          [36m<p>[39m
            [0mFind and inspect a bounded snapshot of recent work. This view cannot open, create, or change projects.[0m
          [36m</p>[39m
        [36m</div>[39m
        [36m<button[39m
          [33mclass[39m=[32m"ff-button ff-button--secondary "[39m
        [36m>[39m
          [0mRefresh recent projects[0m
        [36m</button>[39m
      [36m</header>[39m
      [36m<p[39m
        [33mclass[39m=[32m"ff-project-origin ff-project-origin--simulated"[39m
      [36m>[39m
        [36m<span[39m
          [33mclass[39m=[32m"ff-badge ff-badge--warning"[39m
        [36m>[39m
          [0mSIMULATED PROJECT DATA · localhost fixture only · no real account or permission[0m
        [36m</span>[39m
      [36m</p>[39m
      [36m<p[39m
        [33mclass[39m=[32m"ff-project-boundary"[39m
      [36m>[39m
        [0mThis is a recent snapshot, not a full project inventory. Project opening and creation remain unavailable.[0m
      [36m</p>[39m
      [36m<div[39m
        [33mclass[39m=[32m"ff-project-controls"[39m
      [36m>[39m
        [36m<input[39m
          [33maria-label[39m=[32m"Search recent projects"[39m
          [33mclass[39m=[32m"ff-input "[39m
          [33mplaceholder[39m=[32m"Search name or description"[39m
          [33mtype[39m=[32m"search"[39m
          [33mvalue[39m=[32m""[39m
        [36m/>[39m
        [36m<label>[39m
          [0mProjected status[0m
          [36m<select>[39m
            [36m<option[39m
              [33mvalue[39m=[32m""[39m
            [36m>[39m
              [0mAll projected statuses[0m
            [36m</option>[39m
            [36m<option[39m
              [33mvalue[39m=[32m"IN_REVIEW?"[39m
            [36m>[39m
              [0mIN_REVIEW?[0m
            [36m</option>[39m
            [36m<option[39m
              [33mvalue[39m=[32m"future::READY<script>"[39m
            [36m>[39m
              [0mfuture::READY&lt;script&gt;[0m
            [36m</option>[39m
          [36m</select>[39m
        [36m</label>[39m
        [36m<label>[39m
          [0mSort recent projects[0m
          [36m<select>[39m
            [36m<option[39m
              [33mvalue[39m=[32m"name-asc"[39m
            [36m>[39m
              [0mName A–Z[0m
            [36m</option>[39m
            [36m<option[39m
              [33mvalue[39m=[32m"name-desc"[39m
            [36m>[39m
              [0mName Z–A[0m
            [36m</option>[39m
          [36m</select>[39m
        [36m</label>[39m
      [36m</div>[39m
      [36m<p[39m
        [33maria-live[39m=[32m"polite"[39m
        [33mrole[39m=[32m"status"[39m
      [36m>[39m
        [0m3 recent projects loaded · bounded recent snapshot.[0m
      [36m</p>[39m
      [36m<ul[39m
        [33maria-label[39m=[32m"Recent project snapshot"[39m
        [33mclass[39m=[32m"ff-project-browser-list"[39m
      [36m>[39m
        [36m<li>[39m
          [36m<section[39m
            [33mclass[39m=[32m"ff-panel "[39m
          [36m>[39m
            [36m<header[39m
              [33mclass[39m=[32m"ff-panel__header"[39m
            [36m>[39m
              [36m<h2>[39m
                [0mAlpha project[0m
              [36m</h2>[39m
            [36m</header>[39m
            [36m<div[39m
              [33mclass[39m=[32m"ff-panel__body"[39m
            [36m>[39m
              [36m<p[39m
                [33mclass[39m=[32m"ff-project-description"[39m
              [36m>[39m
                [0mNo description projected.[0m
              [36m</p>[39m
              [36m<span[39m
                [33mclass[39m=[32m"ff-status ff-status--neutral"[39m
              [36m>[39m
                [36m<span[39m
                  [33maria-hidden[39m=[32m"true"[39m
                [36m/>[39m
                [0mIN_REVIEW?[0m
              [36m</span>[39m
              [36m<button[39m
                [33maria-label[39m=[32m"Inspect Alpha project"[39m
                [33mclass[39m=[32m"ff-button ff-button--secondary "[39m
              [36m>[39m
                [0mInspect[0m
              [36m</button>[39m
            [36m</div>[39m
          [36m</section>[39m
        [36m</li>[39m
        [36m<li>[39m
          [36m<section[39m
            [33mclass[39m=[32m"ff-panel "[39m
          [36m>[39m
            [36m<header[39m
              [33mclass[39m=[32m"ff-panel__header"[39m
            [36m>[39m
              [36m<h2>[39m
                [0mAlpha project[0m
              [36m</h2>[39m
            [36m</header>[39m
            [36m<div[39m
              [33mclass[39m=[32m"ff-panel__body"[39m
            [36m>[39m
              [36m<p[39m
                [33mclass[39m=[32m"ff-project-description"[39m
              [36m>[39m
                [0m&lt;b&gt;opaque description&lt;/b&gt;[0m
              [36m</p>[39m
              [36m<span[39m
                [33mclass[39m=[32m"ff-status ff-status--neutral"[39m
              [36m>[39m
                [36m<span[39m
                  [33maria-hidden[39m=[32m"true"[39m
                [36m/>[39m
                [0mIN_REVIEW?[0m
              [36m</span>[39m
              [36m<button[39m
                [33maria-label[39m=[32m"Inspect Alpha project"[39m
                [33mclass[39m=[32m"ff-button ff-button--secondary "[39m
              [36m>[39m
                [0mInspect[0m
              [36m</button>[39m
            [36m</div>[39m
          [36m</section>[39m
        [36m</li>[39m
        [36m<li>[39m
          [36m<section[39m
            [33mclass[39m=[32m"ff-panel "[39m
          [36m>[39m
            [36m<header[39m
              [33mclass[39m=[32m"ff-panel__header"[39m
            [36m>[39m
              [36m<h2>[39m
                [0mZeta &lt;project&gt;[0m
              [36m</h2>[39m
            [36m</header>[39m
            [36m<div[39m
              [33mclass[39m=[32m"ff-panel__body"[39m
            [36m>[39m
              [36m<p[39m
                [33mclass[39m=[32m"ff-project-description"[39m
              [36m>[39m
                [0mdescription literal 原文[0m
              [36m</p>[39m
              [36m<span[39m
                [33mclass[39m=[32m"ff-status ff-status--neutral"[39m
              [36m>[39m
                [36m<span[39m
                  [33maria-hidden[39m=[32m"true"[39m
                [36m/>[39m
                [0mfuture::READY&lt;script&gt;[0m
              [36m</span>[39m
              [36m<button[39m
                [33maria-label[39m=[32m"Inspect Zeta <project>"[39m
                [33mclass[39m=[32m"ff-button ff-button--secondary "[39m
              [36m>[39m
                [0mInspect[0m
              [36m</button>[39m
            [36m</div>[39m
          [36m</section>[39m
        [36m</li>[39m
      [36m</ul>[39m
    [36m</section>[39m
  [36m</div>[39m
[36m</body>[39m
   × Workspace recent Project discovery and inspection > synchronously hides old content on sessionId change and ignores the old late reply 1017ms
     → Found multiple elements with the role "button" and name "Inspect Alpha project"

Here are the matching elements:

Ignored nodes: comments, script, style
[36m<button[39m
  [33maria-label[39m=[32m"Inspect Alpha project"[39m
  [33mclass[39m=[32m"ff-button ff-button--secondary "[39m
[36m>[39m
  [0mInspect[0m
[36m</button>[39m

Ignored nodes: comments, script, style
[36m<button[39m
  [33maria-label[39m=[32m"Inspect Alpha project"[39m
  [33mclass[39m=[32m"ff-button ff-button--secondary "[39m
[36m>[39m
  [0mInspect[0m
[36m</button>[39m

(If this is intentional, then use the `*AllBy*` variant of the query (like `queryAllByText`, `getAllByText`, or `findAllByText`)).

Ignored nodes: comments, script, style
[36m<body>[39m
  [36m<div>[39m
    [36m<section[39m
      [33maria-label[39m=[32m"Workspace recent projects"[39m
      [33mclass[39m=[32m"ff-project-browser"[39m
    [36m>[39m
      [36m<header[39m
        [33mclass[39m=[32m"ff-project-browser-heading"[39m
      [36m>[39m
        [36m<div>[39m
          [36m<span>[39m
            [0mWorkspace · read-only[0m
          [36m</span>[39m
          [36m<h1>[39m
            [0mRecent projects[0m
          [36m</h1>[39m
          [36m<p>[39m
            [0mFind and inspect a bounded snapshot of recent work. This view cannot open, create, or change projects.[0m
          [36m</p>[39m
        [36m</div>[39m
        [36m<button[39m
          [33mclass[39m=[32m"ff-button ff-button--secondary "[39m
        [36m>[39m
          [0mRefresh recent projects[0m
        [36m</button>[39m
      [36m</header>[39m
      [36m<p[39m
        [33mclass[39m=[32m"ff-project-origin ff-project-origin--simulated"[39m
      [36m>[39m
        [36m<span[39m
          [33mclass[39m=[32m"ff-badge ff-badge--warning"[39m
        [36m>[39m
          [0mSIMULATED PROJECT DATA · localhost fixture only · no real account or permission[0m
        [36m</span>[39m
      [36m</p>[39m
      [36m<p[39m
        [33mclass[39m=[32m"ff-project-boundary"[39m
      [36m>[39m
        [0mThis is a recent snapshot, not a full project inventory. Project opening and creation remain unavailable.[0m
      [36m</p>[39m
      [36m<div[39m
        [33mclass[39m=[32m"ff-project-controls"[39m
      [36m>[39m
        [36m<input[39m
          [33maria-label[39m=[32m"Search recent projects"[39m
          [33mclass[39m=[32m"ff-input "[39m
          [33mplaceholder[39m=[32m"Search name or description"[39m
          [33mtype[39m=[32m"search"[39m
          [33mvalue[39m=[32m""[39m
        [36m/>[39m
        [36m<label>[39m
          [0mProjected status[0m
          [36m<select>[39m
            [36m<option[39m
              [33mvalue[39m=[32m""[39m
            [36m>[39m
              [0mAll projected statuses[0m
            [36m</option>[39m
            [36m<option[39m
              [33mvalue[39m=[32m"IN_REVIEW?"[39m
            [36m>[39m
              [0mIN_REVIEW?[0m
            [36m</option>[39m
            [36m<option[39m
              [33mvalue[39m=[32m"future::READY<script>"[39m
            [36m>[39m
              [0mfuture::READY&lt;script&gt;[0m
            [36m</option>[39m
          [36m</select>[39m
        [36m</label>[39m
        [36m<label>[39m
          [0mSort recent projects[0m
          [36m<select>[39m
            [36m<option[39m
              [33mvalue[39m=[32m"name-asc"[39m
            [36m>[39m
              [0mName A–Z[0m
            [36m</option>[39m
            [36m<option[39m
              [33mvalue[39m=[32m"name-desc"[39m
            [36m>[39m
              [0mName Z–A[0m
            [36m</option>[39m
          [36m</select>[39m
        [36m</label>[39m
      [36m</div>[39m
      [36m<p[39m
        [33maria-live[39m=[32m"polite"[39m
        [33mrole[39m=[32m"status"[39m
      [36m>[39m
        [0m3 recent projects loaded · bounded recent snapshot.[0m
      [36m</p>[39m
      [36m<ul[39m
        [33maria-label[39m=[32m"Recent project snapshot"[39m
        [33mclass[39m=[32m"ff-project-browser-list"[39m
      [36m>[39m
        [36m<li>[39m
          [36m<section[39m
            [33mclass[39m=[32m"ff-panel "[39m
          [36m>[39m
            [36m<header[39m
              [33mclass[39m=[32m"ff-panel__header"[39m
            [36m>[39m
              [36m<h2>[39m
                [0mAlpha project[0m
              [36m</h2>[39m
            [36m</header>[39m
            [36m<div[39m
              [33mclass[39m=[32m"ff-panel__body"[39m
            [36m>[39m
              [36m<p[39m
                [33mclass[39m=[32m"ff-project-description"[39m
              [36m>[39m
                [0mNo description projected.[0m
              [36m</p>[39m
              [36m<span[39m
                [33mclass[39m=[32m"ff-status ff-status--neutral"[39m
              [36m>[39m
                [36m<span[39m
                  [33maria-hidden[39m=[32m"true"[39m
                [36m/>[39m
                [0mIN_REVIEW?[0m
              [36m</span>[39m
              [36m<button[39m
                [33maria-label[39m=[32m"Inspect Alpha project"[39m
                [33mclass[39m=[32m"ff-button ff-button--secondary "[39m
              [36m>[39m
                [0mInspect[0m
              [36m</button>[39m
            [36m</div>[39m
          [36m</section>[39m
        [36m</li>[39m
        [36m<li>[39m
          [36m<section[39m
            [33mclass[39m=[32m"ff-panel "[39m
          [36m>[39m
            [36m<header[39m
              [33mclass[39m=[32m"ff-panel__header"[39m
            [36m>[39m
              [36m<h2>[39m
                [0mAlpha project[0m
              [36m</h2>[39m
            [36m</header>[39m
            [36m<div[39m
              [33mclass[39m=[32m"ff-panel__body"[39m
            [36m>[39m
              [36m<p[39m
                [33mclass[39m=[32m"ff-project-description"[39m
              [36m>[39m
                [0m&lt;b&gt;opaque description&lt;/b&gt;[0m
              [36m</p>[39m
              [36m<span[39m
                [33mclass[39m=[32m"ff-status ff-status--neutral"[39m
              [36m>[39m
                [36m<span[39m
                  [33maria-hidden[39m=[32m"true"[39m
                [36m/>[39m
                [0mIN_REVIEW?[0m
              [36m</span>[39m
              [36m<button[39m
                [33maria-label[39m=[32m"Inspect Alpha project"[39m
                [33mclass[39m=[32m"ff-button ff-button--secondary "[39m
              [36m>[39m
                [0mInspect[0m
              [36m</button>[39m
            [36m</div>[39m
          [36m</section>[39m
        [36m</li>[39m
        [36m<li>[39m
          [36m<section[39m
            [33mclass[39m=[32m"ff-panel "[39m
          [36m>[39m
            [36m<header[39m
              [33mclass[39m=[32m"ff-panel__header"[39m
            [36m>[39m
              [36m<h2>[39m
                [0mZeta &lt;project&gt;[0m
              [36m</h2>[39m
            [36m</header>[39m
            [36m<div[39m
              [33mclass[39m=[32m"ff-panel__body"[39m
            [36m>[39m
              [36m<p[39m
                [33mclass[39m=[32m"ff-project-description"[39m
              [36m>[39m
                [0mdescription literal 原文[0m
              [36m</p>[39m
              [36m<span[39m
                [33mclass[39m=[32m"ff-status ff-status--neutral"[39m
              [36m>[39m
                [36m<span[39m
                  [33maria-hidden[39m=[32m"true"[39m
                [36m/>[39m
                [0mfuture::READY&lt;script&gt;[0m
              [36m</span>[39m
              [36m<button[39m
                [33maria-label[39m=[32m"Inspect Zeta <project>"[39m
                [33mclass[39m=[32m"ff-button ff-button--secondary "[39m
              [36m>[39m
                [0mInspect[0m
              [36m</button>[39m
            [36m</div>[39m
          [36m</section>[39m
        [36m</li>[39m
      [36m</ul>[39m
    [36m</section>[39m
  [36m</div>[39m
[36m</body>[39m

Ignored nodes: comments, script, style
[36m<body>[39m
  [36m<div>[39m
    [36m<section[39m
      [33maria-label[39m=[32m"Workspace recent projects"[39m
      [33mclass[39m=[32m"ff-project-browser"[39m
    [36m>[39m
      [36m<header[39m
        [33mclass[39m=[32m"ff-project-browser-heading"[39m
      [36m>[39m
        [36m<div>[39m
          [36m<span>[39m
            [0mWorkspace · read-only[0m
          [36m</span>[39m
          [36m<h1>[39m
            [0mRecent projects[0m
          [36m</h1>[39m
          [36m<p>[39m
            [0mFind and inspect a bounded snapshot of recent work. This view cannot open, create, or change projects.[0m
          [36m</p>[39m
        [36m</div>[39m
        [36m<button[39m
          [33mclass[39m=[32m"ff-button ff-button--secondary "[39m
        [36m>[39m
          [0mRefresh recent projects[0m
        [36m</button>[39m
      [36m</header>[39m
      [36m<p[39m
        [33mclass[39m=[32m"ff-project-origin ff-project-origin--simulated"[39m
      [36m>[39m
        [36m<span[39m
          [33mclass[39m=[32m"ff-badge ff-badge--warning"[39m
        [36m>[39m
          [0mSIMULATED PROJECT DATA · localhost fixture only · no real account or permission[0m
        [36m</span>[39m
      [36m</p>[39m
      [36m<p[39m
        [33mclass[39m=[32m"ff-project-boundary"[39m
      [36m>[39m
        [0mThis is a recent snapshot, not a full project inventory. Project opening and creation remain unavailable.[0m
      [36m</p>[39m
      [36m<div[39m
        [33mclass[39m=[32m"ff-project-controls"[39m
      [36m>[39m
        [36m<input[39m
          [33maria-label[39m=[32m"Search recent projects"[39m
          [33mclass[39m=[32m"ff-input "[39m
          [33mplaceholder[39m=[32m"Search name or description"[39m
          [33mtype[39m=[32m"search"[39m
          [33mvalue[39m=[32m""[39m
        [36m/>[39m
        [36m<label>[39m
          [0mProjected status[0m
          [36m<select>[39m
            [36m<option[39m
              [33mvalue[39m=[32m""[39m
            [36m>[39m
              [0mAll projected statuses[0m
            [36m</option>[39m
            [36m<option[39m
              [33mvalue[39m=[32m"IN_REVIEW?"[39m
            [36m>[39m
              [0mIN_REVIEW?[0m
            [36m</option>[39m
            [36m<option[39m
              [33mvalue[39m=[32m"future::READY<script>"[39m
            [36m>[39m
              [0mfuture::READY&lt;script&gt;[0m
            [36m</option>[39m
          [36m</select>[39m
        [36m</label>[39m
        [36m<label>[39m
          [0mSort recent projects[0m
          [36m<select>[39m
            [36m<option[39m
              [33mvalue[39m=[32m"name-asc"[39m
            [36m>[39m
              [0mName A–Z[0m
            [36m</option>[39m
            [36m<option[39m
              [33mvalue[39m=[32m"name-desc"[39m
            [36m>[39m
              [0mName Z–A[0m
            [36m</option>[39m
          [36m</select>[39m
        [36m</label>[39m
      [36m</div>[39m
      [36m<p[39m
        [33maria-live[39m=[32m"polite"[39m
        [33mrole[39m=[32m"status"[39m
      [36m>[39m
        [0m3 recent projects loaded · bounded recent snapshot.[0m
      [36m</p>[39m
      [36m<ul[39m
        [33maria-label[39m=[32m"Recent project snapshot"[39m
        [33mclass[39m=[32m"ff-project-browser-list"[39m
      [36m>[39m
        [36m<li>[39m
          [36m<section[39m
            [33mclass[39m=[32m"ff-panel "[39m
          [36m>[39m
            [36m<header[39m
              [33mclass[39m=[32m"ff-panel__header"[39m
            [36m>[39m
              [36m<h2>[39m
                [0mAlpha project[0m
              [36m</h2>[39m
            [36m</header>[39m
            [36m<div[39m
              [33mclass[39m=[32m"ff-panel__body"[39m
            [36m>[39m
              [36m<p[39m
                [33mclass[39m=[32m"ff-project-description"[39m
              [36m>[39m
                [0mNo description projected.[0m
              [36m</p>[39m
              [36m<span[39m
                [33mclass[39m=[32m"ff-status ff-status--neutral"[39m
              [36m>[39m
                [36m<span[39m
                  [33maria-hidden[39m=[32m"true"[39m
                [36m/>[39m
                [0mIN_REVIEW?[0m
              [36m</span>[39m
              [36m<button[39m
                [33maria-label[39m=[32m"Inspect Alpha project"[39m
                [33mclass[39m=[32m"ff-button ff-button--secondary "[39m
              [36m>[39m
                [0mInspect[0m
              [36m</button>[39m
            [36m</div>[39m
          [36m</section>[39m
        [36m</li>[39m
        [36m<li>[39m
          [36m<section[39m
            [33mclass[39m=[32m"ff-panel "[39m
          [36m>[39m
            [36m<header[39m
              [33mclass[39m=[32m"ff-panel__header"[39m
            [36m>[39m
              [36m<h2>[39m
                [0mAlpha project[0m
              [36m</h2>[39m
            [36m</header>[39m
            [36m<div[39m
              [33mclass[39m=[32m"ff-panel__body"[39m
            [36m>[39m
              [36m<p[39m
                [33mclass[39m=[32m"ff-project-description"[39m
              [36m>[39m
                [0m&lt;b&gt;opaque description&lt;/b&gt;[0m
              [36m</p>[39m
              [36m<span[39m
                [33mclass[39m=[32m"ff-status ff-status--neutral"[39m
              [36m>[39m
                [36m<span[39m
                  [33maria-hidden[39m=[32m"true"[39m
                [36m/>[39m
                [0mIN_REVIEW?[0m
              [36m</span>[39m
              [36m<button[39m
                [33maria-label[39m=[32m"Inspect Alpha project"[39m
                [33mclass[39m=[32m"ff-button ff-button--secondary "[39m
              [36m>[39m
                [0mInspect[0m
              [36m</button>[39m
            [36m</div>[39m
          [36m</section>[39m
        [36m</li>[39m
        [36m<li>[39m
          [36m<section[39m
            [33mclass[39m=[32m"ff-panel "[39m
          [36m>[39m
            [36m<header[39m
              [33mclass[39m=[32m"ff-panel__header"[39m
            [36m>[39m
              [36m<h2>[39m
                [0mZeta &lt;project&gt;[0m
              [36m</h2>[39m
            [36m</header>[39m
            [36m<div[39m
              [33mclass[39m=[32m"ff-panel__body"[39m
            [36m>[39m
              [36m<p[39m
                [33mclass[39m=[32m"ff-project-description"[39m
              [36m>[39m
                [0mdescription literal 原文[0m
              [36m</p>[39m
              [36m<span[39m
                [33mclass[39m=[32m"ff-status ff-status--neutral"[39m
              [36m>[39m
                [36m<span[39m
                  [33maria-hidden[39m=[32m"true"[39m
                [36m/>[39m
                [0mfuture::READY&lt;script&gt;[0m
              [36m</span>[39m
              [36m<button[39m
                [33maria-label[39m=[32m"Inspect Zeta <project>"[39m
                [33mclass[39m=[32m"ff-button ff-button--secondary "[39m
              [36m>[39m
                [0mInspect[0m
              [36m</button>[39m
            [36m</div>[39m
          [36m</section>[39m
        [36m</li>[39m
      [36m</ul>[39m
    [36m</section>[39m
  [36m</div>[39m
[36m</body>[39m
   × Workspace recent Project discovery and inspection > synchronously hides old content on workspaceId change and ignores the old late reply 1014ms
     → Found multiple elements with the role "button" and name "Inspect Alpha project"

Here are the matching elements:

Ignored nodes: comments, script, style
[36m<button[39m
  [33maria-label[39m=[32m"Inspect Alpha project"[39m
  [33mclass[39m=[32m"ff-button ff-button--secondary "[39m
[36m>[39m
  [0mInspect[0m
[36m</button>[39m

Ignored nodes: comments, script, style
[36m<button[39m
  [33maria-label[39m=[32m"Inspect Alpha project"[39m
  [33mclass[39m=[32m"ff-button ff-button--secondary "[39m
[36m>[39m
  [0mInspect[0m
[36m</button>[39m

(If this is intentional, then use the `*AllBy*` variant of the query (like `queryAllByText`, `getAllByText`, or `findAllByText`)).

Ignored nodes: comments, script, style
[36m<body>[39m
  [36m<div>[39m
    [36m<section[39m
      [33maria-label[39m=[32m"Workspace recent projects"[39m
      [33mclass[39m=[32m"ff-project-browser"[39m
    [36m>[39m
      [36m<header[39m
        [33mclass[39m=[32m"ff-project-browser-heading"[39m
      [36m>[39m
        [36m<div>[39m
          [36m<span>[39m
            [0mWorkspace · read-only[0m
          [36m</span>[39m
          [36m<h1>[39m
            [0mRecent projects[0m
          [36m</h1>[39m
          [36m<p>[39m
            [0mFind and inspect a bounded snapshot of recent work. This view cannot open, create, or change projects.[0m
          [36m</p>[39m
        [36m</div>[39m
        [36m<button[39m
          [33mclass[39m=[32m"ff-button ff-button--secondary "[39m
        [36m>[39m
          [0mRefresh recent projects[0m
        [36m</button>[39m
      [36m</header>[39m
      [36m<p[39m
        [33mclass[39m=[32m"ff-project-origin ff-project-origin--simulated"[39m
      [36m>[39m
        [36m<span[39m
          [33mclass[39m=[32m"ff-badge ff-badge--warning"[39m
        [36m>[39m
          [0mSIMULATED PROJECT DATA · localhost fixture only · no real account or permission[0m
        [36m</span>[39m
      [36m</p>[39m
      [36m<p[39m
        [33mclass[39m=[32m"ff-project-boundary"[39m
      [36m>[39m
        [0mThis is a recent snapshot, not a full project inventory. Project opening and creation remain unavailable.[0m
      [36m</p>[39m
      [36m<div[39m
        [33mclass[39m=[32m"ff-project-controls"[39m
      [36m>[39m
        [36m<input[39m
          [33maria-label[39m=[32m"Search recent projects"[39m
          [33mclass[39m=[32m"ff-input "[39m
          [33mplaceholder[39m=[32m"Search name or description"[39m
          [33mtype[39m=[32m"search"[39m
          [33mvalue[39m=[32m""[39m
        [36m/>[39m
        [36m<label>[39m
          [0mProjected status[0m
          [36m<select>[39m
            [36m<option[39m
              [33mvalue[39m=[32m""[39m
            [36m>[39m
              [0mAll projected statuses[0m
            [36m</option>[39m
            [36m<option[39m
              [33mvalue[39m=[32m"IN_REVIEW?"[39m
            [36m>[39m
              [0mIN_REVIEW?[0m
            [36m</option>[39m
            [36m<option[39m
              [33mvalue[39m=[32m"future::READY<script>"[39m
            [36m>[39m
              [0mfuture::READY&lt;script&gt;[0m
            [36m</option>[39m
          [36m</select>[39m
        [36m</label>[39m
        [36m<label>[39m
          [0mSort recent projects[0m
          [36m<select>[39m
            [36m<option[39m
              [33mvalue[39m=[32m"name-asc"[39m
            [36m>[39m
              [0mName A–Z[0m
            [36m</option>[39m
            [36m<option[39m
              [33mvalue[39m=[32m"name-desc"[39m
            [36m>[39m
              [0mName Z–A[0m
            [36m</option>[39m
          [36m</select>[39m
        [36m</label>[39m
      [36m</div>[39m
      [36m<p[39m
        [33maria-live[39m=[32m"polite"[39m
        [33mrole[39m=[32m"status"[39m
      [36m>[39m
        [0m3 recent projects loaded · bounded recent snapshot.[0m
      [36m</p>[39m
      [36m<ul[39m
        [33maria-label[39m=[32m"Recent project snapshot"[39m
        [33mclass[39m=[32m"ff-project-browser-list"[39m
      [36m>[39m
        [36m<li>[39m
          [36m<section[39m
            [33mclass[39m=[32m"ff-panel "[39m
          [36m>[39m
            [36m<header[39m
              [33mclass[39m=[32m"ff-panel__header"[39m
            [36m>[39m
              [36m<h2>[39m
                [0mAlpha project[0m
              [36m</h2>[39m
            [36m</header>[39m
            [36m<div[39m
              [33mclass[39m=[32m"ff-panel__body"[39m
            [36m>[39m
              [36m<p[39m
                [33mclass[39m=[32m"ff-project-description"[39m
              [36m>[39m
                [0mNo description projected.[0m
              [36m</p>[39m
              [36m<span[39m
                [33mclass[39m=[32m"ff-status ff-status--neutral"[39m
              [36m>[39m
                [36m<span[39m
                  [33maria-hidden[39m=[32m"true"[39m
                [36m/>[39m
                [0mIN_REVIEW?[0m
              [36m</span>[39m
              [36m<button[39m
                [33maria-label[39m=[32m"Inspect Alpha project"[39m
                [33mclass[39m=[32m"ff-button ff-button--secondary "[39m
              [36m>[39m
                [0mInspect[0m
              [36m</button>[39m
            [36m</div>[39m
          [36m</section>[39m
        [36m</li>[39m
        [36m<li>[39m
          [36m<section[39m
            [33mclass[39m=[32m"ff-panel "[39m
          [36m>[39m
            [36m<header[39m
              [33mclass[39m=[32m"ff-panel__header"[39m
            [36m>[39m
              [36m<h2>[39m
                [0mAlpha project[0m
              [36m</h2>[39m
            [36m</header>[39m
            [36m<div[39m
              [33mclass[39m=[32m"ff-panel__body"[39m
            [36m>[39m
              [36m<p[39m
                [33mclass[39m=[32m"ff-project-description"[39m
              [36m>[39m
                [0m&lt;b&gt;opaque description&lt;/b&gt;[0m
              [36m</p>[39m
              [36m<span[39m
                [33mclass[39m=[32m"ff-status ff-status--neutral"[39m
              [36m>[39m
                [36m<span[39m
                  [33maria-hidden[39m=[32m"true"[39m
                [36m/>[39m
                [0mIN_REVIEW?[0m
              [36m</span>[39m
              [36m<button[39m
                [33maria-label[39m=[32m"Inspect Alpha project"[39m
                [33mclass[39m=[32m"ff-button ff-button--secondary "[39m
              [36m>[39m
                [0mInspect[0m
              [36m</button>[39m
            [36m</div>[39m
          [36m</section>[39m
        [36m</li>[39m
        [36m<li>[39m
          [36m<section[39m
            [33mclass[39m=[32m"ff-panel "[39m
          [36m>[39m
            [36m<header[39m
              [33mclass[39m=[32m"ff-panel__header"[39m
            [36m>[39m
              [36m<h2>[39m
                [0mZeta &lt;project&gt;[0m
              [36m</h2>[39m
            [36m</header>[39m
            [36m<div[39m
              [33mclass[39m=[32m"ff-panel__body"[39m
            [36m>[39m
              [36m<p[39m
                [33mclass[39m=[32m"ff-project-description"[39m
              [36m>[39m
                [0mdescription literal 原文[0m
              [36m</p>[39m
              [36m<span[39m
                [33mclass[39m=[32m"ff-status ff-status--neutral"[39m
              [36m>[39m
                [36m<span[39m
                  [33maria-hidden[39m=[32m"true"[39m
                [36m/>[39m
                [0mfuture::READY&lt;script&gt;[0m
              [36m</span>[39m
              [36m<button[39m
                [33maria-label[39m=[32m"Inspect Zeta <project>"[39m
                [33mclass[39m=[32m"ff-button ff-button--secondary "[39m
              [36m>[39m
                [0mInspect[0m
              [36m</button>[39m
            [36m</div>[39m
          [36m</section>[39m
        [36m</li>[39m
      [36m</ul>[39m
    [36m</section>[39m
  [36m</div>[39m
[36m</body>[39m

Ignored nodes: comments, script, style
[36m<body>[39m
  [36m<div>[39m
    [36m<section[39m
      [33maria-label[39m=[32m"Workspace recent projects"[39m
      [33mclass[39m=[32m"ff-project-browser"[39m
    [36m>[39m
      [36m<header[39m
        [33mclass[39m=[32m"ff-project-browser-heading"[39m
      [36m>[39m
        [36m<div>[39m
          [36m<span>[39m
            [0mWorkspace · read-only[0m
          [36m</span>[39m
          [36m<h1>[39m
            [0mRecent projects[0m
          [36m</h1>[39m
          [36m<p>[39m
            [0mFind and inspect a bounded snapshot of recent work. This view cannot open, create, or change projects.[0m
          [36m</p>[39m
        [36m</div>[39m
        [36m<button[39m
          [33mclass[39m=[32m"ff-button ff-button--secondary "[39m
        [36m>[39m
          [0mRefresh recent projects[0m
        [36m</button>[39m
      [36m</header>[39m
      [36m<p[39m
        [33mclass[39m=[32m"ff-project-origin ff-project-origin--simulated"[39m
      [36m>[39m
        [36m<span[39m
          [33mclass[39m=[32m"ff-badge ff-badge--warning"[39m
        [36m>[39m
          [0mSIMULATED PROJECT DATA · localhost fixture only · no real account or permission[0m
        [36m</span>[39m
      [36m</p>[39m
      [36m<p[39m
        [33mclass[39m=[32m"ff-project-boundary"[39m
      [36m>[39m
        [0mThis is a recent snapshot, not a full project inventory. Project opening and creation remain unavailable.[0m
      [36m</p>[39m
      [36m<div[39m
        [33mclass[39m=[32m"ff-project-controls"[39m
      [36m>[39m
        [36m<input[39m
          [33maria-label[39m=[32m"Search recent projects"[39m
          [33mclass[39m=[32m"ff-input "[39m
          [33mplaceholder[39m=[32m"Search name or description"[39m
          [33mtype[39m=[32m"search"[39m
          [33mvalue[39m=[32m""[39m
        [36m/>[39m
        [36m<label>[39m
          [0mProjected status[0m
          [36m<select>[39m
            [36m<option[39m
              [33mvalue[39m=[32m""[39m
            [36m>[39m
              [0mAll projected statuses[0m
            [36m</option>[39m
            [36m<option[39m
              [33mvalue[39m=[32m"IN_REVIEW?"[39m
            [36m>[39m
              [0mIN_REVIEW?[0m
            [36m</option>[39m
            [36m<option[39m
              [33mvalue[39m=[32m"future::READY<script>"[39m
            [36m>[39m
              [0mfuture::READY&lt;script&gt;[0m
            [36m</option>[39m
          [36m</select>[39m
        [36m</label>[39m
        [36m<label>[39m
          [0mSort recent projects[0m
          [36m<select>[39m
            [36m<option[39m
              [33mvalue[39m=[32m"name-asc"[39m
            [36m>[39m
              [0mName A–Z[0m
            [36m</option>[39m
            [36m<option[39m
              [33mvalue[39m=[32m"name-desc"[39m
            [36m>[39m
              [0mName Z–A[0m
            [36m</option>[39m
          [36m</select>[39m
        [36m</label>[39m
      [36m</div>[39m
      [36m<p[39m
        [33maria-live[39m=[32m"polite"[39m
        [33mrole[39m=[32m"status"[39m
      [36m>[39m
        [0m3 recent projects loaded · bounded recent snapshot.[0m
      [36m</p>[39m
      [36m<ul[39m
        [33maria-label[39m=[32m"Recent project snapshot"[39m
        [33mclass[39m=[32m"ff-project-browser-list"[39m
      [36m>[39m
        [36m<li>[39m
          [36m<section[39m
            [33mclass[39m=[32m"ff-panel "[39m
          [36m>[39m
            [36m<header[39m
              [33mclass[39m=[32m"ff-panel__header"[39m
            [36m>[39m
              [36m<h2>[39m
                [0mAlpha project[0m
              [36m</h2>[39m
            [36m</header>[39m
            [36m<div[39m
              [33mclass[39m=[32m"ff-panel__body"[39m
            [36m>[39m
              [36m<p[39m
                [33mclass[39m=[32m"ff-project-description"[39m
              [36m>[39m
                [0mNo description projected.[0m
              [36m</p>[39m
              [36m<span[39m
                [33mclass[39m=[32m"ff-status ff-status--neutral"[39m
              [36m>[39m
                [36m<span[39m
                  [33maria-hidden[39m=[32m"true"[39m
                [36m/>[39m
                [0mIN_REVIEW?[0m
              [36m</span>[39m
              [36m<button[39m
                [33maria-label[39m=[32m"Inspect Alpha project"[39m
                [33mclass[39m=[32m"ff-button ff-button--secondary "[39m
              [36m>[39m
                [0mInspect[0m
              [36m</button>[39m
            [36m</div>[39m
          [36m</section>[39m
        [36m</li>[39m
        [36m<li>[39m
          [36m<section[39m
            [33mclass[39m=[32m"ff-panel "[39m
          [36m>[39m
            [36m<header[39m
              [33mclass[39m=[32m"ff-panel__header"[39m
            [36m>[39m
              [36m<h2>[39m
                [0mAlpha project[0m
              [36m</h2>[39m
            [36m</header>[39m
            [36m<div[39m
              [33mclass[39m=[32m"ff-panel__body"[39m
            [36m>[39m
              [36m<p[39m
                [33mclass[39m=[32m"ff-project-description"[39m
              [36m>[39m
                [0m&lt;b&gt;opaque description&lt;/b&gt;[0m
              [36m</p>[39m
              [36m<span[39m
                [33mclass[39m=[32m"ff-status ff-status--neutral"[39m
              [36m>[39m
                [36m<span[39m
                  [33maria-hidden[39m=[32m"true"[39m
                [36m/>[39m
                [0mIN_REVIEW?[0m
              [36m</span>[39m
              [36m<button[39m
                [33maria-label[39m=[32m"Inspect Alpha project"[39m
                [33mclass[39m=[32m"ff-button ff-button--secondary "[39m
              [36m>[39m
                [0mInspect[0m
              [36m</button>[39m
            [36m</div>[39m
          [36m</section>[39m
        [36m</li>[39m
        [36m<li>[39m
          [36m<section[39m
            [33mclass[39m=[32m"ff-panel "[39m
          [36m>[39m
            [36m<header[39m
              [33mclass[39m=[32m"ff-panel__header"[39m
            [36m>[39m
              [36m<h2>[39m
                [0mZeta &lt;project&gt;[0m
              [36m</h2>[39m
            [36m</header>[39m
            [36m<div[39m
              [33mclass[39m=[32m"ff-panel__body"[39m
            [36m>[39m
              [36m<p[39m
                [33mclass[39m=[32m"ff-project-description"[39m
              [36m>[39m
                [0mdescription literal 原文[0m
              [36m</p>[39m
              [36m<span[39m
                [33mclass[39m=[32m"ff-status ff-status--neutral"[39m
              [36m>[39m
                [36m<span[39m
                  [33maria-hidden[39m=[32m"true"[39m
                [36m/>[39m
                [0mfuture::READY&lt;script&gt;[0m
              [36m</span>[39m
              [36m<button[39m
                [33maria-label[39m=[32m"Inspect Zeta <project>"[39m
                [33mclass[39m=[32m"ff-button ff-button--secondary "[39m
              [36m>[39m
                [0mInspect[0m
              [36m</button>[39m
            [36m</div>[39m
          [36m</section>[39m
        [36m</li>[39m
      [36m</ul>[39m
    [36m</section>[39m
  [36m</div>[39m
[36m</body>[39m
   ✓ Workspace recent Project discovery and inspection > drops late replies after adapter replacement and unmount 20ms
   ✓ Workspace recent Project discovery and inspection > does not query denied or unknown projections and presents no content 6ms
   × Workspace recent Project discovery and inspection > is unavailable by default and persistently identifies the localhost fixture as simulated and read-only 15ms
     → Unable to find an accessible element with the role "heading" and name "Recent projects unavailable"

Here are the accessible roles:

  region:

  Name "Workspace recent projects":
  [36m<section[39m
    [33maria-label[39m=[32m"Workspace recent projects"[39m
    [33mclass[39m=[32m"ff-project-browser"[39m
  [36m/>[39m

  Name "Loading recent projects":
  [36m<section[39m
    [33maria-busy[39m=[32m"true"[39m
    [33maria-labelledby[39m=[32m"_r_m_"[39m
    [33maria-live[39m=[32m"polite"[39m
    [33mclass[39m=[32m"ff-state ff-state--loading"[39m
  [36m/>[39m

  --------------------------------------------------
  banner:

  Name "":
  [36m<header[39m
    [33mclass[39m=[32m"ff-project-browser-heading"[39m
  [36m/>[39m

  --------------------------------------------------
  heading:

  Name "Recent projects":
  [36m<h1 />[39m

  Name "Loading recent projects":
  [36m<h2[39m
    [33mid[39m=[32m"_r_m_"[39m
  [36m/>[39m

  --------------------------------------------------
  paragraph:

  Name "":
  [36m<p />[39m

  Name "":
  [36m<p[39m
    [33mclass[39m=[32m"ff-project-origin ff-project-origin--simulated"[39m
  [36m/>[39m

  Name "":
  [36m<p[39m
    [33mclass[39m=[32m"ff-project-boundary"[39m
  [36m/>[39m

  --------------------------------------------------
  status:

  Name "Loading recent projects":
  [36m<div[39m
    [33maria-label[39m=[32m"Loading recent projects"[39m
    [33mclass[39m=[32m"ff-skeleton"[39m
    [33mrole[39m=[32m"status"[39m
  [36m/>[39m

  --------------------------------------------------
  button:

  Name "Cancel loading":
  [36m<button[39m
    [33mclass[39m=[32m"ff-button ff-button--secondary "[39m
  [36m/>[39m

  --------------------------------------------------

Ignored nodes: comments, script, style
[36m<body>[39m
  [36m<div>[39m
    [36m<section[39m
      [33maria-label[39m=[32m"Workspace recent projects"[39m
      [33mclass[39m=[32m"ff-project-browser"[39m
    [36m>[39m
      [36m<header[39m
        [33mclass[39m=[32m"ff-project-browser-heading"[39m
      [36m>[39m
        [36m<div>[39m
          [36m<span>[39m
            [0mWorkspace · read-only[0m
          [36m</span>[39m
          [36m<h1>[39m
            [0mRecent projects[0m
          [36m</h1>[39m
          [36m<p>[39m
            [0mFind and inspect a bounded snapshot of recent work. This view cannot open, create, or change projects.[0m
          [36m</p>[39m
        [36m</div>[39m
      [36m</header>[39m
      [36m<p[39m
        [33mclass[39m=[32m"ff-project-origin ff-project-origin--simulated"[39m
      [36m>[39m
        [36m<span[39m
          [33mclass[39m=[32m"ff-badge ff-badge--warning"[39m
        [36m>[39m
          [0mSIMULATED PROJECT DATA · localhost fixture only · no real account or permission[0m
        [36m</span>[39m
      [36m</p>[39m
      [36m<p[39m
        [33mclass[39m=[32m"ff-project-boundary"[39m
      [36m>[39m
        [0mThis is a recent snapshot, not a full project inventory. Project opening and creation remain unavailable.[0m
      [36m</p>[39m
      [36m<section[39m
        [33maria-busy[39m=[32m"true"[39m
        [33maria-labelledby[39m=[32m"_r_m_"[39m
        [33maria-live[39m=[32m"polite"[39m
        [33mclass[39m=[32m"ff-state ff-state--loading"[39m
      [36m>[39m
        [36m<span[39m
          [33mclass[39m=[32m"ff-state__code"[39m
        [36m>[39m
          [0mLOADING[0m
        [36m</span>[39m
        [36m<h2[39m
          [33mid[39m=[32m"_r_m_"[39m
        [36m>[39m
          [0mLoading recent projects[0m
        [36m</h2>[39m
        [36m<div>[39m
          [36m<div[39m
            [33maria-label[39m=[32m"Loading recent projects"[39m
            [33mclass[39m=[32m"ff-skeleton"[39m
            [33mrole[39m=[32m"status"[39m
          [36m>[39m
            [36m<span[39m
              [33mclass[39m=[32m"sr-only"[39m
            [36m>[39m
              [0mLoading recent projects[0m
            [36m</span>[39m
          [36m</div>[39m
          [36m<button[39m
            [33mclass[39m=[32m"ff-button ff-button--secondary "[39m
          [36m>[39m
            [0mCancel loading[0m
          [36m</button>[39m
        [36m</div>[39m
      [36m</section>[39m
    [36m</section>[39m
  [36m</div>[39m
[36m</body>[39m
   × Workspace recent Project discovery and inspection > localizes the full Projects UI in zh-CN while preserving projected names, descriptions and statuses 17ms
     → Found multiple elements with the text: future::READY<script>

Here are the matching elements:

Ignored nodes: comments, script, style
[36m<option[39m
  [33mvalue[39m=[32m"future::READY<script>"[39m
[36m>[39m
  [0mfuture::READY&lt;script&gt;[0m
[36m</option>[39m

Ignored nodes: comments, script, style
[36m<span[39m
  [33mclass[39m=[32m"ff-status ff-status--neutral"[39m
[36m>[39m
  [36m<span[39m
    [33maria-hidden[39m=[32m"true"[39m
  [36m/>[39m
  [0mfuture::READY&lt;script&gt;[0m
[36m</span>[39m

(If this is intentional, then use the `*AllBy*` variant of the query (like `queryAllByText`, `getAllByText`, or `findAllByText`)).

Ignored nodes: comments, script, style
[36m<body>[39m
  [36m<div>[39m
    [36m<section[39m
      [33maria-label[39m=[32m"工作区最近项目"[39m
      [33mclass[39m=[32m"ff-project-browser"[39m
    [36m>[39m
      [36m<header[39m
        [33mclass[39m=[32m"ff-project-browser-heading"[39m
      [36m>[39m
        [36m<div>[39m
          [36m<span>[39m
            [0m工作区 · 只读[0m
          [36m</span>[39m
          [36m<h1>[39m
            [0m最近项目[0m
          [36m</h1>[39m
          [36m<p>[39m
            [0m查找并检查有限的最近工作快照。此视图不能打开、创建或更改项目。[0m
          [36m</p>[39m
        [36m</div>[39m
        [36m<button[39m
          [33mclass[39m=[32m"ff-button ff-button--secondary "[39m
        [36m>[39m
          [0m刷新最近项目[0m
        [36m</button>[39m
      [36m</header>[39m
      [36m<p[39m
        [33mclass[39m=[32m"ff-project-origin ff-project-origin--simulated"[39m
      [36m>[39m
        [36m<span[39m
          [33mclass[39m=[32m"ff-badge ff-badge--warning"[39m
        [36m>[39m
          [0m模拟项目数据 · 仅限 localhost 固定数据 · 未连接真实账户或权限[0m
        [36m</span>[39m
      [36m</p>[39m
      [36m<p[39m
        [33mclass[39m=[32m"ff-project-boundary"[39m
      [36m>[39m
        [0m这是最近项目快照，并非完整项目清单。项目打开和创建功能仍不可用。[0m
      [36m</p>[39m
      [36m<div[39m
        [33mclass[39m=[32m"ff-project-controls"[39m
      [36m>[39m
        [36m<input[39m
          [33maria-label[39m=[32m"搜索最近项目"[39m
          [33mclass[39m=[32m"ff-input "[39m
          [33mplaceholder[39m=[32m"搜索名称或描述"[39m
          [33mtype[39m=[32m"search"[39m
          [33mvalue[39m=[32m""[39m
        [36m/>[39m
        [36m<label>[39m
          [0m投影状态[0m
          [36m<select>[39m
            [36m<option[39m
              [33mvalue[39m=[32m""[39m
            [36m>[39m
              [0m所有投影状态[0m
            [36m</option>[39m
            [36m<option[39m
              [33mvalue[39m=[32m"IN_REVIEW?"[39m
            [36m>[39m
              [0mIN_REVIEW?[0m
            [36m</option>[39m
            [36m<option[39m
              [33mvalue[39m=[32m"future::READY<script>"[39m
            [36m>[39m
              [0mfuture::READY&lt;script&gt;[0m
            [36m</option>[39m
          [36m</select>[39m
        [36m</label>[39m
        [36m<label>[39m
          [0m最近项目排序[0m
          [36m<select>[39m
            [36m<option[39m
              [33mvalue[39m=[32m"name-asc"[39m
            [36m>[39m
              [0m名称 A–Z[0m
            [36m</option>[39m
            [36m<option[39m
              [33mvalue[39m=[32m"name-desc"[39m
            [36m>[39m
              [0m名称 Z–A[0m
            [36m</option>[39m
          [36m</select>[39m
        [36m</label>[39m
      [36m</div>[39m
      [36m<p[39m
        [33maria-live[39m=[32m"polite"[39m
        [33mrole[39m=[32m"status"[39m
      [36m>[39m
        [0m已加载 3 个最近项目 · 有限的最近快照。[0m
      [36m</p>[39m
      [36m<ul[39m
        [33maria-label[39m=[32m"最近项目快照"[39m
        [33mclass[39m=[32m"ff-project-browser-list"[39m
      [36m>[39m
        [36m<li>[39m
          [36m<section[39m
            [33mclass[39m=[32m"ff-panel "[39m
          [36m>[39m
            [36m<header[39m
              [33mclass[39m=[32m"ff-panel__header"[39m
            [36m>[39m
              [36m<h2>[39m
                [0mAlpha project[0m
              [36m</h2>[39m
            [36m</header>[39m
            [36m<div[39m
              [33mclass[39m=[32m"ff-panel__body"[39m
            [36m>[39m
              [36m<p[39m
                [33mclass[39m=[32m"ff-project-description"[39m
              [36m>[39m
                [0m未投影描述。[0m
              [36m</p>[39m
              [36m<span[39m
                [33mclass[39m=[32m"ff-status ff-status--neutral"[39m
              [36m>[39m
                [36m<span[39m
                  [33maria-hidden[39m=[32m"true"[39m
                [36m/>[39m
                [0mIN_REVIEW?[0m
              [36m</span>[39m
              [36m<button[39m
                [33maria-label[39m=[32m"检查 Alpha project"[39m
                [33mclass[39m=[32m"ff-button ff-button--secondary "[39m
              [36m>[39m
                [0m检查[0m
              [36m</button>[39m
            [36m</div>[39m
          [36m</section>[39m
        [36m</li>[39m
        [36m<li>[39m
          [36m<section[39m
            [33mclass[39m=[32m"ff-panel "[39m
          [36m>[39m
            [36m<header[39m
              [33mclass[39m=[32m"ff-panel__header"[39m
            [36m>[39m
              [36m<h2>[39m
                [0mAlpha project[0m
              [36m</h2>[39m
            [36m</header>[39m
            [36m<div[39m
              [33mclass[39m=[32m"ff-panel__body"[39m
            [36m>[39m
              [36m<p[39m
                [33mclass[39m=[32m"ff-project-description"[39m
              [36m>[39m
                [0m&lt;b&gt;opaque description&lt;/b&gt;[0m
              [36m</p>[39m
              [36m<span[39m
                [33mclass[39m=[32m"ff-status ff-status--neutral"[39m
              [36m>[39m
                [36m<span[39m
                  [33maria-hidden[39m=[32m"true"[39m
                [36m/>[39m
                [0mIN_REVIEW?[0m
              [36m</span>[39m
              [36m<button[39m
                [33maria-label[39m=[32m"检查 Alpha project"[39m
                [33mclass[39m=[32m"ff-button ff-button--secondary "[39m
              [36m>[39m
                [0m检查[0m
              [36m</button>[39m
            [36m</div>[39m
          [36m</section>[39m
        [36m</li>[39m
        [36m<li>[39m
          [36m<section[39m
            [33mclass[39m=[32m"ff-panel "[39m
          [36m>[39m
            [36m<header[39m
              [33mclass[39m=[32m"ff-panel__header"[39m
            [36m>[39m
              [36m<h2>[39m
                [0mZeta &lt;project&gt;[0m
              [36m</h2>[39m
            [36m</header>[39m
            [36m<div[39m
              [33mclass[39m=[32m"ff-panel__body"[39m
            [36m>[39m
              [36m<p[39m
                [33mclass[39m=[32m"ff-project-description"[39m
              [36m>[39m
                [0mdescription literal 原文[0m
              [36m</p>[39m
              [36m<span[39m
                [33mclass[39m=[32m"ff-status ff-status--neutral"[39m
              [36m>[39m
                [36m<span[39m
                  [33maria-hidden[39m=[32m"true"[39m
                [36m/>[39m
                [0mfuture::READY&lt;script&gt;[0m
              [36m</span>[39m
              [36m<button[39m
                [33maria-label[39m=[32m"检查 Zeta <project>"[39m
                [33mclass[39m=[32m"ff-button ff-button--secondary "[39m
              [36m>[39m
                [0m检查[0m
              [36m</button>[39m
            [36m</div>[39m
          [36m</section>[39m
        [36m</li>[39m
      [36m</ul>[39m
    [36m</section>[39m
  [36m</div>[39m
[36m</body>[39m

⎯⎯⎯⎯⎯⎯ Failed Tests 13 ⎯⎯⎯⎯⎯⎯⎯

 FAIL  src/product/projects/ProjectBrowser.test.tsx > Workspace recent Project discovery and inspection > searches literal name and description content, filters opaque statuses, sorts deterministically, and resets no matches
TestingLibraryElementError: Found multiple elements with the role "button" and name "Inspect Alpha project"

Here are the matching elements:

Ignored nodes: comments, script, style
[36m<button[39m
  [33maria-label[39m=[32m"Inspect Alpha project"[39m
  [33mclass[39m=[32m"ff-button ff-button--secondary "[39m
[36m>[39m
  [0mInspect[0m
[36m</button>[39m

Ignored nodes: comments, script, style
[36m<button[39m
  [33maria-label[39m=[32m"Inspect Alpha project"[39m
  [33mclass[39m=[32m"ff-button ff-button--secondary "[39m
[36m>[39m
  [0mInspect[0m
[36m</button>[39m

(If this is intentional, then use the `*AllBy*` variant of the query (like `queryAllByText`, `getAllByText`, or `findAllByText`)).

Ignored nodes: comments, script, style
[36m<body>[39m
  [36m<div>[39m
    [36m<section[39m
      [33maria-label[39m=[32m"Workspace recent projects"[39m
      [33mclass[39m=[32m"ff-project-browser"[39m
    [36m>[39m
      [36m<header[39m
        [33mclass[39m=[32m"ff-project-browser-heading"[39m
      [36m>[39m
        [36m<div>[39m
          [36m<span>[39m
            [0mWorkspace · read-only[0m
          [36m</span>[39m
          [36m<h1>[39m
            [0mRecent projects[0m
          [36m</h1>[39m
          [36m<p>[39m
            [0mFind and inspect a bounded snapshot of recent work. This view cannot open, create, or change projects.[0m
          [36m</p>[39m
        [36m</div>[39m
        [36m<button[39m
          [33mclass[39m=[32m"ff-button ff-button--secondary "[39m
        [36m>[39m
          [0mRefresh recent projects[0m
        [36m</button>[39m
      [36m</header>[39m
      [36m<p[39m
        [33mclass[39m=[32m"ff-project-origin ff-project-origin--simulated"[39m
      [36m>[39m
        [36m<span[39m
          [33mclass[39m=[32m"ff-badge ff-badge--warning"[39m
        [36m>[39m
          [0mSIMULATED PROJECT DATA · localhost fixture only · no real account or permission[0m
        [36m</span>[39m
      [36m</p>[39m
      [36m<p[39m
        [33mclass[39m=[32m"ff-project-boundary"[39m
      [36m>[39m
        [0mThis is a recent snapshot, not a full project inventory. Project opening and creation remain unavailable.[0m
      [36m</p>[39m
      [36m<div[39m
        [33mclass[39m=[32m"ff-project-controls"[39m
      [36m>[39m
        [36m<input[39m
          [33maria-label[39m=[32m"Search recent projects"[39m
          [33mclass[39m=[32m"ff-input "[39m
          [33mplaceholder[39m=[32m"Search name or description"[39m
          [33mtype[39m=[32m"search"[39m
          [33mvalue[39m=[32m""[39m
        [36m/>[39m
        [36m<label>[39m
          [0mProjected status[0m
          [36m<select>[39m
            [36m<option[39m
              [33mvalue[39m=[32m""[39m
            [36m>[39m
              [0mAll projected statuses[0m
            [36m</option>[39m
            [36m<option[39m
              [33mvalue[39m=[32m"IN_REVIEW?"[39m
            [36m>[39m
              [0mIN_REVIEW?[0m
            [36m</option>[39m
            [36m<option[39m
              [33mvalue[39m=[32m"future::READY<script>"[39m
            [36m>[39m
              [0mfuture::READY&lt;script&gt;[0m
            [36m</option>[39m
          [36m</select>[39m
        [36m</label>[39m
        [36m<label>[39m
          [0mSort recent projects[0m
          [36m<select>[39m
            [36m<option[39m
              [33mvalue[39m=[32m"name-asc"[39m
            [36m>[39m
              [0mName A–Z[0m
            [36m</option>[39m
            [36m<option[39m
              [33mvalue[39m=[32m"name-desc"[39m
            [36m>[39m
              [0mName Z–A[0m
            [36m</option>[39m
          [36m</select>[39m
        [36m</label>[39m
      [36m</div>[39m
      [36m<p[39m
        [33maria-live[39m=[32m"polite"[39m
        [33mrole[39m=[32m"status"[39m
      [36m>[39m
        [0m3 recent projects loaded · bounded recent snapshot.[0m
      [36m</p>[39m
      [36m<ul[39m
        [33maria-label[39m=[32m"Recent project snapshot"[39m
        [33mclass[39m=[32m"ff-project-browser-list"[39m
      [36m>[39m
        [36m<li>[39m
          [36m<section[39m
            [33mclass[39m=[32m"ff-panel "[39m
          [36m>[39m
            [36m<header[39m
              [33mclass[39m=[32m"ff-panel__header"[39m
            [36m>[39m
              [36m<h2>[39m
                [0mAlpha project[0m
              [36m</h2>[39m
            [36m</header>[39m
            [36m<div[39m
              [33mclass[39m=[32m"ff-panel__body"[39m
            [36m>[39m
              [36m<p[39m
                [33mclass[39m=[32m"ff-project-description"[39m
              [36m>[39m
                [0mNo description projected.[0m
              [36m</p>[39m
              [36m<span[39m
                [33mclass[39m=[32m"ff-status ff-status--neutral"[39m
              [36m>[39m
                [36m<span[39m
                  [33maria-hidden[39m=[32m"true"[39m
                [36m/>[39m
                [0mIN_REVIEW?[0m
              [36m</span>[39m
              [36m<button[39m
                [33maria-label[39m=[32m"Inspect Alpha project"[39m
                [33mclass[39m=[32m"ff-button ff-button--secondary "[39m
              [36m>[39m
                [0mInspect[0m
              [36m</button>[39m
            [36m</div>[39m
          [36m</section>[39m
        [36m</li>[39m
        [36m<li>[39m
          [36m<section[39m
            [33mclass[39m=[32m"ff-panel "[39m
          [36m>[39m
            [36m<header[39m
              [33mclass[39m=[32m"ff-panel__header"[39m
            [36m>[39m
              [36m<h2>[39m
                [0mAlpha project[0m
              [36m</h2>[39m
            [36m</header>[39m
            [36m<div[39m
              [33mclass[39m=[32m"ff-panel__body"[39m
            [36m>[39m
              [36m<p[39m
                [33mclass[39m=[32m"ff-project-description"[39m
              [36m>[39m
                [0m&lt;b&gt;opaque description&lt;/b&gt;[0m
              [36m</p>[39m
              [36m<span[39m
                [33mclass[39m=[32m"ff-status ff-status--neutral"[39m
              [36m>[39m
                [36m<span[39m
                  [33maria-hidden[39m=[32m"true"[39m
                [36m/>[39m
                [0mIN_REVIEW?[0m
              [36m</span>[39m
              [36m<button[39m
                [33maria-label[39m=[32m"Inspect Alpha project"[39m
                [33mclass[39m=[32m"ff-button ff-button--secondary "[39m
              [36m>[39m
                [0mInspect[0m
              [36m</button>[39m
            [36m</div>[39m
          [36m</section>[39m
        [36m</li>[39m
        [36m<li>[39m
          [36m<section[39m
            [33mclass[39m=[32m"ff-panel "[39m
          [36m>[39m
            [36m<header[39m
              [33mclass[39m=[32m"ff-panel__header"[39m
            [36m>[39m
              [36m<h2>[39m
                [0mZeta &lt;project&gt;[0m
              [36m</h2>[39m
            [36m</header>[39m
            [36m<div[39m
              [33mclass[39m=[32m"ff-panel__body"[39m
            [36m>[39m
              [36m<p[39m
                [33mclass[39m=[32m"ff-project-description"[39m
              [36m>[39m
                [0mdescription literal 原文[0m
              [36m</p>[39m
              [36m<span[39m
                [33mclass[39m=[32m"ff-status ff-status--neutral"[39m
              [36m>[39m
                [36m<span[39m
                  [33maria-hidden[39m=[32m"true"[39m
                [36m/>[39m
                [0mfuture::READY&lt;script&gt;[0m
              [36m</span>[39m
              [36m<button[39m
                [33maria-label[39m=[32m"Inspect Zeta <project>"[39m
                [33mclass[39m=[32m"ff-button ff-button--secondary "[39m
              [36m>[39m
                [0mInspect[0m
              [36m</button>[39m
            [36m</div>[39m
          [36m</section>[39m
        [36m</li>[39m
      [36m</ul>[39m
    [36m</section>[39m
  [36m</div>[39m
[36m</body>[39m

Ignored nodes: comments, script, style
[36m<body>[39m
  [36m<div>[39m
    [36m<section[39m
      [33maria-label[39m=[32m"Workspace recent projects"[39m
      [33mclass[39m=[32m"ff-project-browser"[39m
    [36m>[39m
      [36m<header[39m
        [33mclass[39m=[32m"ff-project-browser-heading"[39m
      [36m>[39m
        [36m<div>[39m
          [36m<span>[39m
            [0mWorkspace · read-only[0m
          [36m</span>[39m
          [36m<h1>[39m
            [0mRecent projects[0m
          [36m</h1>[39m
          [36m<p>[39m
            [0mFind and inspect a bounded snapshot of recent work. This view cannot open, create, or change projects.[0m
          [36m</p>[39m
        [36m</div>[39m
        [36m<button[39m
          [33mclass[39m=[32m"ff-button ff-button--secondary "[39m
        [36m>[39m
          [0mRefresh recent projects[0m
        [36m</button>[39m
      [36m</header>[39m
      [36m<p[39m
        [33mclass[39m=[32m"ff-project-origin ff-project-origin--simulated"[39m
      [36m>[39m
        [36m<span[39m
          [33mclass[39m=[32m"ff-badge ff-badge--warning"[39m
        [36m>[39m
          [0mSIMULATED PROJECT DATA · localhost fixture only · no real account or permission[0m
        [36m</span>[39m
      [36m</p>[39m
      [36m<p[39m
        [33mclass[39m=[32m"ff-project-boundary"[39m
      [36m>[39m
        [0mThis is a recent snapshot, not a full project inventory. Project opening and creation remain unavailable.[0m
      [36m</p>[39m
      [36m<div[39m
        [33mclass[39m=[32m"ff-project-controls"[39m
      [36m>[39m
        [36m<input[39m
          [33maria-label[39m=[32m"Search recent projects"[39m
          [33mclass[39m=[32m"ff-input "[39m
          [33mplaceholder[39m=[32m"Search name or description"[39m
          [33mtype[39m=[32m"search"[39m
          [33mvalue[39m=[32m""[39m
        [36m/>[39m
        [36m<label>[39m
          [0mProjected status[0m
          [36m<select>[39m
            [36m<option[39m
              [33mvalue[39m=[32m""[39m
            [36m>[39m
              [0mAll projected statuses[0m
            [36m</option>[39m
            [36m<option[39m
              [33mvalue[39m=[32m"IN_REVIEW?"[39m
            [36m>[39m
              [0mIN_REVIEW?[0m
            [36m</option>[39m
            [36m<option[39m
              [33mvalue[39m=[32m"future::READY<script>"[39m
            [36m>[39m
              [0mfuture::READY&lt;script&gt;[0m
            [36m</option>[39m
          [36m</select>[39m
        [36m</label>[39m
        [36m<label>[39m
          [0mSort recent projects[0m
          [36m<select>[39m
            [36m<option[39m
              [33mvalue[39m=[32m"name-asc"[39m
            [36m>[39m
              [0mName A–Z[0m
            [36m</option>[39m
            [36m<option[39m
              [33mvalue[39m=[32m"name-desc"[39m
            [36m>[39m
              [0mName Z–A[0m
            [36m</option>[39m
          [36m</select>[39m
        [36m</label>[39m
      [36m</div>[39m
      [36m<p[39m
        [33maria-live[39m=[32m"polite"[39m
        [33mrole[39m=[32m"status"[39m
      [36m>[39m
        [0m3 recent projects loaded · bounded recent snapshot.[0m
      [36m</p>[39m
      [36m<ul[39m
        [33maria-label[39m=[32m"Recent project snapshot"[39m
        [33mclass[39m=[32m"ff-project-browser-list"[39m
      [36m>[39m
        [36m<li>[39m
          [36m<section[39m
            [33mclass[39m=[32m"ff-panel "[39m
          [36m>[39m
            [36m<header[39m
              [33mclass[39m=[32m"ff-panel__header"[39m
            [36m>[39m
              [36m<h2>[39m
                [0mAlpha project[0m
              [36m</h2>[39m
            [36m</header>[39m
            [36m<div[39m
              [33mclass[39m=[32m"ff-panel__body"[39m
            [36m>[39m
              [36m<p[39m
                [33mclass[39m=[32m"ff-project-description"[39m
              [36m>[39m
                [0mNo description projected.[0m
              [36m</p>[39m
              [36m<span[39m
                [33mclass[39m=[32m"ff-status ff-status--neutral"[39m
              [36m>[39m
                [36m<span[39m
                  [33maria-hidden[39m=[32m"true"[39m
                [36m/>[39m
                [0mIN_REVIEW?[0m
              [36m</span>[39m
              [36m<button[39m
                [33maria-label[39m=[32m"Inspect Alpha project"[39m
                [33mclass[39m=[32m"ff-button ff-button--secondary "[39m
              [36m>[39m
                [0mInspect[0m
              [36m</button>[39m
            [36m</div>[39m
          [36m</section>[39m
        [36m</li>[39m
        [36m<li>[39m
          [36m<section[39m
            [33mclass[39m=[32m"ff-panel "[39m
          [36m>[39m
            [36m<header[39m
              [33mclass[39m=[32m"ff-panel__header"[39m
            [36m>[39m
              [36m<h2>[39m
                [0mAlpha project[0m
              [36m</h2>[39m
            [36m</header>[39m
            [36m<div[39m
              [33mclass[39m=[32m"ff-panel__body"[39m
            [36m>[39m
              [36m<p[39m
                [33mclass[39m=[32m"ff-project-description"[39m
              [36m>[39m
                [0m&lt;b&gt;opaque description&lt;/b&gt;[0m
              [36m</p>[39m
              [36m<span[39m
                [33mclass[39m=[32m"ff-status ff-status--neutral"[39m
              [36m>[39m
                [36m<span[39m
                  [33maria-hidden[39m=[32m"true"[39m
                [36m/>[39m
                [0mIN_REVIEW?[0m
              [36m</span>[39m
              [36m<button[39m
                [33maria-label[39m=[32m"Inspect Alpha project"[39m
                [33mclass[39m=[32m"ff-button ff-button--secondary "[39m
              [36m>[39m
                [0mInspect[0m
              [36m</button>[39m
            [36m</div>[39m
          [36m</section>[39m
        [36m</li>[39m
        [36m<li>[39m
          [36m<section[39m
            [33mclass[39m=[32m"ff-panel "[39m
          [36m>[39m
            [36m<header[39m
              [33mclass[39m=[32m"ff-panel__header"[39m
            [36m>[39m
              [36m<h2>[39m
                [0mZeta &lt;project&gt;[0m
              [36m</h2>[39m
            [36m</header>[39m
            [36m<div[39m
              [33mclass[39m=[32m"ff-panel__body"[39m
            [36m>[39m
              [36m<p[39m
                [33mclass[39m=[32m"ff-project-description"[39m
              [36m>[39m
                [0mdescription literal 原文[0m
              [36m</p>[39m
              [36m<span[39m
                [33mclass[39m=[32m"ff-status ff-status--neutral"[39m
              [36m>[39m
                [36m<span[39m
                  [33maria-hidden[39m=[32m"true"[39m
                [36m/>[39m
                [0mfuture::READY&lt;script&gt;[0m
              [36m</span>[39m
              [36m<button[39m
                [33maria-label[39m=[32m"Inspect Zeta <project>"[39m
                [33mclass[39m=[32m"ff-button ff-button--secondary "[39m
              [36m>[39m
                [0mInspect[0m
              [36m</button>[39m
            [36m</div>[39m
          [36m</section>[39m
        [36m</li>[39m
      [36m</ul>[39m
    [36m</section>[39m
  [36m</div>[39m
[36m</body>[39m
 ❯ waitForWrapper node_modules/@testing-library/dom/dist/wait-for.js:163:27
 ❯ node_modules/@testing-library/dom/dist/query-helpers.js:86:33
 ❯ src/product/projects/ProjectBrowser.test.tsx:21:18
     19|   it('searches literal name and description content, filters opaque st…
     20|     setup()
     21|     await screen.findByRole('button', { name: 'Inspect Alpha project' …
       |                  ^
     22|     expect(screen.getAllByRole('button', { name: /^Inspect / }).map(bu…
     23|     fireEvent.change(screen.getByRole('searchbox', { name: 'Search rec…

⎯⎯⎯⎯⎯⎯⎯⎯⎯⎯⎯⎯⎯⎯⎯⎯⎯⎯⎯⎯⎯⎯⎯[1/13]⎯

 FAIL  src/product/projects/ProjectBrowser.test.tsx > Workspace recent Project discovery and inspection > supports cancel, retry and refresh; each new request clears content and late cancelled replies stay hidden
TestingLibraryElementError: Found multiple elements with the role "button" and name "Inspect Alpha project"

Here are the matching elements:

Ignored nodes: comments, script, style
[36m<button[39m
  [33maria-label[39m=[32m"Inspect Alpha project"[39m
  [33mclass[39m=[32m"ff-button ff-button--secondary "[39m
[36m>[39m
  [0mInspect[0m
[36m</button>[39m

Ignored nodes: comments, script, style
[36m<button[39m
  [33maria-label[39m=[32m"Inspect Alpha project"[39m
  [33mclass[39m=[32m"ff-button ff-button--secondary "[39m
[36m>[39m
  [0mInspect[0m
[36m</button>[39m

(If this is intentional, then use the `*AllBy*` variant of the query (like `queryAllByText`, `getAllByText`, or `findAllByText`)).

Ignored nodes: comments, script, style
[36m<body>[39m
  [36m<div>[39m
    [36m<section[39m
      [33maria-label[39m=[32m"Workspace recent projects"[39m
      [33mclass[39m=[32m"ff-project-browser"[39m
    [36m>[39m
      [36m<header[39m
        [33mclass[39m=[32m"ff-project-browser-heading"[39m
      [36m>[39m
        [36m<div>[39m
          [36m<span>[39m
            [0mWorkspace · read-only[0m
          [36m</span>[39m
          [36m<h1>[39m
            [0mRecent projects[0m
          [36m</h1>[39m
          [36m<p>[39m
            [0mFind and inspect a bounded snapshot of recent work. This view cannot open, create, or change projects.[0m
          [36m</p>[39m
        [36m</div>[39m
        [36m<button[39m
          [33mclass[39m=[32m"ff-button ff-button--secondary "[39m
        [36m>[39m
          [0mRefresh recent projects[0m
        [36m</button>[39m
      [36m</header>[39m
      [36m<p[39m
        [33mclass[39m=[32m"ff-project-origin ff-project-origin--simulated"[39m
      [36m>[39m
        [36m<span[39m
          [33mclass[39m=[32m"ff-badge ff-badge--warning"[39m
        [36m>[39m
          [0mSIMULATED PROJECT DATA · localhost fixture only · no real account or permission[0m
        [36m</span>[39m
      [36m</p>[39m
      [36m<p[39m
        [33mclass[39m=[32m"ff-project-boundary"[39m
      [36m>[39m
        [0mThis is a recent snapshot, not a full project inventory. Project opening and creation remain unavailable.[0m
      [36m</p>[39m
      [36m<div[39m
        [33mclass[39m=[32m"ff-project-controls"[39m
      [36m>[39m
        [36m<input[39m
          [33maria-label[39m=[32m"Search recent projects"[39m
          [33mclass[39m=[32m"ff-input "[39m
          [33mplaceholder[39m=[32m"Search name or description"[39m
          [33mtype[39m=[32m"search"[39m
          [33mvalue[39m=[32m""[39m
        [36m/>[39m
        [36m<label>[39m
          [0mProjected status[0m
          [36m<select>[39m
            [36m<option[39m
              [33mvalue[39m=[32m""[39m
            [36m>[39m
              [0mAll projected statuses[0m
            [36m</option>[39m
            [36m<option[39m
              [33mvalue[39m=[32m"IN_REVIEW?"[39m
            [36m>[39m
              [0mIN_REVIEW?[0m
            [36m</option>[39m
            [36m<option[39m
              [33mvalue[39m=[32m"future::READY<script>"[39m
            [36m>[39m
              [0mfuture::READY&lt;script&gt;[0m
            [36m</option>[39m
          [36m</select>[39m
        [36m</label>[39m
        [36m<label>[39m
          [0mSort recent projects[0m
          [36m<select>[39m
            [36m<option[39m
              [33mvalue[39m=[32m"name-asc"[39m
            [36m>[39m
              [0mName A–Z[0m
            [36m</option>[39m
            [36m<option[39m
              [33mvalue[39m=[32m"name-desc"[39m
            [36m>[39m
              [0mName Z–A[0m
            [36m</option>[39m
          [36m</select>[39m
        [36m</label>[39m
      [36m</div>[39m
      [36m<p[39m
        [33maria-live[39m=[32m"polite"[39m
        [33mrole[39m=[32m"status"[39m
      [36m>[39m
        [0m3 recent projects loaded · bounded recent snapshot.[0m
      [36m</p>[39m
      [36m<ul[39m
        [33maria-label[39m=[32m"Recent project snapshot"[39m
        [33mclass[39m=[32m"ff-project-browser-list"[39m
      [36m>[39m
        [36m<li>[39m
          [36m<section[39m
            [33mclass[39m=[32m"ff-panel "[39m
          [36m>[39m
            [36m<header[39m
              [33mclass[39m=[32m"ff-panel__header"[39m
            [36m>[39m
              [36m<h2>[39m
                [0mAlpha project[0m
              [36m</h2>[39m
            [36m</header>[39m
            [36m<div[39m
              [33mclass[39m=[32m"ff-panel__body"[39m
            [36m>[39m
              [36m<p[39m
                [33mclass[39m=[32m"ff-project-description"[39m
              [36m>[39m
                [0mNo description projected.[0m
              [36m</p>[39m
              [36m<span[39m
                [33mclass[39m=[32m"ff-status ff-status--neutral"[39m
              [36m>[39m
                [36m<span[39m
                  [33maria-hidden[39m=[32m"true"[39m
                [36m/>[39m
                [0mIN_REVIEW?[0m
              [36m</span>[39m
              [36m<button[39m
                [33maria-label[39m=[32m"Inspect Alpha project"[39m
                [33mclass[39m=[32m"ff-button ff-button--secondary "[39m
              [36m>[39m
                [0mInspect[0m
              [36m</button>[39m
            [36m</div>[39m
          [36m</section>[39m
        [36m</li>[39m
        [36m<li>[39m
          [36m<section[39m
            [33mclass[39m=[32m"ff-panel "[39m
          [36m>[39m
            [36m<header[39m
              [33mclass[39m=[32m"ff-panel__header"[39m
            [36m>[39m
              [36m<h2>[39m
                [0mAlpha project[0m
              [36m</h2>[39m
            [36m</header>[39m
            [36m<div[39m
              [33mclass[39m=[32m"ff-panel__body"[39m
            [36m>[39m
              [36m<p[39m
                [33mclass[39m=[32m"ff-project-description"[39m
              [36m>[39m
                [0m&lt;b&gt;opaque description&lt;/b&gt;[0m
              [36m</p>[39m
              [36m<span[39m
                [33mclass[39m=[32m"ff-status ff-status--neutral"[39m
              [36m>[39m
                [36m<span[39m
                  [33maria-hidden[39m=[32m"true"[39m
                [36m/>[39m
                [0mIN_REVIEW?[0m
              [36m</span>[39m
              [36m<button[39m
                [33maria-label[39m=[32m"Inspect Alpha project"[39m
                [33mclass[39m=[32m"ff-button ff-button--secondary "[39m
              [36m>[39m
                [0mInspect[0m
              [36m</button>[39m
            [36m</div>[39m
          [36m</section>[39m
        [36m</li>[39m
        [36m<li>[39m
          [36m<section[39m
            [33mclass[39m=[32m"ff-panel "[39m
          [36m>[39m
            [36m<header[39m
              [33mclass[39m=[32m"ff-panel__header"[39m
            [36m>[39m
              [36m<h2>[39m
                [0mZeta &lt;project&gt;[0m
              [36m</h2>[39m
            [36m</header>[39m
            [36m<div[39m
              [33mclass[39m=[32m"ff-panel__body"[39m
            [36m>[39m
              [36m<p[39m
                [33mclass[39m=[32m"ff-project-description"[39m
              [36m>[39m
                [0mdescription literal 原文[0m
              [36m</p>[39m
              [36m<span[39m
                [33mclass[39m=[32m"ff-status ff-status--neutral"[39m
              [36m>[39m
                [36m<span[39m
                  [33maria-hidden[39m=[32m"true"[39m
                [36m/>[39m
                [0mfuture::READY&lt;script&gt;[0m
              [36m</span>[39m
              [36m<button[39m
                [33maria-label[39m=[32m"Inspect Zeta <project>"[39m
                [33mclass[39m=[32m"ff-button ff-button--secondary "[39m
              [36m>[39m
                [0mInspect[0m
              [36m</button>[39m
            [36m</div>[39m
          [36m</section>[39m
        [36m</li>[39m
      [36m</ul>[39m
    [36m</section>[39m
  [36m</div>[39m
[36m</body>[39m

Ignored nodes: comments, script, style
[36m<body>[39m
  [36m<div>[39m
    [36m<section[39m
      [33maria-label[39m=[32m"Workspace recent projects"[39m
      [33mclass[39m=[32m"ff-project-browser"[39m
    [36m>[39m
      [36m<header[39m
        [33mclass[39m=[32m"ff-project-browser-heading"[39m
      [36m>[39m
        [36m<div>[39m
          [36m<span>[39m
            [0mWorkspace · read-only[0m
          [36m</span>[39m
          [36m<h1>[39m
            [0mRecent projects[0m
          [36m</h1>[39m
          [36m<p>[39m
            [0mFind and inspect a bounded snapshot of recent work. This view cannot open, create, or change projects.[0m
          [36m</p>[39m
        [36m</div>[39m
        [36m<button[39m
          [33mclass[39m=[32m"ff-button ff-button--secondary "[39m
        [36m>[39m
          [0mRefresh recent projects[0m
        [36m</button>[39m
      [36m</header>[39m
      [36m<p[39m
        [33mclass[39m=[32m"ff-project-origin ff-project-origin--simulated"[39m
      [36m>[39m
        [36m<span[39m
          [33mclass[39m=[32m"ff-badge ff-badge--warning"[39m
        [36m>[39m
          [0mSIMULATED PROJECT DATA · localhost fixture only · no real account or permission[0m
        [36m</span>[39m
      [36m</p>[39m
      [36m<p[39m
        [33mclass[39m=[32m"ff-project-boundary"[39m
      [36m>[39m
        [0mThis is a recent snapshot, not a full project inventory. Project opening and creation remain unavailable.[0m
      [36m</p>[39m
      [36m<div[39m
        [33mclass[39m=[32m"ff-project-controls"[39m
      [36m>[39m
        [36m<input[39m
          [33maria-label[39m=[32m"Search recent projects"[39m
          [33mclass[39m=[32m"ff-input "[39m
          [33mplaceholder[39m=[32m"Search name or description"[39m
          [33mtype[39m=[32m"search"[39m
          [33mvalue[39m=[32m""[39m
        [36m/>[39m
        [36m<label>[39m
          [0mProjected status[0m
          [36m<select>[39m
            [36m<option[39m
              [33mvalue[39m=[32m""[39m
            [36m>[39m
              [0mAll projected statuses[0m
            [36m</option>[39m
            [36m<option[39m
              [33mvalue[39m=[32m"IN_REVIEW?"[39m
            [36m>[39m
              [0mIN_REVIEW?[0m
            [36m</option>[39m
            [36m<option[39m
              [33mvalue[39m=[32m"future::READY<script>"[39m
            [36m>[39m
              [0mfuture::READY&lt;script&gt;[0m
            [36m</option>[39m
          [36m</select>[39m
        [36m</label>[39m
        [36m<label>[39m
          [0mSort recent projects[0m
          [36m<select>[39m
            [36m<option[39m
              [33mvalue[39m=[32m"name-asc"[39m
            [36m>[39m
              [0mName A–Z[0m
            [36m</option>[39m
            [36m<option[39m
              [33mvalue[39m=[32m"name-desc"[39m
            [36m>[39m
              [0mName Z–A[0m
            [36m</option>[39m
          [36m</select>[39m
        [36m</label>[39m
      [36m</div>[39m
      [36m<p[39m
        [33maria-live[39m=[32m"polite"[39m
        [33mrole[39m=[32m"status"[39m
      [36m>[39m
        [0m3 recent projects loaded · bounded recent snapshot.[0m
      [36m</p>[39m
      [36m<ul[39m
        [33maria-label[39m=[32m"Recent project snapshot"[39m
        [33mclass[39m=[32m"ff-project-browser-list"[39m
      [36m>[39m
        [36m<li>[39m
          [36m<section[39m
            [33mclass[39m=[32m"ff-panel "[39m
          [36m>[39m
            [36m<header[39m
              [33mclass[39m=[32m"ff-panel__header"[39m
            [36m>[39m
              [36m<h2>[39m
                [0mAlpha project[0m
              [36m</h2>[39m
            [36m</header>[39m
            [36m<div[39m
              [33mclass[39m=[32m"ff-panel__body"[39m
            [36m>[39m
              [36m<p[39m
                [33mclass[39m=[32m"ff-project-description"[39m
              [36m>[39m
                [0mNo description projected.[0m
              [36m</p>[39m
              [36m<span[39m
                [33mclass[39m=[32m"ff-status ff-status--neutral"[39m
              [36m>[39m
                [36m<span[39m
                  [33maria-hidden[39m=[32m"true"[39m
                [36m/>[39m
                [0mIN_REVIEW?[0m
              [36m</span>[39m
              [36m<button[39m
                [33maria-label[39m=[32m"Inspect Alpha project"[39m
                [33mclass[39m=[32m"ff-button ff-button--secondary "[39m
              [36m>[39m
                [0mInspect[0m
              [36m</button>[39m
            [36m</div>[39m
          [36m</section>[39m
        [36m</li>[39m
        [36m<li>[39m
          [36m<section[39m
            [33mclass[39m=[32m"ff-panel "[39m
          [36m>[39m
            [36m<header[39m
              [33mclass[39m=[32m"ff-panel__header"[39m
            [36m>[39m
              [36m<h2>[39m
                [0mAlpha project[0m
              [36m</h2>[39m
            [36m</header>[39m
            [36m<div[39m
              [33mclass[39m=[32m"ff-panel__body"[39m
            [36m>[39m
              [36m<p[39m
                [33mclass[39m=[32m"ff-project-description"[39m
              [36m>[39m
                [0m&lt;b&gt;opaque description&lt;/b&gt;[0m
              [36m</p>[39m
              [36m<span[39m
                [33mclass[39m=[32m"ff-status ff-status--neutral"[39m
              [36m>[39m
                [36m<span[39m
                  [33maria-hidden[39m=[32m"true"[39m
                [36m/>[39m
                [0mIN_REVIEW?[0m
              [36m</span>[39m
              [36m<button[39m
                [33maria-label[39m=[32m"Inspect Alpha project"[39m
                [33mclass[39m=[32m"ff-button ff-button--secondary "[39m
              [36m>[39m
                [0mInspect[0m
              [36m</button>[39m
            [36m</div>[39m
          [36m</section>[39m
        [36m</li>[39m
        [36m<li>[39m
          [36m<section[39m
            [33mclass[39m=[32m"ff-panel "[39m
          [36m>[39m
            [36m<header[39m
              [33mclass[39m=[32m"ff-panel__header"[39m
            [36m>[39m
              [36m<h2>[39m
                [0mZeta &lt;project&gt;[0m
              [36m</h2>[39m
            [36m</header>[39m
            [36m<div[39m
              [33mclass[39m=[32m"ff-panel__body"[39m
            [36m>[39m
              [36m<p[39m
                [33mclass[39m=[32m"ff-project-description"[39m
              [36m>[39m
                [0mdescription literal 原文[0m
              [36m</p>[39m
              [36m<span[39m
                [33mclass[39m=[32m"ff-status ff-status--neutral"[39m
              [36m>[39m
                [36m<span[39m
                  [33maria-hidden[39m=[32m"true"[39m
                [36m/>[39m
                [0mfuture::READY&lt;script&gt;[0m
              [36m</span>[39m
              [36m<button[39m
                [33maria-label[39m=[32m"Inspect Zeta <project>"[39m
                [33mclass[39m=[32m"ff-button ff-button--secondary "[39m
              [36m>[39m
                [0mInspect[0m
              [36m</button>[39m
            [36m</div>[39m
          [36m</section>[39m
        [36m</li>[39m
      [36m</ul>[39m
    [36m</section>[39m
  [36m</div>[39m
[36m</body>[39m
 ❯ waitForWrapper node_modules/@testing-library/dom/dist/wait-for.js:163:27
 ❯ node_modules/@testing-library/dom/dist/query-helpers.js:86:33
 ❯ src/product/projects/ProjectBrowser.test.tsx:71:18
     69|     expect(screen.queryByRole('button', { name: /^Inspect / })).toBeNu…
     70|     fireEvent.click(screen.getByRole('button', { name: 'Retry loading'…
     71|     await screen.findByRole('button', { name: 'Inspect Alpha project' …
       |                  ^
     72| 
     73|     const refresh = deferred(); let refreshRequest!: ProjectListRequest

⎯⎯⎯⎯⎯⎯⎯⎯⎯⎯⎯⎯⎯⎯⎯⎯⎯⎯⎯⎯⎯⎯⎯[2/13]⎯

 FAIL  src/product/projects/ProjectBrowser.test.tsx > Workspace recent Project discovery and inspection > clears content and presents the exact unavailable failure without simulation fallback
 FAIL  src/product/projects/ProjectBrowser.test.tsx > Workspace recent Project discovery and inspection > clears content and presents the exact denied failure without simulation fallback
 FAIL  src/product/projects/ProjectBrowser.test.tsx > Workspace recent Project discovery and inspection > clears content and presents the exact unknown failure without simulation fallback
 FAIL  src/product/projects/ProjectBrowser.test.tsx > Workspace recent Project discovery and inspection > clears content and presents the exact unsupported failure without simulation fallback
 FAIL  src/product/projects/ProjectBrowser.test.tsx > Workspace recent Project discovery and inspection > clears content and presents the exact error failure without simulation fallback
TestingLibraryElementError: Found multiple elements with the role "button" and name "Inspect Alpha project"

Here are the matching elements:

Ignored nodes: comments, script, style
[36m<button[39m
  [33maria-label[39m=[32m"Inspect Alpha project"[39m
  [33mclass[39m=[32m"ff-button ff-button--secondary "[39m
[36m>[39m
  [0mInspect[0m
[36m</button>[39m

Ignored nodes: comments, script, style
[36m<button[39m
  [33maria-label[39m=[32m"Inspect Alpha project"[39m
  [33mclass[39m=[32m"ff-button ff-button--secondary "[39m
[36m>[39m
  [0mInspect[0m
[36m</button>[39m

(If this is intentional, then use the `*AllBy*` variant of the query (like `queryAllByText`, `getAllByText`, or `findAllByText`)).

Ignored nodes: comments, script, style
[36m<body>[39m
  [36m<div>[39m
    [36m<section[39m
      [33maria-label[39m=[32m"Workspace recent projects"[39m
      [33mclass[39m=[32m"ff-project-browser"[39m
    [36m>[39m
      [36m<header[39m
        [33mclass[39m=[32m"ff-project-browser-heading"[39m
      [36m>[39m
        [36m<div>[39m
          [36m<span>[39m
            [0mWorkspace · read-only[0m
          [36m</span>[39m
          [36m<h1>[39m
            [0mRecent projects[0m
          [36m</h1>[39m
          [36m<p>[39m
            [0mFind and inspect a bounded snapshot of recent work. This view cannot open, create, or change projects.[0m
          [36m</p>[39m
        [36m</div>[39m
        [36m<button[39m
          [33mclass[39m=[32m"ff-button ff-button--secondary "[39m
        [36m>[39m
          [0mRefresh recent projects[0m
        [36m</button>[39m
      [36m</header>[39m
      [36m<p[39m
        [33mclass[39m=[32m"ff-project-origin ff-project-origin--real"[39m
      [36m>[39m
        [36m<span[39m
          [33mclass[39m=[32m"ff-badge ff-badge--neutral"[39m
        [36m>[39m
          [0mCONNECTED READ-ONLY SOURCE · access is supplied by the host application[0m
        [36m</span>[39m
      [36m</p>[39m
      [36m<p[39m
        [33mclass[39m=[32m"ff-project-boundary"[39m
      [36m>[39m
        [0mThis is a recent snapshot, not a full project inventory. Project opening and creation remain unavailable.[0m
      [36m</p>[39m
      [36m<div[39m
        [33mclass[39m=[32m"ff-project-controls"[39m
      [36m>[39m
        [36m<input[39m
          [33maria-label[39m=[32m"Search recent projects"[39m
          [33mclass[39m=[32m"ff-input "[39m
          [33mplaceholder[39m=[32m"Search name or description"[39m
          [33mtype[39m=[32m"search"[39m
          [33mvalue[39m=[32m""[39m
        [36m/>[39m
        [36m<label>[39m
          [0mProjected status[0m
          [36m<select>[39m
            [36m<option[39m
              [33mvalue[39m=[32m""[39m
            [36m>[39m
              [0mAll projected statuses[0m
            [36m</option>[39m
            [36m<option[39m
              [33mvalue[39m=[32m"IN_REVIEW?"[39m
            [36m>[39m
              [0mIN_REVIEW?[0m
            [36m</option>[39m
            [36m<option[39m
              [33mvalue[39m=[32m"future::READY<script>"[39m
            [36m>[39m
              [0mfuture::READY&lt;script&gt;[0m
            [36m</option>[39m
          [36m</select>[39m
        [36m</label>[39m
        [36m<label>[39m
          [0mSort recent projects[0m
          [36m<select>[39m
            [36m<option[39m
              [33mvalue[39m=[32m"name-asc"[39m
            [36m>[39m
              [0mName A–Z[0m
            [36m</option>[39m
            [36m<option[39m
              [33mvalue[39m=[32m"name-desc"[39m
            [36m>[39m
              [0mName Z–A[0m
            [36m</option>[39m
          [36m</select>[39m
        [36m</label>[39m
      [36m</div>[39m
      [36m<p[39m
        [33maria-live[39m=[32m"polite"[39m
        [33mrole[39m=[32m"status"[39m
      [36m>[39m
        [0m3 recent projects loaded · bounded recent snapshot.[0m
      [36m</p>[39m
      [36m<ul[39m
        [33maria-label[39m=[32m"Recent project snapshot"[39m
        [33mclass[39m=[32m"ff-project-browser-list"[39m
      [36m>[39m
        [36m<li>[39m
          [36m<section[39m
            [33mclass[39m=[32m"ff-panel "[39m
          [36m>[39m
            [36m<header[39m
              [33mclass[39m=[32m"ff-panel__header"[39m
            [36m>[39m
              [36m<h2>[39m
                [0mAlpha project[0m
              [36m</h2>[39m
            [36m</header>[39m
            [36m<div[39m
              [33mclass[39m=[32m"ff-panel__body"[39m
            [36m>[39m
              [36m<p[39m
                [33mclass[39m=[32m"ff-project-description"[39m
              [36m>[39m
                [0mNo description projected.[0m
              [36m</p>[39m
              [36m<span[39m
                [33mclass[39m=[32m"ff-status ff-status--neutral"[39m
              [36m>[39m
                [36m<span[39m
                  [33maria-hidden[39m=[32m"true"[39m
                [36m/>[39m
                [0mIN_REVIEW?[0m
              [36m</span>[39m
              [36m<button[39m
                [33maria-label[39m=[32m"Inspect Alpha project"[39m
                [33mclass[39m=[32m"ff-button ff-button--secondary "[39m
              [36m>[39m
                [0mInspect[0m
              [36m</button>[39m
            [36m</div>[39m
          [36m</section>[39m
        [36m</li>[39m
        [36m<li>[39m
          [36m<section[39m
            [33mclass[39m=[32m"ff-panel "[39m
          [36m>[39m
            [36m<header[39m
              [33mclass[39m=[32m"ff-panel__header"[39m
            [36m>[39m
              [36m<h2>[39m
                [0mAlpha project[0m
              [36m</h2>[39m
            [36m</header>[39m
            [36m<div[39m
              [33mclass[39m=[32m"ff-panel__body"[39m
            [36m>[39m
              [36m<p[39m
                [33mclass[39m=[32m"ff-project-description"[39m
              [36m>[39m
                [0m&lt;b&gt;opaque description&lt;/b&gt;[0m
              [36m</p>[39m
              [36m<span[39m
                [33mclass[39m=[32m"ff-status ff-status--neutral"[39m
              [36m>[39m
                [36m<span[39m
                  [33maria-hidden[39m=[32m"true"[39m
                [36m/>[39m
                [0mIN_REVIEW?[0m
              [36m</span>[39m
              [36m<button[39m
                [33maria-label[39m=[32m"Inspect Alpha project"[39m
                [33mclass[39m=[32m"ff-button ff-button--secondary "[39m
              [36m>[39m
                [0mInspect[0m
              [36m</button>[39m
            [36m</div>[39m
          [36m</section>[39m
        [36m</li>[39m
        [36m<li>[39m
          [36m<section[39m
            [33mclass[39m=[32m"ff-panel "[39m
          [36m>[39m
            [36m<header[39m
              [33mclass[39m=[32m"ff-panel__header"[39m
            [36m>[39m
              [36m<h2>[39m
                [0mZeta &lt;project&gt;[0m
              [36m</h2>[39m
            [36m</header>[39m
            [36m<div[39m
              [33mclass[39m=[32m"ff-panel__body"[39m
            [36m>[39m
              [36m<p[39m
                [33mclass[39m=[32m"ff-project-description"[39m
              [36m>[39m
                [0mdescription literal 原文[0m
              [36m</p>[39m
              [36m<span[39m
                [33mclass[39m=[32m"ff-status ff-status--neutral"[39m
              [36m>[39m
                [36m<span[39m
                  [33maria-hidden[39m=[32m"true"[39m
                [36m/>[39m
                [0mfuture::READY&lt;script&gt;[0m
              [36m</span>[39m
              [36m<button[39m
                [33maria-label[39m=[32m"Inspect Zeta <project>"[39m
                [33mclass[39m=[32m"ff-button ff-button--secondary "[39m
              [36m>[39m
                [0mInspect[0m
              [36m</button>[39m
            [36m</div>[39m
          [36m</section>[39m
        [36m</li>[39m
      [36m</ul>[39m
    [36m</section>[39m
  [36m</div>[39m
[36m</body>[39m

Ignored nodes: comments, script, style
[36m<body>[39m
  [36m<div>[39m
    [36m<section[39m
      [33maria-label[39m=[32m"Workspace recent projects"[39m
      [33mclass[39m=[32m"ff-project-browser"[39m
    [36m>[39m
      [36m<header[39m
        [33mclass[39m=[32m"ff-project-browser-heading"[39m
      [36m>[39m
        [36m<div>[39m
          [36m<span>[39m
            [0mWorkspace · read-only[0m
          [36m</span>[39m
          [36m<h1>[39m
            [0mRecent projects[0m
          [36m</h1>[39m
          [36m<p>[39m
            [0mFind and inspect a bounded snapshot of recent work. This view cannot open, create, or change projects.[0m
          [36m</p>[39m
        [36m</div>[39m
        [36m<button[39m
          [33mclass[39m=[32m"ff-button ff-button--secondary "[39m
        [36m>[39m
          [0mRefresh recent projects[0m
        [36m</button>[39m
      [36m</header>[39m
      [36m<p[39m
        [33mclass[39m=[32m"ff-project-origin ff-project-origin--real"[39m
      [36m>[39m
        [36m<span[39m
          [33mclass[39m=[32m"ff-badge ff-badge--neutral"[39m
        [36m>[39m
          [0mCONNECTED READ-ONLY SOURCE · access is supplied by the host application[0m
        [36m</span>[39m
      [36m</p>[39m
      [36m<p[39m
        [33mclass[39m=[32m"ff-project-boundary"[39m
      [36m>[39m
        [0mThis is a recent snapshot, not a full project inventory. Project opening and creation remain unavailable.[0m
      [36m</p>[39m
      [36m<div[39m
        [33mclass[39m=[32m"ff-project-controls"[39m
      [36m>[39m
        [36m<input[39m
          [33maria-label[39m=[32m"Search recent projects"[39m
          [33mclass[39m=[32m"ff-input "[39m
          [33mplaceholder[39m=[32m"Search name or description"[39m
          [33mtype[39m=[32m"search"[39m
          [33mvalue[39m=[32m""[39m
        [36m/>[39m
        [36m<label>[39m
          [0mProjected status[0m
          [36m<select>[39m
            [36m<option[39m
              [33mvalue[39m=[32m""[39m
            [36m>[39m
              [0mAll projected statuses[0m
            [36m</option>[39m
            [36m<option[39m
              [33mvalue[39m=[32m"IN_REVIEW?"[39m
            [36m>[39m
              [0mIN_REVIEW?[0m
            [36m</option>[39m
            [36m<option[39m
              [33mvalue[39m=[32m"future::READY<script>"[39m
            [36m>[39m
              [0mfuture::READY&lt;script&gt;[0m
            [36m</option>[39m
          [36m</select>[39m
        [36m</label>[39m
        [36m<label>[39m
          [0mSort recent projects[0m
          [36m<select>[39m
            [36m<option[39m
              [33mvalue[39m=[32m"name-asc"[39m
            [36m>[39m
              [0mName A–Z[0m
            [36m</option>[39m
            [36m<option[39m
              [33mvalue[39m=[32m"name-desc"[39m
            [36m>[39m
              [0mName Z–A[0m
            [36m</option>[39m
          [36m</select>[39m
        [36m</label>[39m
      [36m</div>[39m
      [36m<p[39m
        [33maria-live[39m=[32m"polite"[39m
        [33mrole[39m=[32m"status"[39m
      [36m>[39m
        [0m3 recent projects loaded · bounded recent snapshot.[0m
      [36m</p>[39m
      [36m<ul[39m
        [33maria-label[39m=[32m"Recent project snapshot"[39m
        [33mclass[39m=[32m"ff-project-browser-list"[39m
      [36m>[39m
        [36m<li>[39m
          [36m<section[39m
            [33mclass[39m=[32m"ff-panel "[39m
          [36m>[39m
            [36m<header[39m
              [33mclass[39m=[32m"ff-panel__header"[39m
            [36m>[39m
              [36m<h2>[39m
                [0mAlpha project[0m
              [36m</h2>[39m
            [36m</header>[39m
            [36m<div[39m
              [33mclass[39m=[32m"ff-panel__body"[39m
            [36m>[39m
              [36m<p[39m
                [33mclass[39m=[32m"ff-project-description"[39m
              [36m>[39m
                [0mNo description projected.[0m
              [36m</p>[39m
              [36m<span[39m
                [33mclass[39m=[32m"ff-status ff-status--neutral"[39m
              [36m>[39m
                [36m<span[39m
                  [33maria-hidden[39m=[32m"true"[39m
                [36m/>[39m
                [0mIN_REVIEW?[0m
              [36m</span>[39m
              [36m<button[39m
                [33maria-label[39m=[32m"Inspect Alpha project"[39m
                [33mclass[39m=[32m"ff-button ff-button--secondary "[39m
              [36m>[39m
                [0mInspect[0m
              [36m</button>[39m
            [36m</div>[39m
          [36m</section>[39m
        [36m</li>[39m
        [36m<li>[39m
          [36m<section[39m
            [33mclass[39m=[32m"ff-panel "[39m
          [36m>[39m
            [36m<header[39m
              [33mclass[39m=[32m"ff-panel__header"[39m
            [36m>[39m
              [36m<h2>[39m
                [0mAlpha project[0m
              [36m</h2>[39m
            [36m</header>[39m
            [36m<div[39m
              [33mclass[39m=[32m"ff-panel__body"[39m
            [36m>[39m
              [36m<p[39m
                [33mclass[39m=[32m"ff-project-description"[39m
              [36m>[39m
                [0m&lt;b&gt;opaque description&lt;/b&gt;[0m
              [36m</p>[39m
              [36m<span[39m
                [33mclass[39m=[32m"ff-status ff-status--neutral"[39m
              [36m>[39m
                [36m<span[39m
                  [33maria-hidden[39m=[32m"true"[39m
                [36m/>[39m
                [0mIN_REVIEW?[0m
              [36m</span>[39m
              [36m<button[39m
                [33maria-label[39m=[32m"Inspect Alpha project"[39m
                [33mclass[39m=[32m"ff-button ff-button--secondary "[39m
              [36m>[39m
                [0mInspect[0m
              [36m</button>[39m
            [36m</div>[39m
          [36m</section>[39m
        [36m</li>[39m
        [36m<li>[39m
          [36m<section[39m
            [33mclass[39m=[32m"ff-panel "[39m
          [36m>[39m
            [36m<header[39m
              [33mclass[39m=[32m"ff-panel__header"[39m
            [36m>[39m
              [36m<h2>[39m
                [0mZeta &lt;project&gt;[0m
              [36m</h2>[39m
            [36m</header>[39m
            [36m<div[39m
              [33mclass[39m=[32m"ff-panel__body"[39m
            [36m>[39m
              [36m<p[39m
                [33mclass[39m=[32m"ff-project-description"[39m
              [36m>[39m
                [0mdescription literal 原文[0m
              [36m</p>[39m
              [36m<span[39m
                [33mclass[39m=[32m"ff-status ff-status--neutral"[39m
              [36m>[39m
                [36m<span[39m
                  [33maria-hidden[39m=[32m"true"[39m
                [36m/>[39m
                [0mfuture::READY&lt;script&gt;[0m
              [36m</span>[39m
              [36m<button[39m
                [33maria-label[39m=[32m"Inspect Zeta <project>"[39m
                [33mclass[39m=[32m"ff-button ff-button--secondary "[39m
              [36m>[39m
                [0mInspect[0m
              [36m</button>[39m
            [36m</div>[39m
          [36m</section>[39m
        [36m</li>[39m
      [36m</ul>[39m
    [36m</section>[39m
  [36m</div>[39m
[36m</body>[39m
 ❯ waitForWrapper node_modules/@testing-library/dom/dist/wait-for.js:163:27
 ❯ node_modules/@testing-library/dom/dist/query-helpers.js:86:33
 ❯ src/product/projects/ProjectBrowser.test.tsx:85:18
     83|     source.adapter.origin = 'real'
     84|     setup(source)
     85|     await screen.findByRole('button', { name: 'Inspect Alpha project' …
       |                  ^
     86|     vi.spyOn(source.adapter, 'listRecent').mockImplementation(async re…
     87|     fireEvent.click(screen.getByRole('button', { name: 'Refresh recent…

⎯⎯⎯⎯⎯⎯⎯⎯⎯⎯⎯⎯⎯⎯⎯⎯⎯⎯⎯⎯⎯⎯⎯[3/13]⎯

 FAIL  src/product/projects/ProjectBrowser.test.tsx > Workspace recent Project discovery and inspection > synchronously hides old content on principalId change and ignores the old late reply
 FAIL  src/product/projects/ProjectBrowser.test.tsx > Workspace recent Project discovery and inspection > synchronously hides old content on tenantId change and ignores the old late reply
 FAIL  src/product/projects/ProjectBrowser.test.tsx > Workspace recent Project discovery and inspection > synchronously hides old content on sessionId change and ignores the old late reply
 FAIL  src/product/projects/ProjectBrowser.test.tsx > Workspace recent Project discovery and inspection > synchronously hides old content on workspaceId change and ignores the old late reply
TestingLibraryElementError: Found multiple elements with the role "button" and name "Inspect Alpha project"

Here are the matching elements:

Ignored nodes: comments, script, style
[36m<button[39m
  [33maria-label[39m=[32m"Inspect Alpha project"[39m
  [33mclass[39m=[32m"ff-button ff-button--secondary "[39m
[36m>[39m
  [0mInspect[0m
[36m</button>[39m

Ignored nodes: comments, script, style
[36m<button[39m
  [33maria-label[39m=[32m"Inspect Alpha project"[39m
  [33mclass[39m=[32m"ff-button ff-button--secondary "[39m
[36m>[39m
  [0mInspect[0m
[36m</button>[39m

(If this is intentional, then use the `*AllBy*` variant of the query (like `queryAllByText`, `getAllByText`, or `findAllByText`)).

Ignored nodes: comments, script, style
[36m<body>[39m
  [36m<div>[39m
    [36m<section[39m
      [33maria-label[39m=[32m"Workspace recent projects"[39m
      [33mclass[39m=[32m"ff-project-browser"[39m
    [36m>[39m
      [36m<header[39m
        [33mclass[39m=[32m"ff-project-browser-heading"[39m
      [36m>[39m
        [36m<div>[39m
          [36m<span>[39m
            [0mWorkspace · read-only[0m
          [36m</span>[39m
          [36m<h1>[39m
            [0mRecent projects[0m
          [36m</h1>[39m
          [36m<p>[39m
            [0mFind and inspect a bounded snapshot of recent work. This view cannot open, create, or change projects.[0m
          [36m</p>[39m
        [36m</div>[39m
        [36m<button[39m
          [33mclass[39m=[32m"ff-button ff-button--secondary "[39m
        [36m>[39m
          [0mRefresh recent projects[0m
        [36m</button>[39m
      [36m</header>[39m
      [36m<p[39m
        [33mclass[39m=[32m"ff-project-origin ff-project-origin--simulated"[39m
      [36m>[39m
        [36m<span[39m
          [33mclass[39m=[32m"ff-badge ff-badge--warning"[39m
        [36m>[39m
          [0mSIMULATED PROJECT DATA · localhost fixture only · no real account or permission[0m
        [36m</span>[39m
      [36m</p>[39m
      [36m<p[39m
        [33mclass[39m=[32m"ff-project-boundary"[39m
      [36m>[39m
        [0mThis is a recent snapshot, not a full project inventory. Project opening and creation remain unavailable.[0m
      [36m</p>[39m
      [36m<div[39m
        [33mclass[39m=[32m"ff-project-controls"[39m
      [36m>[39m
        [36m<input[39m
          [33maria-label[39m=[32m"Search recent projects"[39m
          [33mclass[39m=[32m"ff-input "[39m
          [33mplaceholder[39m=[32m"Search name or description"[39m
          [33mtype[39m=[32m"search"[39m
          [33mvalue[39m=[32m""[39m
        [36m/>[39m
        [36m<label>[39m
          [0mProjected status[0m
          [36m<select>[39m
            [36m<option[39m
              [33mvalue[39m=[32m""[39m
            [36m>[39m
              [0mAll projected statuses[0m
            [36m</option>[39m
            [36m<option[39m
              [33mvalue[39m=[32m"IN_REVIEW?"[39m
            [36m>[39m
              [0mIN_REVIEW?[0m
            [36m</option>[39m
            [36m<option[39m
              [33mvalue[39m=[32m"future::READY<script>"[39m
            [36m>[39m
              [0mfuture::READY&lt;script&gt;[0m
            [36m</option>[39m
          [36m</select>[39m
        [36m</label>[39m
        [36m<label>[39m
          [0mSort recent projects[0m
          [36m<select>[39m
            [36m<option[39m
              [33mvalue[39m=[32m"name-asc"[39m
            [36m>[39m
              [0mName A–Z[0m
            [36m</option>[39m
            [36m<option[39m
              [33mvalue[39m=[32m"name-desc"[39m
            [36m>[39m
              [0mName Z–A[0m
            [36m</option>[39m
          [36m</select>[39m
        [36m</label>[39m
      [36m</div>[39m
      [36m<p[39m
        [33maria-live[39m=[32m"polite"[39m
        [33mrole[39m=[32m"status"[39m
      [36m>[39m
        [0m3 recent projects loaded · bounded recent snapshot.[0m
      [36m</p>[39m
      [36m<ul[39m
        [33maria-label[39m=[32m"Recent project snapshot"[39m
        [33mclass[39m=[32m"ff-project-browser-list"[39m
      [36m>[39m
        [36m<li>[39m
          [36m<section[39m
            [33mclass[39m=[32m"ff-panel "[39m
          [36m>[39m
            [36m<header[39m
              [33mclass[39m=[32m"ff-panel__header"[39m
            [36m>[39m
              [36m<h2>[39m
                [0mAlpha project[0m
              [36m</h2>[39m
            [36m</header>[39m
            [36m<div[39m
              [33mclass[39m=[32m"ff-panel__body"[39m
            [36m>[39m
              [36m<p[39m
                [33mclass[39m=[32m"ff-project-description"[39m
              [36m>[39m
                [0mNo description projected.[0m
              [36m</p>[39m
              [36m<span[39m
                [33mclass[39m=[32m"ff-status ff-status--neutral"[39m
              [36m>[39m
                [36m<span[39m
                  [33maria-hidden[39m=[32m"true"[39m
                [36m/>[39m
                [0mIN_REVIEW?[0m
              [36m</span>[39m
              [36m<button[39m
                [33maria-label[39m=[32m"Inspect Alpha project"[39m
                [33mclass[39m=[32m"ff-button ff-button--secondary "[39m
              [36m>[39m
                [0mInspect[0m
              [36m</button>[39m
            [36m</div>[39m
          [36m</section>[39m
        [36m</li>[39m
        [36m<li>[39m
          [36m<section[39m
            [33mclass[39m=[32m"ff-panel "[39m
          [36m>[39m
            [36m<header[39m
              [33mclass[39m=[32m"ff-panel__header"[39m
            [36m>[39m
              [36m<h2>[39m
                [0mAlpha project[0m
              [36m</h2>[39m
            [36m</header>[39m
            [36m<div[39m
              [33mclass[39m=[32m"ff-panel__body"[39m
            [36m>[39m
              [36m<p[39m
                [33mclass[39m=[32m"ff-project-description"[39m
              [36m>[39m
                [0m&lt;b&gt;opaque description&lt;/b&gt;[0m
              [36m</p>[39m
              [36m<span[39m
                [33mclass[39m=[32m"ff-status ff-status--neutral"[39m
              [36m>[39m
                [36m<span[39m
                  [33maria-hidden[39m=[32m"true"[39m
                [36m/>[39m
                [0mIN_REVIEW?[0m
              [36m</span>[39m
              [36m<button[39m
                [33maria-label[39m=[32m"Inspect Alpha project"[39m
                [33mclass[39m=[32m"ff-button ff-button--secondary "[39m
              [36m>[39m
                [0mInspect[0m
              [36m</button>[39m
            [36m</div>[39m
          [36m</section>[39m
        [36m</li>[39m
        [36m<li>[39m
          [36m<section[39m
            [33mclass[39m=[32m"ff-panel "[39m
          [36m>[39m
            [36m<header[39m
              [33mclass[39m=[32m"ff-panel__header"[39m
            [36m>[39m
              [36m<h2>[39m
                [0mZeta &lt;project&gt;[0m
              [36m</h2>[39m
            [36m</header>[39m
            [36m<div[39m
              [33mclass[39m=[32m"ff-panel__body"[39m
            [36m>[39m
              [36m<p[39m
                [33mclass[39m=[32m"ff-project-description"[39m
              [36m>[39m
                [0mdescription literal 原文[0m
              [36m</p>[39m
              [36m<span[39m
                [33mclass[39m=[32m"ff-status ff-status--neutral"[39m
              [36m>[39m
                [36m<span[39m
                  [33maria-hidden[39m=[32m"true"[39m
                [36m/>[39m
                [0mfuture::READY&lt;script&gt;[0m
              [36m</span>[39m
              [36m<button[39m
                [33maria-label[39m=[32m"Inspect Zeta <project>"[39m
                [33mclass[39m=[32m"ff-button ff-button--secondary "[39m
              [36m>[39m
                [0mInspect[0m
              [36m</button>[39m
            [36m</div>[39m
          [36m</section>[39m
        [36m</li>[39m
      [36m</ul>[39m
    [36m</section>[39m
  [36m</div>[39m
[36m</body>[39m

Ignored nodes: comments, script, style
[36m<body>[39m
  [36m<div>[39m
    [36m<section[39m
      [33maria-label[39m=[32m"Workspace recent projects"[39m
      [33mclass[39m=[32m"ff-project-browser"[39m
    [36m>[39m
      [36m<header[39m
        [33mclass[39m=[32m"ff-project-browser-heading"[39m
      [36m>[39m
        [36m<div>[39m
          [36m<span>[39m
            [0mWorkspace · read-only[0m
          [36m</span>[39m
          [36m<h1>[39m
            [0mRecent projects[0m
          [36m</h1>[39m
          [36m<p>[39m
            [0mFind and inspect a bounded snapshot of recent work. This view cannot open, create, or change projects.[0m
          [36m</p>[39m
        [36m</div>[39m
        [36m<button[39m
          [33mclass[39m=[32m"ff-button ff-button--secondary "[39m
        [36m>[39m
          [0mRefresh recent projects[0m
        [36m</button>[39m
      [36m</header>[39m
      [36m<p[39m
        [33mclass[39m=[32m"ff-project-origin ff-project-origin--simulated"[39m
      [36m>[39m
        [36m<span[39m
          [33mclass[39m=[32m"ff-badge ff-badge--warning"[39m
        [36m>[39m
          [0mSIMULATED PROJECT DATA · localhost fixture only · no real account or permission[0m
        [36m</span>[39m
      [36m</p>[39m
      [36m<p[39m
        [33mclass[39m=[32m"ff-project-boundary"[39m
      [36m>[39m
        [0mThis is a recent snapshot, not a full project inventory. Project opening and creation remain unavailable.[0m
      [36m</p>[39m
      [36m<div[39m
        [33mclass[39m=[32m"ff-project-controls"[39m
      [36m>[39m
        [36m<input[39m
          [33maria-label[39m=[32m"Search recent projects"[39m
          [33mclass[39m=[32m"ff-input "[39m
          [33mplaceholder[39m=[32m"Search name or description"[39m
          [33mtype[39m=[32m"search"[39m
          [33mvalue[39m=[32m""[39m
        [36m/>[39m
        [36m<label>[39m
          [0mProjected status[0m
          [36m<select>[39m
            [36m<option[39m
              [33mvalue[39m=[32m""[39m
            [36m>[39m
              [0mAll projected statuses[0m
            [36m</option>[39m
            [36m<option[39m
              [33mvalue[39m=[32m"IN_REVIEW?"[39m
            [36m>[39m
              [0mIN_REVIEW?[0m
            [36m</option>[39m
            [36m<option[39m
              [33mvalue[39m=[32m"future::READY<script>"[39m
            [36m>[39m
              [0mfuture::READY&lt;script&gt;[0m
            [36m</option>[39m
          [36m</select>[39m
        [36m</label>[39m
        [36m<label>[39m
          [0mSort recent projects[0m
          [36m<select>[39m
            [36m<option[39m
              [33mvalue[39m=[32m"name-asc"[39m
            [36m>[39m
              [0mName A–Z[0m
            [36m</option>[39m
            [36m<option[39m
              [33mvalue[39m=[32m"name-desc"[39m
            [36m>[39m
              [0mName Z–A[0m
            [36m</option>[39m
          [36m</select>[39m
        [36m</label>[39m
      [36m</div>[39m
      [36m<p[39m
        [33maria-live[39m=[32m"polite"[39m
        [33mrole[39m=[32m"status"[39m
      [36m>[39m
        [0m3 recent projects loaded · bounded recent snapshot.[0m
      [36m</p>[39m
      [36m<ul[39m
        [33maria-label[39m=[32m"Recent project snapshot"[39m
        [33mclass[39m=[32m"ff-project-browser-list"[39m
      [36m>[39m
        [36m<li>[39m
          [36m<section[39m
            [33mclass[39m=[32m"ff-panel "[39m
          [36m>[39m
            [36m<header[39m
              [33mclass[39m=[32m"ff-panel__header"[39m
            [36m>[39m
              [36m<h2>[39m
                [0mAlpha project[0m
              [36m</h2>[39m
            [36m</header>[39m
            [36m<div[39m
              [33mclass[39m=[32m"ff-panel__body"[39m
            [36m>[39m
              [36m<p[39m
                [33mclass[39m=[32m"ff-project-description"[39m
              [36m>[39m
                [0mNo description projected.[0m
              [36m</p>[39m
              [36m<span[39m
                [33mclass[39m=[32m"ff-status ff-status--neutral"[39m
              [36m>[39m
                [36m<span[39m
                  [33maria-hidden[39m=[32m"true"[39m
                [36m/>[39m
                [0mIN_REVIEW?[0m
              [36m</span>[39m
              [36m<button[39m
                [33maria-label[39m=[32m"Inspect Alpha project"[39m
                [33mclass[39m=[32m"ff-button ff-button--secondary "[39m
              [36m>[39m
                [0mInspect[0m
              [36m</button>[39m
            [36m</div>[39m
          [36m</section>[39m
        [36m</li>[39m
        [36m<li>[39m
          [36m<section[39m
            [33mclass[39m=[32m"ff-panel "[39m
          [36m>[39m
            [36m<header[39m
              [33mclass[39m=[32m"ff-panel__header"[39m
            [36m>[39m
              [36m<h2>[39m
                [0mAlpha project[0m
              [36m</h2>[39m
            [36m</header>[39m
            [36m<div[39m
              [33mclass[39m=[32m"ff-panel__body"[39m
            [36m>[39m
              [36m<p[39m
                [33mclass[39m=[32m"ff-project-description"[39m
              [36m>[39m
                [0m&lt;b&gt;opaque description&lt;/b&gt;[0m
              [36m</p>[39m
              [36m<span[39m
                [33mclass[39m=[32m"ff-status ff-status--neutral"[39m
              [36m>[39m
                [36m<span[39m
                  [33maria-hidden[39m=[32m"true"[39m
                [36m/>[39m
                [0mIN_REVIEW?[0m
              [36m</span>[39m
              [36m<button[39m
                [33maria-label[39m=[32m"Inspect Alpha project"[39m
                [33mclass[39m=[32m"ff-button ff-button--secondary "[39m
              [36m>[39m
                [0mInspect[0m
              [36m</button>[39m
            [36m</div>[39m
          [36m</section>[39m
        [36m</li>[39m
        [36m<li>[39m
          [36m<section[39m
            [33mclass[39m=[32m"ff-panel "[39m
          [36m>[39m
            [36m<header[39m
              [33mclass[39m=[32m"ff-panel__header"[39m
            [36m>[39m
              [36m<h2>[39m
                [0mZeta &lt;project&gt;[0m
              [36m</h2>[39m
            [36m</header>[39m
            [36m<div[39m
              [33mclass[39m=[32m"ff-panel__body"[39m
            [36m>[39m
              [36m<p[39m
                [33mclass[39m=[32m"ff-project-description"[39m
              [36m>[39m
                [0mdescription literal 原文[0m
              [36m</p>[39m
              [36m<span[39m
                [33mclass[39m=[32m"ff-status ff-status--neutral"[39m
              [36m>[39m
                [36m<span[39m
                  [33maria-hidden[39m=[32m"true"[39m
                [36m/>[39m
                [0mfuture::READY&lt;script&gt;[0m
              [36m</span>[39m
              [36m<button[39m
                [33maria-label[39m=[32m"Inspect Zeta <project>"[39m
                [33mclass[39m=[32m"ff-button ff-button--secondary "[39m
              [36m>[39m
                [0mInspect[0m
              [36m</button>[39m
            [36m</div>[39m
          [36m</section>[39m
        [36m</li>[39m
      [36m</ul>[39m
    [36m</section>[39m
  [36m</div>[39m
[36m</body>[39m
 ❯ waitForWrapper node_modules/@testing-library/dom/dist/wait-for.js:163:27
 ❯ node_modules/@testing-library/dom/dist/query-helpers.js:86:33
 ❯ src/product/projects/ProjectBrowser.test.tsx:108:18
    106|     const source = createProjectsFixture({ workspaceId: 'workspace-1' …
    107|     const view = setup(source)
    108|     await screen.findByRole('button', { name: 'Inspect Alpha project' …
       |                  ^
    109|     const pending = deferred()
    110|     const next: ProjectsSource = { ...source, scope: { ...source.scope…

⎯⎯⎯⎯⎯⎯⎯⎯⎯⎯⎯⎯⎯⎯⎯⎯⎯⎯⎯⎯⎯⎯⎯[4/13]⎯

 FAIL  src/product/projects/ProjectBrowser.test.tsx > Workspace recent Project discovery and inspection > is unavailable by default and persistently identifies the localhost fixture as simulated and read-only
TestingLibraryElementError: Unable to find an accessible element with the role "heading" and name "Recent projects unavailable"

Here are the accessible roles:

  region:

  Name "Workspace recent projects":
  [36m<section[39m
    [33maria-label[39m=[32m"Workspace recent projects"[39m
    [33mclass[39m=[32m"ff-project-browser"[39m
  [36m/>[39m

  Name "Loading recent projects":
  [36m<section[39m
    [33maria-busy[39m=[32m"true"[39m
    [33maria-labelledby[39m=[32m"_r_m_"[39m
    [33maria-live[39m=[32m"polite"[39m
    [33mclass[39m=[32m"ff-state ff-state--loading"[39m
  [36m/>[39m

  --------------------------------------------------
  banner:

  Name "":
  [36m<header[39m
    [33mclass[39m=[32m"ff-project-browser-heading"[39m
  [36m/>[39m

  --------------------------------------------------
  heading:

  Name "Recent projects":
  [36m<h1 />[39m

  Name "Loading recent projects":
  [36m<h2[39m
    [33mid[39m=[32m"_r_m_"[39m
  [36m/>[39m

  --------------------------------------------------
  paragraph:

  Name "":
  [36m<p />[39m

  Name "":
  [36m<p[39m
    [33mclass[39m=[32m"ff-project-origin ff-project-origin--simulated"[39m
  [36m/>[39m

  Name "":
  [36m<p[39m
    [33mclass[39m=[32m"ff-project-boundary"[39m
  [36m/>[39m

  --------------------------------------------------
  status:

  Name "Loading recent projects":
  [36m<div[39m
    [33maria-label[39m=[32m"Loading recent projects"[39m
    [33mclass[39m=[32m"ff-skeleton"[39m
    [33mrole[39m=[32m"status"[39m
  [36m/>[39m

  --------------------------------------------------
  button:

  Name "Cancel loading":
  [36m<button[39m
    [33mclass[39m=[32m"ff-button ff-button--secondary "[39m
  [36m/>[39m

  --------------------------------------------------

Ignored nodes: comments, script, style
[36m<body>[39m
  [36m<div>[39m
    [36m<section[39m
      [33maria-label[39m=[32m"Workspace recent projects"[39m
      [33mclass[39m=[32m"ff-project-browser"[39m
    [36m>[39m
      [36m<header[39m
        [33mclass[39m=[32m"ff-project-browser-heading"[39m
      [36m>[39m
        [36m<div>[39m
          [36m<span>[39m
            [0mWorkspace · read-only[0m
          [36m</span>[39m
          [36m<h1>[39m
            [0mRecent projects[0m
          [36m</h1>[39m
          [36m<p>[39m
            [0mFind and inspect a bounded snapshot of recent work. This view cannot open, create, or change projects.[0m
          [36m</p>[39m
        [36m</div>[39m
      [36m</header>[39m
      [36m<p[39m
        [33mclass[39m=[32m"ff-project-origin ff-project-origin--simulated"[39m
      [36m>[39m
        [36m<span[39m
          [33mclass[39m=[32m"ff-badge ff-badge--warning"[39m
        [36m>[39m
          [0mSIMULATED PROJECT DATA · localhost fixture only · no real account or permission[0m
        [36m</span>[39m
      [36m</p>[39m
      [36m<p[39m
        [33mclass[39m=[32m"ff-project-boundary"[39m
      [36m>[39m
        [0mThis is a recent snapshot, not a full project inventory. Project opening and creation remain unavailable.[0m
      [36m</p>[39m
      [36m<section[39m
        [33maria-busy[39m=[32m"true"[39m
        [33maria-labelledby[39m=[32m"_r_m_"[39m
        [33maria-live[39m=[32m"polite"[39m
        [33mclass[39m=[32m"ff-state ff-state--loading"[39m
      [36m>[39m
        [36m<span[39m
          [33mclass[39m=[32m"ff-state__code"[39m
        [36m>[39m
          [0mLOADING[0m
        [36m</span>[39m
        [36m<h2[39m
          [33mid[39m=[32m"_r_m_"[39m
        [36m>[39m
          [0mLoading recent projects[0m
        [36m</h2>[39m
        [36m<div>[39m
          [36m<div[39m
            [33maria-label[39m=[32m"Loading recent projects"[39m
            [33mclass[39m=[32m"ff-skeleton"[39m
            [33mrole[39m=[32m"status"[39m
          [36m>[39m
            [36m<span[39m
              [33mclass[39m=[32m"sr-only"[39m
            [36m>[39m
              [0mLoading recent projects[0m
            [36m</span>[39m
          [36m</div>[39m
          [36m<button[39m
            [33mclass[39m=[32m"ff-button ff-button--secondary "[39m
          [36m>[39m
            [0mCancel loading[0m
          [36m</button>[39m
        [36m</div>[39m
      [36m</section>[39m
    [36m</section>[39m
  [36m</div>[39m
[36m</body>[39m
 ❯ Object.getElementError node_modules/@testing-library/dom/dist/config.js:37:19
 ❯ node_modules/@testing-library/dom/dist/query-helpers.js:76:38
 ❯ node_modules/@testing-library/dom/dist/query-helpers.js:52:17
 ❯ node_modules/@testing-library/dom/dist/query-helpers.js:95:19
 ❯ src/product/projects/ProjectBrowser.test.tsx:144:19
    142|   it('is unavailable by default and persistently identifies the localh…
    143|     const unavailable = setup(undefined)
    144|     expect(screen.getByRole('heading', { name: 'Recent projects unavai…
       |                   ^
    145|     unavailable.unmount()
    146|     setup()

⎯⎯⎯⎯⎯⎯⎯⎯⎯⎯⎯⎯⎯⎯⎯⎯⎯⎯⎯⎯⎯⎯⎯[5/13]⎯

 FAIL  src/product/projects/ProjectBrowser.test.tsx > Workspace recent Project discovery and inspection > localizes the full Projects UI in zh-CN while preserving projected names, descriptions and statuses
TestingLibraryElementError: Found multiple elements with the text: future::READY<script>

Here are the matching elements:

Ignored nodes: comments, script, style
[36m<option[39m
  [33mvalue[39m=[32m"future::READY<script>"[39m
[36m>[39m
  [0mfuture::READY&lt;script&gt;[0m
[36m</option>[39m

Ignored nodes: comments, script, style
[36m<span[39m
  [33mclass[39m=[32m"ff-status ff-status--neutral"[39m
[36m>[39m
  [36m<span[39m
    [33maria-hidden[39m=[32m"true"[39m
  [36m/>[39m
  [0mfuture::READY&lt;script&gt;[0m
[36m</span>[39m

(If this is intentional, then use the `*AllBy*` variant of the query (like `queryAllByText`, `getAllByText`, or `findAllByText`)).

Ignored nodes: comments, script, style
[36m<body>[39m
  [36m<div>[39m
    [36m<section[39m
      [33maria-label[39m=[32m"工作区最近项目"[39m
      [33mclass[39m=[32m"ff-project-browser"[39m
    [36m>[39m
      [36m<header[39m
        [33mclass[39m=[32m"ff-project-browser-heading"[39m
      [36m>[39m
        [36m<div>[39m
          [36m<span>[39m
            [0m工作区 · 只读[0m
          [36m</span>[39m
          [36m<h1>[39m
            [0m最近项目[0m
          [36m</h1>[39m
          [36m<p>[39m
            [0m查找并检查有限的最近工作快照。此视图不能打开、创建或更改项目。[0m
          [36m</p>[39m
        [36m</div>[39m
        [36m<button[39m
          [33mclass[39m=[32m"ff-button ff-button--secondary "[39m
        [36m>[39m
          [0m刷新最近项目[0m
        [36m</button>[39m
      [36m</header>[39m
      [36m<p[39m
        [33mclass[39m=[32m"ff-project-origin ff-project-origin--simulated"[39m
      [36m>[39m
        [36m<span[39m
          [33mclass[39m=[32m"ff-badge ff-badge--warning"[39m
        [36m>[39m
          [0m模拟项目数据 · 仅限 localhost 固定数据 · 未连接真实账户或权限[0m
        [36m</span>[39m
      [36m</p>[39m
      [36m<p[39m
        [33mclass[39m=[32m"ff-project-boundary"[39m
      [36m>[39m
        [0m这是最近项目快照，并非完整项目清单。项目打开和创建功能仍不可用。[0m
      [36m</p>[39m
      [36m<div[39m
        [33mclass[39m=[32m"ff-project-controls"[39m
      [36m>[39m
        [36m<input[39m
          [33maria-label[39m=[32m"搜索最近项目"[39m
          [33mclass[39m=[32m"ff-input "[39m
          [33mplaceholder[39m=[32m"搜索名称或描述"[39m
          [33mtype[39m=[32m"search"[39m
          [33mvalue[39m=[32m""[39m
        [36m/>[39m
        [36m<label>[39m
          [0m投影状态[0m
          [36m<select>[39m
            [36m<option[39m
              [33mvalue[39m=[32m""[39m
            [36m>[39m
              [0m所有投影状态[0m
            [36m</option>[39m
            [36m<option[39m
              [33mvalue[39m=[32m"IN_REVIEW?"[39m
            [36m>[39m
              [0mIN_REVIEW?[0m
            [36m</option>[39m
            [36m<option[39m
              [33mvalue[39m=[32m"future::READY<script>"[39m
            [36m>[39m
              [0mfuture::READY&lt;script&gt;[0m
            [36m</option>[39m
          [36m</select>[39m
        [36m</label>[39m
        [36m<label>[39m
          [0m最近项目排序[0m
          [36m<select>[39m
            [36m<option[39m
              [33mvalue[39m=[32m"name-asc"[39m
            [36m>[39m
              [0m名称 A–Z[0m
            [36m</option>[39m
            [36m<option[39m
              [33mvalue[39m=[32m"name-desc"[39m
            [36m>[39m
              [0m名称 Z–A[0m
            [36m</option>[39m
          [36m</select>[39m
        [36m</label>[39m
      [36m</div>[39m
      [36m<p[39m
        [33maria-live[39m=[32m"polite"[39m
        [33mrole[39m=[32m"status"[39m
      [36m>[39m
        [0m已加载 3 个最近项目 · 有限的最近快照。[0m
      [36m</p>[39m
      [36m<ul[39m
        [33maria-label[39m=[32m"最近项目快照"[39m
        [33mclass[39m=[32m"ff-project-browser-list"[39m
      [36m>[39m
        [36m<li>[39m
          [36m<section[39m
            [33mclass[39m=[32m"ff-panel "[39m
          [36m>[39m
            [36m<header[39m
              [33mclass[39m=[32m"ff-panel__header"[39m
            [36m>[39m
              [36m<h2>[39m
                [0mAlpha project[0m
              [36m</h2>[39m
            [36m</header>[39m
            [36m<div[39m
              [33mclass[39m=[32m"ff-panel__body"[39m
            [36m>[39m
              [36m<p[39m
                [33mclass[39m=[32m"ff-project-description"[39m
              [36m>[39m
                [0m未投影描述。[0m
              [36m</p>[39m
              [36m<span[39m
                [33mclass[39m=[32m"ff-status ff-status--neutral"[39m
              [36m>[39m
                [36m<span[39m
                  [33maria-hidden[39m=[32m"true"[39m
                [36m/>[39m
                [0mIN_REVIEW?[0m
              [36m</span>[39m
              [36m<button[39m
                [33maria-label[39m=[32m"检查 Alpha project"[39m
                [33mclass[39m=[32m"ff-button ff-button--secondary "[39m
              [36m>[39m
                [0m检查[0m
              [36m</button>[39m
            [36m</div>[39m
          [36m</section>[39m
        [36m</li>[39m
        [36m<li>[39m
          [36m<section[39m
            [33mclass[39m=[32m"ff-panel "[39m
          [36m>[39m
            [36m<header[39m
              [33mclass[39m=[32m"ff-panel__header"[39m
            [36m>[39m
              [36m<h2>[39m
                [0mAlpha project[0m
              [36m</h2>[39m
            [36m</header>[39m
            [36m<div[39m
              [33mclass[39m=[32m"ff-panel__body"[39m
            [36m>[39m
              [36m<p[39m
                [33mclass[39m=[32m"ff-project-description"[39m
              [36m>[39m
                [0m&lt;b&gt;opaque description&lt;/b&gt;[0m
              [36m</p>[39m
              [36m<span[39m
                [33mclass[39m=[32m"ff-status ff-status--neutral"[39m
              [36m>[39m
                [36m<span[39m
                  [33maria-hidden[39m=[32m"true"[39m
                [36m/>[39m
                [0mIN_REVIEW?[0m
              [36m</span>[39m
              [36m<button[39m
                [33maria-label[39m=[32m"检查 Alpha project"[39m
                [33mclass[39m=[32m"ff-button ff-button--secondary "[39m
              [36m>[39m
                [0m检查[0m
              [36m</button>[39m
            [36m</div>[39m
          [36m</section>[39m
        [36m</li>[39m
        [36m<li>[39m
          [36m<section[39m
            [33mclass[39m=[32m"ff-panel "[39m
          [36m>[39m
            [36m<header[39m
              [33mclass[39m=[32m"ff-panel__header"[39m
            [36m>[39m
              [36m<h2>[39m
                [0mZeta &lt;project&gt;[0m
              [36m</h2>[39m
            [36m</header>[39m
            [36m<div[39m
              [33mclass[39m=[32m"ff-panel__body"[39m
            [36m>[39m
              [36m<p[39m
                [33mclass[39m=[32m"ff-project-description"[39m
              [36m>[39m
                [0mdescription literal 原文[0m
              [36m</p>[39m
              [36m<span[39m
                [33mclass[39m=[32m"ff-status ff-status--neutral"[39m
              [36m>[39m
                [36m<span[39m
                  [33maria-hidden[39m=[32m"true"[39m
                [36m/>[39m
                [0mfuture::READY&lt;script&gt;[0m
              [36m</span>[39m
              [36m<button[39m
                [33maria-label[39m=[32m"检查 Zeta <project>"[39m
                [33mclass[39m=[32m"ff-button ff-button--secondary "[39m
              [36m>[39m
                [0m检查[0m
              [36m</button>[39m
            [36m</div>[39m
          [36m</section>[39m
        [36m</li>[39m
      [36m</ul>[39m
    [36m</section>[39m
  [36m</div>[39m
[36m</body>[39m
 ❯ Object.getElementError node_modules/@testing-library/dom/dist/config.js:37:19
 ❯ getElementError node_modules/@testing-library/dom/dist/query-helpers.js:20:35
 ❯ getMultipleElementsFoundError node_modules/@testing-library/dom/dist/query-helpers.js:23:10
 ❯ node_modules/@testing-library/dom/dist/query-helpers.js:55:13
 ❯ node_modules/@testing-library/dom/dist/query-helpers.js:95:19
 ❯ src/product/projects/ProjectBrowser.test.tsx:159:19
    157|     expect(screen.getByRole('searchbox', { name: '搜索最近项目' })).toBeTrut…
    158|     expect(screen.getByText(/模拟项目数据/)).toBeTruthy()
    159|     expect(screen.getByText('future::READY<script>')).toBeTruthy()
       |                   ^
    160|     fireEvent.click(screen.getByRole('button', { name: '检查 Zeta <proje…
    161|     expect(screen.getByRole('dialog', { name: '项目详情' })).toBeTruthy()

⎯⎯⎯⎯⎯⎯⎯⎯⎯⎯⎯⎯⎯⎯⎯⎯⎯⎯⎯⎯⎯⎯⎯[6/13]⎯


 Test Files  1 failed | 1 passed (2)
      Tests  13 failed | 31 passed (44)
   Start at  01:38:17
   Duration  12.93s (transform 422ms, setup 0ms, collect 898ms, tests 11.38s, environment 535ms, prepare 211ms)

JSON report written to /home/user/Documents/workspace/audit-runs/FRONTEND_WAVE2_NEXT_PLANNED_FEATURE_IMPLEMENTATION_V1/writer/green-01-results.json
