Script started on 2026-09-08 23:27:07+08:00 [COMMAND="./node_modules/.bin/vitest run src/product/render-browser/source.test.ts src/product/render-browser/RenderBrowser.test.tsx --configLoader runner --no-cache" <not executed on terminal>]
[?25l
 RUN  v3.2.6 /home/user/Documents/workspace/projects/.worktrees/frontend-wave2-product-ux-v1/frontend

[?2026h
 ❯ src/product/render-browser/RenderBrowser.test.tsx [queued]

 Test Files 0 passed (2)
      Tests 0 passed (0)
   Start at 23:27:08
   Duration 775ms
[?2026l[?2026h[K
 ❯ src/product/render-browser/RenderBrowser.test.tsx [queued]
 ❯ src/product/render-browser/source.test.ts [queued]

 Test Files 0 passed (2)
      Tests 0 passed (0)
   Start at 23:27:08
   Duration 895ms
[?2026l[?2026h[K
 ❯ src/product/render-browser/RenderBrowser.test.tsx [queued]
 ❯ src/product/render-browser/source.test.ts 0/16

 Test Files 0 passed (2)
      Tests 0 passed (16)
   Start at 23:27:08
   Duration 1.11s
[?2026l[?2026h[K ❯ src/product/render-browser/source.test.ts (16 tests | 14 failed) 28ms
   × bounded Render observability projection > searches only supplied ID/name, uses source-supported statuses, and sorts stably by name then ID 13ms
     → expected [] to deeply equal [ 'render-z' ]
   × bounded Render observability projection > derives percent only for matching finite units and valid ranges without clamping invalid values 1ms
     → (0 , deriveProgressPercent) is not a function
   × bounded Render observability projection > accepts safe task, attempt, failure, progress and bounded Artifact metadata as one owned snapshot 1ms
     → (0 , parseRenderSnapshot) is not a function
   × bounded Render observability projection > preserves missing, empty, bounded, denied, unavailable, unknown and stale Artifact states without inventing history 1ms
     → (0 , parseRenderSnapshot) is not a function
   × bounded Render observability projection > classifies broken attempt and Artifact task links as invalid relationships 2ms
     → The instanceof assertion needs a constructor but undefined was given.
   ✓ bounded Render observability projection > rejects malformed ownership, duplicate identities, foreign Projects, invalid source times, unsafe failures and excess bounds 2ms
   × bounded Render observability projection > preserves safe nondisclosing unavailable receipts 1ms
     → (0 , parseRenderSnapshot) is not a function
   × bounded Render observability projection > preserves safe nondisclosing denied receipts 0ms
     → (0 , parseRenderSnapshot) is not a function
   × bounded Render observability projection > preserves safe nondisclosing unknown receipts 1ms
     → (0 , parseRenderSnapshot) is not a function
   × bounded Render observability projection > preserves safe nondisclosing unsupported receipts 0ms
     → (0 , parseRenderSnapshot) is not a function
   × bounded Render observability projection > preserves safe nondisclosing error receipts 0ms
     → (0 , parseRenderSnapshot) is not a function
   × bounded Render observability projection > preserves safe nondisclosing stale receipts 0ms
     → (0 , parseRenderSnapshot) is not a function
   × Render source, identity and access boundaries > accepts only an exact host-agreed SERVER binding and never treats Operations visibility as query permission 2ms
     → expected 'unknown' to be 'ready' // Object.is equality
   ✓ Render source, identity and access boundaries > keys principal, tenant, session, Project and complete access projection ownership 0ms
   × Render source, identity and access boundaries > requires explicit fixture identity, performs no transport or storage access, and has a distinct test-only binding 1ms
     → expected [Function] to throw an error
   × Render source, identity and access boundaries > defaults unavailable without transport and does not invent a Project or identity 2ms
     → source.adapter.readProject is not a function

 ❯ src/product/render-browser/RenderBrowser.test.tsx 0/21

 Test Files 1 failed | 0 passed (2)
      Tests 14 failed | 2 passed (37)
   Start at 23:27:08
   Duration 1.51s
[?2026l[?2026h[K
 ❯ src/product/render-browser/RenderBrowser.test.tsx 0/21

 Test Files 1 failed | 0 passed (2)
      Tests 14 failed | 2 passed (37)
   Start at 23:27:08
   Duration 1.91s
[?2026l[?2026h[K
 ❯ src/product/render-browser/RenderBrowser.test.tsx 1/21

 Test Files 1 failed | 0 passed (2)
      Tests 15 failed | 2 passed (37)
   Start at 23:27:08
   Duration 2.72s
[?2026l[?2026h[K
 ❯ src/product/render-browser/RenderBrowser.test.tsx 1/21

 Test Files 1 failed | 0 passed (2)
      Tests 15 failed | 2 passed (37)
   Start at 23:27:08
   Duration 2.92s
[?2026l[?2026h[K
 ❯ src/product/render-browser/RenderBrowser.test.tsx 2/21

 Test Files 1 failed | 0 passed (2)
      Tests 16 failed | 2 passed (37)
   Start at 23:27:08
   Duration 3.72s
[?2026l[?2026h[K
 ❯ src/product/render-browser/RenderBrowser.test.tsx 2/21

 Test Files 1 failed | 0 passed (2)
      Tests 16 failed | 2 passed (37)
   Start at 23:27:08
   Duration 3.92s
[?2026l[?2026h[K
 ❯ src/product/render-browser/RenderBrowser.test.tsx 3/21

 Test Files 1 failed | 0 passed (2)
      Tests 17 failed | 2 passed (37)
   Start at 23:27:08
   Duration 4.72s
[?2026l[?2026h[K
 ❯ src/product/render-browser/RenderBrowser.test.tsx 3/21

 Test Files 1 failed | 0 passed (2)
      Tests 17 failed | 2 passed (37)
   Start at 23:27:08
   Duration 4.93s
[?2026l[?2026h[K
 ❯ src/product/render-browser/RenderBrowser.test.tsx 4/21

 Test Files 1 failed | 0 passed (2)
      Tests 18 failed | 2 passed (37)
   Start at 23:27:08
   Duration 5.83s
[?2026l[?2026h[K
 ❯ src/product/render-browser/RenderBrowser.test.tsx 4/21

 Test Files 1 failed | 0 passed (2)
      Tests 18 failed | 2 passed (37)
   Start at 23:27:08
   Duration 5.93s
[?2026l[?2026h[K
 ❯ src/product/render-browser/RenderBrowser.test.tsx 5/21

 Test Files 1 failed | 0 passed (2)
      Tests 19 failed | 2 passed (37)
   Start at 23:27:08
   Duration 6.84s
[?2026l[?2026h[K
 ❯ src/product/render-browser/RenderBrowser.test.tsx 5/21

 Test Files 1 failed | 0 passed (2)
      Tests 19 failed | 2 passed (37)
   Start at 23:27:08
   Duration 6.94s
[?2026l[?2026h[K
 ❯ src/product/render-browser/RenderBrowser.test.tsx 6/21

 Test Files 1 failed | 0 passed (2)
      Tests 20 failed | 2 passed (37)
   Start at 23:27:08
   Duration 7.84s
[?2026l[?2026h[K
 ❯ src/product/render-browser/RenderBrowser.test.tsx 6/21

 Test Files 1 failed | 0 passed (2)
      Tests 20 failed | 2 passed (37)
   Start at 23:27:08
   Duration 7.94s
[?2026l[?2026h[K
 ❯ src/product/render-browser/RenderBrowser.test.tsx 7/21

 Test Files 1 failed | 0 passed (2)
      Tests 21 failed | 2 passed (37)
   Start at 23:27:08
   Duration 8.84s
[?2026l[?2026h[K
 ❯ src/product/render-browser/RenderBrowser.test.tsx 7/21

 Test Files 1 failed | 0 passed (2)
      Tests 21 failed | 2 passed (37)
   Start at 23:27:08
   Duration 8.94s
[?2026l[?2026h[K
 ❯ src/product/render-browser/RenderBrowser.test.tsx 8/21

 Test Files 1 failed | 0 passed (2)
      Tests 22 failed | 2 passed (37)
   Start at 23:27:08
   Duration 9.84s
[?2026l[?2026h[K
 ❯ src/product/render-browser/RenderBrowser.test.tsx 8/21

 Test Files 1 failed | 0 passed (2)
      Tests 22 failed | 2 passed (37)
   Start at 23:27:08
   Duration 9.94s
[?2026l[?2026h[K
 ❯ src/product/render-browser/RenderBrowser.test.tsx 9/21

 Test Files 1 failed | 0 passed (2)
      Tests 23 failed | 2 passed (37)
   Start at 23:27:08
   Duration 10.84s
[?2026l[?2026h[K
 ❯ src/product/render-browser/RenderBrowser.test.tsx 9/21

 Test Files 1 failed | 0 passed (2)
      Tests 23 failed | 2 passed (37)
   Start at 23:27:08
   Duration 10.94s
[?2026l[?2026h[K
 ❯ src/product/render-browser/RenderBrowser.test.tsx 10/21

 Test Files 1 failed | 0 passed (2)
      Tests 24 failed | 2 passed (37)
   Start at 23:27:08
   Duration 11.85s
[?2026l[?2026h[K
 ❯ src/product/render-browser/RenderBrowser.test.tsx 10/21

 Test Files 1 failed | 0 passed (2)
      Tests 24 failed | 2 passed (37)
   Start at 23:27:08
   Duration 11.95s
[?2026l[?2026h[K
 ❯ src/product/render-browser/RenderBrowser.test.tsx 11/21

 Test Files 1 failed | 0 passed (2)
      Tests 25 failed | 2 passed (37)
   Start at 23:27:08
   Duration 12.85s
[?2026l[?2026h[K
 ❯ src/product/render-browser/RenderBrowser.test.tsx 12/21

 Test Files 1 failed | 0 passed (2)
      Tests 26 failed | 2 passed (37)
   Start at 23:27:08
   Duration 13.85s
[?2026l[?2026h[K
 ❯ src/product/render-browser/RenderBrowser.test.tsx 13/21

 Test Files 1 failed | 0 passed (2)
      Tests 27 failed | 2 passed (37)
   Start at 23:27:08
   Duration 14.85s
[?2026l[?2026h[K
 ❯ src/product/render-browser/RenderBrowser.test.tsx 14/21

 Test Files 1 failed | 0 passed (2)
      Tests 28 failed | 2 passed (37)
   Start at 23:27:08
   Duration 15.85s
[?2026l[?2026h[K
 ❯ src/product/render-browser/RenderBrowser.test.tsx 15/21

 Test Files 1 failed | 0 passed (2)
      Tests 29 failed | 2 passed (37)
   Start at 23:27:08
   Duration 16.96s
[?2026l[?2026h[K
 ❯ src/product/render-browser/RenderBrowser.test.tsx 16/21

 Test Files 1 failed | 0 passed (2)
      Tests 30 failed | 2 passed (37)
   Start at 23:27:08
   Duration 17.96s
[?2026l[?2026h[K
 ❯ src/product/render-browser/RenderBrowser.test.tsx 16/21

 Test Files 1 failed | 0 passed (2)
      Tests 30 failed | 2 passed (37)
   Start at 23:27:08
   Duration 18.96s
[?2026l[?2026h[K
 ❯ src/product/render-browser/RenderBrowser.test.tsx 17/21

 Test Files 1 failed | 0 passed (2)
      Tests 31 failed | 2 passed (37)
   Start at 23:27:08
   Duration 19.96s
[?2026l[?2026h[K
 ❯ src/product/render-browser/RenderBrowser.test.tsx 20/21

 Test Files 1 failed | 0 passed (2)
      Tests 34 failed | 2 passed (37)
   Start at 23:27:08
   Duration 20.87s
[?2026l[K ❯ src/product/render-browser/RenderBrowser.test.tsx (21 tests | 21 failed) 19363ms
   × RenderBrowser observability workflow > uses explicit provider injection and remains usable through StrictMode adapter registration replay 1065ms
     → Unable to find an element with the text: Connected render. This could be because the text is broken up by multiple elements. In this case, you can provide a function for your text matcher to make your matcher more flexible.

Ignored nodes: comments, script, style
[36m<body>[39m
  [36m<div>[39m
    [36m<section[39m
      [33maria-label[39m=[32m"Single-Project render summaries"[39m
      [33mclass[39m=[32m"ff-render-browser"[39m
    [36m>[39m
      [36m<header[39m
        [33mclass[39m=[32m"ff-render-browser-heading"[39m
      [36m>[39m
        [36m<div>[39m
          [36m<span>[39m
            [0mOperations · read-only[0m
          [36m</span>[39m
          [36m<h1>[39m
            [0mProject renders[0m
          [36m</h1>[39m
          [36m<p>[39m
            [0mFind and inspect safe render job summaries supplied for one explicit Project. This view cannot control jobs.[0m
          [36m</p>[39m
        [36m</div>[39m
      [36m</header>[39m
      [36m<p[39m
        [33mclass[39m=[32m"ff-render-origin ff-render-origin--unavailable"[39m
      [36m>[39m
        [36m<span[39m
          [33mclass[39m=[32m"ff-badge ff-badge--neutral"[39m
        [36m>[39m
          [0mRENDER SOURCE UNAVAILABLE · no request was sent[0m
        [36m</span>[39m
      [36m</p>[39m
      [36m<div[39m
        [33mclass[39m=[32m"ff-property-row"[39m
      [36m>[39m
        [36m<span>[39m
          [0mSource Project ID[0m
        [36m</span>[39m
        [36m<div>[39m
          [36m<code>[39m
            [0mproject-1[0m
          [36m</code>[39m
        [36m</div>[39m
      [36m</div>[39m
      [36m<p[39m
        [33mclass[39m=[32m"ff-render-boundary"[39m
      [36m>[39m
        [0mScope comes only from the source Project shown above. Results are bounded and are not a global render inventory.[0m
      [36m</p>[39m
      [36m<section[39m
        [33maria-busy[39m=[32m"false"[39m
        [33maria-labelledby[39m=[32m"_r_0_"[39m
        [33maria-live[39m=[32m"polite"[39m
        [33mclass[39m=[32m"ff-state ff-state--blocked"[39m
      [36m>[39m
        [36m<span[39m
          [33mclass[39m=[32m"ff-state__code"[39m
        [36m>[39m
          [0mBLOCKED[0m
        [36m</span>[39m
        [36m<h2[39m
          [33mid[39m=[32m"_r_0_"[39m
        [36m>[39m
          [0mRender summary access unknown[0m
        [36m</h2>[39m
        [36m<div>[39m
          [36m<p>[39m
            [0mAccess or Project scope could not be established, so the request remained fail-closed.[0m
          [36m</p>[39m
        [36m</div>[39m
      [36m</section>[39m
    [36m</section>[39m
  [36m</div>[39m
[36m</body>[39m

Ignored nodes: comments, script, style
[36m<body>[39m
  [36m<div>[39m
    [36m<section[39m
      [33maria-label[39m=[32m"Single-Project render summaries"[39m
      [33mclass[39m=[32m"ff-render-browser"[39m
    [36m>[39m
      [36m<header[39m
        [33mclass[39m=[32m"ff-render-browser-heading"[39m
      [36m>[39m
        [36m<div>[39m
          [36m<span>[39m
            [0mOperations · read-only[0m
          [36m</span>[39m
          [36m<h1>[39m
            [0mProject renders[0m
          [36m</h1>[39m
          [36m<p>[39m
            [0mFind and inspect safe render job summaries supplied for one explicit Project. This view cannot control jobs.[0m
          [36m</p>[39m
        [36m</div>[39m
      [36m</header>[39m
      [36m<p[39m
        [33mclass[39m=[32m"ff-render-origin ff-render-origin--unavailable"[39m
      [36m>[39m
        [36m<span[39m
          [33mclass[39m=[32m"ff-badge ff-badge--neutral"[39m
        [36m>[39m
          [0mRENDER SOURCE UNAVAILABLE · no request was sent[0m
        [36m</span>[39m
      [36m</p>[39m
      [36m<div[39m
        [33mclass[39m=[32m"ff-property-row"[39m
      [36m>[39m
        [36m<span>[39m
          [0mSource Project ID[0m
        [36m</span>[39m
        [36m<div>[39m
          [36m<code>[39m
            [0mproject-1[0m
          [36m</code>[39m
        [36m</div>[39m
      [36m</div>[39m
      [36m<p[39m
        [33mclass[39m=[32m"ff-render-boundary"[39m
      [36m>[39m
        [0mScope comes only from the source Project shown above. Results are bounded and are not a global render inventory.[0m
      [36m</p>[39m
      [36m<section[39m
        [33maria-busy[39m=[32m"false"[39m
        [33maria-labelledby[39m=[32m"_r_0_"[39m
        [33maria-live[39m=[32m"polite"[39m
        [33mclass[39m=[32m"ff-state ff-state--blocked"[39m
      [36m>[39m
        [36m<span[39m
          [33mclass[39m=[32m"ff-state__code"[39m
        [36m>[39m
          [0mBLOCKED[0m
        [36m</span>[39m
        [36m<h2[39m
          [33mid[39m=[32m"_r_0_"[39m
        [36m>[39m
          [0mRender summary access unknown[0m
        [36m</h2>[39m
        [36m<div>[39m
          [36m<p>[39m
            [0mAccess or Project scope could not be established, so the request remained fail-closed.[0m
          [36m</p>[39m
        [36m</div>[39m
      [36m</section>[39m
    [36m</section>[39m
  [36m</div>[39m
[36m</body>[39m
   × RenderBrowser observability workflow > shows supplied summary data, opaque unknown status, valid progress and current-snapshot disclosure without actions 1026ms
     → Unable to find role="heading" and name "Render observability"

Ignored nodes: comments, script, style
[36m<body>[39m
  [36m<div>[39m
    [36m<section[39m
      [33maria-label[39m=[32m"Single-Project render summaries"[39m
      [33mclass[39m=[32m"ff-render-browser"[39m
    [36m>[39m
      [36m<header[39m
        [33mclass[39m=[32m"ff-render-browser-heading"[39m
      [36m>[39m
        [36m<div>[39m
          [36m<span>[39m
            [0mOperations · read-only[0m
          [36m</span>[39m
          [36m<h1>[39m
            [0mProject renders[0m
          [36m</h1>[39m
          [36m<p>[39m
            [0mFind and inspect safe render job summaries supplied for one explicit Project. This view cannot control jobs.[0m
          [36m</p>[39m
        [36m</div>[39m
        [36m<button[39m
          [33mclass[39m=[32m"ff-button ff-button--secondary "[39m
        [36m>[39m
          [0mRefresh render summaries[0m
        [36m</button>[39m
      [36m</header>[39m
      [36m<p[39m
        [33mclass[39m=[32m"ff-render-origin ff-render-origin--simulated"[39m
      [36m>[39m
        [36m<span[39m
          [33mclass[39m=[32m"ff-badge ff-badge--warning"[39m
        [36m>[39m
          [0mSIMULATED RENDER DATA · localhost fixture only · no real account or permission[0m
        [36m</span>[39m
      [36m</p>[39m
      [36m<div[39m
        [33mclass[39m=[32m"ff-property-row"[39m
      [36m>[39m
        [36m<span>[39m
          [0mSource Project ID[0m
        [36m</span>[39m
        [36m<div>[39m
          [36m<code>[39m
            [0msimulated-render-project[0m
          [36m</code>[39m
        [36m</div>[39m
      [36m</div>[39m
      [36m<p[39m
        [33mclass[39m=[32m"ff-render-boundary"[39m
      [36m>[39m
        [0mScope comes only from the source Project shown above. Results are bounded and are not a global render inventory.[0m
      [36m</p>[39m
      [36m<div[39m
        [33mclass[39m=[32m"ff-render-controls"[39m
      [36m>[39m
        [36m<input[39m
          [33maria-label[39m=[32m"Search render summaries"[39m
          [33mclass[39m=[32m"ff-input "[39m
          [33mplaceholder[39m=[32m"Search render ID or profile"[39m
          [33mtype[39m=[32m"search"[39m
          [33mvalue[39m=[32m""[39m
        [36m/>[39m
        [36m<label>[39m
          [0mRender status[0m
          [36m<select>[39m
            [36m<option[39m
              [33mvalue[39m=[32m""[39m
            [36m>[39m
              [0mAll established statuses[0m
            [36m</option>[39m
            [36m<option[39m
              [33mvalue[39m=[32m"QUEUED"[39m
            [36m>[39m
              [0mQUEUED[0m
            [36m</option>[39m
            [36m<option[39m
              [33mvalue[39m=[32m"SELECTING_PROVIDER"[39m
            [36m>[39m
              [0mSELECTING_PROVIDER[0m
            [36m</option>[39m
            [36m<option[39m
              [33mvalue[39m=[32m"PROVIDER_SELECTED"[39m
            [36m>[39m
              [0mPROVIDER_SELECTED[0m
            [36m</option>[39m
            [36m<option[39m
              [33mvalue[39m=[32m"EXECUTING"[39m
            [36m>[39m
              [0mEXECUTING[0m
            [36m</option>[39m
            [36m<option[39m
              [33mvalue[39m=[32m"COMPLETING"[39m
            [36m>[39m
              [0mCOMPLETING[0m
            [36m</option>[39m
            [36m<option[39m
              [33mvalue[39m=[32m"COMPLETED"[39m
            [36m>[39m
              [0mCOMPLETED[0m
            [36m</option>[39m
            [36m<option[39m
              [33mvalue[39m=[32m"FAILED"[39m
            [36m>[39m
              [0mFAILED[0m
            [36m</option>[39m
            [36m<option[39m
              [33mvalue[39m=[32m"CANCELLED"[39m
            [36m>[39m
              [0mCANCELLED[0m
            [36m</option>[39m
            [36m<option[39m
              [33mvalue[39m=[32m"REJECTED"[39m
            [36m>[39m
              [0mREJECTED[0m
            [36m</option>[39m
          [36m</select>[39m
        [36m</label>[39m
        [36m<label>[39m
          [0mSort render summaries[0m
          [36m<select>[39m
            [36m<option[39m
              [33mvalue[39m=[32m"id-asc"[39m
            [36m>[39m
              [0mRender ID A–Z[0m
            [36m</option>[39m
            [36m<option[39m
              [33mvalue[39m=[32m"id-desc"[39m
            [36m>[39m
              [0mRender ID Z–A[0m
            [36m</option>[39m
          [36m</select>[39m
        [36m</label>[39m
      [36m</div>[39m
      [36m<p[39m
        [33maria-live[39m=[32m"polite"[39m
        [33mrole[39m=[32m"status"[39m
      [36m>[39m
        [0m3 render summaries loaded · bounded Project snapshot.[0m
      [36m</p>[39m
      [36m<ul[39m
        [33maria-label[39m=[32m"Render summary snapshot"[39m
        [33mclass[39m=[32m"ff-render-browser-list"[39m
      [36m>[39m
        [36m<li>[39m
          [36m<section[39m
            [33mclass[39m=[32m"ff-panel "[39m
          [36m>[39m
            [36m<header[39m
              [33mclass[39m=[32m"ff-panel__header"[39m
            [36m>[39m
              [36m<h2>[39m
                [0mrender-alpha[0m
              [36m</h2>[39m
            [36m</header>[39m
            [36m<div[39m
              [33mclass[39m=[32m"ff-panel__body"[39m
            [36m>[39m
              [36m<p[39m
                [33mclass[39m=[32m"ff-render-profile"[39m
              [36m>[39m
                [0mSocial 原文[0m
              [36m</p>[39m
              [36m<span[39m
                [33mclass[39m=[32m"ff-status ff-status--neutral"[39m
              [36m>[39m
                [36m<span[39m
                  [33maria-hidden[39m=[32m"true"[39m
                [36m/>[39m
                [0mQUEUED[0m
              [36m</span>[39m
              [36m<button[39m
                [33maria-label[39m=[32m"Inspect render render-alpha"[39m
                [33mclass[39m=[32m"ff-button ff-button--secondary "[39m
              [36m>[39m
                [0mInspect[0m
              [36m</button>[39m
            [36m</div>[39m
          [36m</section>[39m
        [36m</li>[39m
        [36m<li>[39m
          [36m<section[39m
            [33mclass[39m=[32m"ff-panel "[39m
          [36m>[39m
            [36m<header[39m
              [33mclass[39m=[32m"ff-panel__header"[39m
            [36m>[39m
              [36m<h2>[39m
                [0mrender-beta[0m
              [36m</h2>[39m
            [36m</header>[39m
            [36m<div[39m
              [33mclass[39m=[32m"ff-panel__body"[39m
            [36m>[39m
              [36m<p[39m
                [33mclass[39m=[32m"ff-render-profile"[39m
              [36m>[39m
                [0m&lt;b&gt;opaque profile&lt;/b&gt;[0m
              [36m</p>[39m
              [36m<span[39m
                [33mclass[39m=[32m"ff-status ff-status--neutral"[39m
              [36m>[39m
                [36m<span[39m
                  [33maria-hidden[39m=[32m"true"[39m
                [36m/>[39m
                [0mFAILED[0m
              [36m</span>[39m
              [36m<button[39m
                [33maria-label[39m=[32m"Inspect render render-beta"[39m
                [33mclass[39m=[32m"ff-button ff-button--secondary "[39m
              [36m>[39m
                [0mInspect[0m
              [36m</button>[39m
            [36m</div>[39m
          [36m</section>[39m
        [36m</li>[39m
        [36m<li>[39m
          [36m<section[39m
            [33mclass[39m=[32m"ff-panel "[39m
          [36m>[39m
            [36m<header[39m
              [33mclass[39m=[32m"ff-panel__header"[39m
            [36m>[39m
              [36m<h2>[39m
                [0mrender-zeta[0m
              [36m</h2>[39m
            [36m</header>[39m
            [36m<div[39m
              [33mclass[39m=[32m"ff-panel__body"[39m
            [36m>[39m
              [36m<p[39m
                [33mclass[39m=[32m"ff-render-profile"[39m
              [36m>[39m
                [0mCinema &lt;literal&gt;[0m
              [36m</p>[39m
              [36m<span[39m
                [33mclass[39m=[32m"ff-status ff-status--neutral"[39m
              [36m>[39m
                [36m<span[39m
                  [33maria-hidden[39m=[32m"true"[39m
                [36m/>[39m
                [0mCOMPLETED[0m
              [36m</span>[39m
              [36m<button[39m
                [33maria-label[39m=[32m"Inspect render render-zeta"[39m
                [33mclass[39m=[32m"ff-button ff-button--secondary "[39m
              [36m>[39m
                [0mInspect[0m
              [36m</button>[39m
            [36m</div>[39m
          [36m</section>[39m
        [36m</li>[39m
      [36m</ul>[39m
    [36m</section>[39m
  [36m</div>[39m
[36m</body>[39m

Ignored nodes: comments, script, style
[36m<body>[39m
  [36m<div>[39m
    [36m<section[39m
      [33maria-label[39m=[32m"Single-Project render summaries"[39m
      [33mclass[39m=[32m"ff-render-browser"[39m
    [36m>[39m
      [36m<header[39m
        [33mclass[39m=[32m"ff-render-browser-heading"[39m
      [36m>[39m
        [36m<div>[39m
          [36m<span>[39m
            [0mOperations · read-only[0m
          [36m</span>[39m
          [36m<h1>[39m
            [0mProject renders[0m
          [36m</h1>[39m
          [36m<p>[39m
            [0mFind and inspect safe render job summaries supplied for one explicit Project. This view cannot control jobs.[0m
          [36m</p>[39m
        [36m</div>[39m
        [36m<button[39m
          [33mclass[39m=[32m"ff-button ff-button--secondary "[39m
        [36m>[39m
          [0mRefresh render summaries[0m
        [36m</button>[39m
      [36m</header>[39m
      [36m<p[39m
        [33mclass[39m=[32m"ff-render-origin ff-render-origin--simulated"[39m
      [36m>[39m
        [36m<span[39m
          [33mclass[39m=[32m"ff-badge ff-badge--warning"[39m
        [36m>[39m
          [0mSIMULATED RENDER DATA · localhost fixture only · no real account or permission[0m
        [36m</span>[39m
      [36m</p>[39m
      [36m<div[39m
        [33mclass[39m=[32m"ff-property-row"[39m
      [36m>[39m
        [36m<span>[39m
          [0mSource Project ID[0m
        [36m</span>[39m
        [36m<div>[39m
          [36m<code>[39m
            [0msimulated-render-project[0m
          [36m</code>[39m
        [36m</div>[39m
      [36m</div>[39m
      [36m<p[39m
        [33mclass[39m=[32m"ff-render-boundary"[39m
      [36m>[39m
        [0mScope comes only from the source Project shown above. Results are bounded and are not a global render inventory.[0m
      [36m</p>[39m
      [36m<div[39m
        [33mclass[39m=[32m"ff-render-controls"[39m
      [36m>[39m
        [36m<input[39m
          [33maria-label[39m=[32m"Search render summaries"[39m
          [33mclass[39m=[32m"ff-input "[39m
          [33mplaceholder[39m=[32m"Search render ID or profile"[39m
          [33mtype[39m=[32m"search"[39m
          [33mvalue[39m=[32m""[39m
        [36m/>[39m
        [36m<label>[39m
          [0mRender status[0m
          [36m<select>[39m
            [36m<option[39m
              [33mvalue[39m=[32m""[39m
            [36m>[39m
              [0mAll established statuses[0m
            [36m</option>[39m
            [36m<option[39m
              [33mvalue[39m=[32m"QUEUED"[39m
            [36m>[39m
              [0mQUEUED[0m
            [36m</option>[39m
            [36m<option[39m
              [33mvalue[39m=[32m"SELECTING_PROVIDER"[39m
            [36m>[39m
              [0mSELECTING_PROVIDER[0m
            [36m</option>[39m
            [36m<option[39m
              [33mvalue[39m=[32m"PROVIDER_SELECTED"[39m
            [36m>[39m
              [0mPROVIDER_SELECTED[0m
            [36m</option>[39m
            [36m<option[39m
              [33mvalue[39m=[32m"EXECUTING"[39m
            [36m>[39m
              [0mEXECUTING[0m
            [36m</option>[39m
            [36m<option[39m
              [33mvalue[39m=[32m"COMPLETING"[39m
            [36m>[39m
              [0mCOMPLETING[0m
            [36m</option>[39m
            [36m<option[39m
              [33mvalue[39m=[32m"COMPLETED"[39m
            [36m>[39m
              [0mCOMPLETED[0m
            [36m</option>[39m
            [36m<option[39m
              [33mvalue[39m=[32m"FAILED"[39m
            [36m>[39m
              [0mFAILED[0m
            [36m</option>[39m
            [36m<option[39m
              [33mvalue[39m=[32m"CANCELLED"[39m
            [36m>[39m
              [0mCANCELLED[0m
            [36m</option>[39m
            [36m<option[39m
              [33mvalue[39m=[32m"REJECTED"[39m
            [36m>[39m
              [0mREJECTED[0m
            [36m</option>[39m
          [36m</select>[39m
        [36m</label>[39m
        [36m<label>[39m
          [0mSort render summaries[0m
          [36m<select>[39m
            [36m<option[39m
              [33mvalue[39m=[32m"id-asc"[39m
            [36m>[39m
              [0mRender ID A–Z[0m
            [36m</option>[39m
            [36m<option[39m
              [33mvalue[39m=[32m"id-desc"[39m
            [36m>[39m
              [0mRender ID Z–A[0m
            [36m</option>[39m
          [36m</select>[39m
        [36m</label>[39m
      [36m</div>[39m
      [36m<p[39m
        [33maria-live[39m=[32m"polite"[39m
        [33mrole[39m=[32m"status"[39m
      [36m>[39m
        [0m3 render summaries loaded · bounded Project snapshot.[0m
      [36m</p>[39m
      [36m<ul[39m
        [33maria-label[39m=[32m"Render summary snapshot"[39m
        [33mclass[39m=[32m"ff-render-browser-list"[39m
      [36m>[39m
        [36m<li>[39m
          [36m<section[39m
            [33mclass[39m=[32m"ff-panel "[39m
          [36m>[39m
            [36m<header[39m
              [33mclass[39m=[32m"ff-panel__header"[39m
            [36m>[39m
              [36m<h2>[39m
                [0mrender-alpha[0m
              [36m</h2>[39m
            [36m</header>[39m
            [36m<div[39m
              [33mclass[39m=[32m"ff-panel__body"[39m
            [36m>[39m
              [36m<p[39m
                [33mclass[39m=[32m"ff-render-profile"[39m
              [36m>[39m
                [0mSocial 原文[0m
              [36m</p>[39m
              [36m<span[39m
                [33mclass[39m=[32m"ff-status ff-status--neutral"[39m
              [36m>[39m
                [36m<span[39m
                  [33maria-hidden[39m=[32m"true"[39m
                [36m/>[39m
                [0mQUEUED[0m
              [36m</span>[39m
              [36m<button[39m
                [33maria-label[39m=[32m"Inspect render render-alpha"[39m
                [33mclass[39m=[32m"ff-button ff-button--secondary "[39m
              [36m>[39m
                [0mInspect[0m
              [36m</button>[39m
            [36m</div>[39m
          [36m</section>[39m
        [36m</li>[39m
        [36m<li>[39m
          [36m<section[39m
            [33mclass[39m=[32m"ff-panel "[39m
          [36m>[39m
            [36m<header[39m
              [33mclass[39m=[32m"ff-panel__header"[39m
            [36m>[39m
              [36m<h2>[39m
                [0mrender-beta[0m
              [36m</h2>[39m
            [36m</header>[39m
            [36m<div[39m
              [33mclass[39m=[32m"ff-panel__body"[39m
            [36m>[39m
              [36m<p[39m
                [33mclass[39m=[32m"ff-render-profile"[39m
              [36m>[39m
                [0m&lt;b&gt;opaque profile&lt;/b&gt;[0m
              [36m</p>[39m
              [36m<span[39m
                [33mclass[39m=[32m"ff-status ff-status--neutral"[39m
              [36m>[39m
                [36m<span[39m
                  [33maria-hidden[39m=[32m"true"[39m
                [36m/>[39m
                [0mFAILED[0m
              [36m</span>[39m
              [36m<button[39m
                [33maria-label[39m=[32m"Inspect render render-beta"[39m
                [33mclass[39m=[32m"ff-button ff-button--secondary "[39m
              [36m>[39m
                [0mInspect[0m
              [36m</button>[39m
            [36m</div>[39m
          [36m</section>[39m
        [36m</li>[39m
        [36m<li>[39m
          [36m<section[39m
            [33mclass[39m=[32m"ff-panel "[39m
          [36m>[39m
            [36m<header[39m
              [33mclass[39m=[32m"ff-panel__header"[39m
            [36m>[39m
              [36m<h2>[39m
                [0mrender-zeta[0m
              [36m</h2>[39m
            [36m</header>[39m
            [36m<div[39m
              [33mclass[39m=[32m"ff-panel__body"[39m
            [36m>[39m
              [36m<p[39m
                [33mclass[39m=[32m"ff-render-profile"[39m
              [36m>[39m
                [0mCinema &lt;literal&gt;[0m
              [36m</p>[39m
              [36m<span[39m
                [33mclass[39m=[32m"ff-status ff-status--neutral"[39m
              [36m>[39m
                [36m<span[39m
                  [33maria-hidden[39m=[32m"true"[39m
                [36m/>[39m
                [0mCOMPLETED[0m
              [36m</span>[39m
              [36m<button[39m
                [33maria-label[39m=[32m"Inspect render render-zeta"[39m
                [33mclass[39m=[32m"ff-button ff-button--secondary "[39m
              [36m>[39m
                [0mInspect[0m
              [36m</button>[39m
            [36m</div>[39m
          [36m</section>[39m
        [36m</li>[39m
      [36m</ul>[39m
    [36m</section>[39m
  [36m</div>[39m
[36m</body>[39m
   × RenderBrowser observability workflow > searches ID/name, filters only source-supported literal statuses, sorts stably and keeps Reset focusable 1019ms
     → Unable to find role="button" and name "Inspect render Courtyard <final>"

Ignored nodes: comments, script, style
[36m<body>[39m
  [36m<div>[39m
    [36m<section[39m
      [33maria-label[39m=[32m"Single-Project render summaries"[39m
      [33mclass[39m=[32m"ff-render-browser"[39m
    [36m>[39m
      [36m<header[39m
        [33mclass[39m=[32m"ff-render-browser-heading"[39m
      [36m>[39m
        [36m<div>[39m
          [36m<span>[39m
            [0mOperations · read-only[0m
          [36m</span>[39m
          [36m<h1>[39m
            [0mProject renders[0m
          [36m</h1>[39m
          [36m<p>[39m
            [0mFind and inspect safe render job summaries supplied for one explicit Project. This view cannot control jobs.[0m
          [36m</p>[39m
        [36m</div>[39m
        [36m<button[39m
          [33mclass[39m=[32m"ff-button ff-button--secondary "[39m
        [36m>[39m
          [0mRefresh render summaries[0m
        [36m</button>[39m
      [36m</header>[39m
      [36m<p[39m
        [33mclass[39m=[32m"ff-render-origin ff-render-origin--simulated"[39m
      [36m>[39m
        [36m<span[39m
          [33mclass[39m=[32m"ff-badge ff-badge--warning"[39m
        [36m>[39m
          [0mSIMULATED RENDER DATA · localhost fixture only · no real account or permission[0m
        [36m</span>[39m
      [36m</p>[39m
      [36m<div[39m
        [33mclass[39m=[32m"ff-property-row"[39m
      [36m>[39m
        [36m<span>[39m
          [0mSource Project ID[0m
        [36m</span>[39m
        [36m<div>[39m
          [36m<code>[39m
            [0msimulated-render-project[0m
          [36m</code>[39m
        [36m</div>[39m
      [36m</div>[39m
      [36m<p[39m
        [33mclass[39m=[32m"ff-render-boundary"[39m
      [36m>[39m
        [0mScope comes only from the source Project shown above. Results are bounded and are not a global render inventory.[0m
      [36m</p>[39m
      [36m<div[39m
        [33mclass[39m=[32m"ff-render-controls"[39m
      [36m>[39m
        [36m<input[39m
          [33maria-label[39m=[32m"Search render summaries"[39m
          [33mclass[39m=[32m"ff-input "[39m
          [33mplaceholder[39m=[32m"Search render ID or profile"[39m
          [33mtype[39m=[32m"search"[39m
          [33mvalue[39m=[32m""[39m
        [36m/>[39m
        [36m<label>[39m
          [0mRender status[0m
          [36m<select>[39m
            [36m<option[39m
              [33mvalue[39m=[32m""[39m
            [36m>[39m
              [0mAll established statuses[0m
            [36m</option>[39m
            [36m<option[39m
              [33mvalue[39m=[32m"QUEUED"[39m
            [36m>[39m
              [0mQUEUED[0m
            [36m</option>[39m
            [36m<option[39m
              [33mvalue[39m=[32m"SELECTING_PROVIDER"[39m
            [36m>[39m
              [0mSELECTING_PROVIDER[0m
            [36m</option>[39m
            [36m<option[39m
              [33mvalue[39m=[32m"PROVIDER_SELECTED"[39m
            [36m>[39m
              [0mPROVIDER_SELECTED[0m
            [36m</option>[39m
            [36m<option[39m
              [33mvalue[39m=[32m"EXECUTING"[39m
            [36m>[39m
              [0mEXECUTING[0m
            [36m</option>[39m
            [36m<option[39m
              [33mvalue[39m=[32m"COMPLETING"[39m
            [36m>[39m
              [0mCOMPLETING[0m
            [36m</option>[39m
            [36m<option[39m
              [33mvalue[39m=[32m"COMPLETED"[39m
            [36m>[39m
              [0mCOMPLETED[0m
            [36m</option>[39m
            [36m<option[39m
              [33mvalue[39m=[32m"FAILED"[39m
            [36m>[39m
              [0mFAILED[0m
            [36m</option>[39m
            [36m<option[39m
              [33mvalue[39m=[32m"CANCELLED"[39m
            [36m>[39m
              [0mCANCELLED[0m
            [36m</option>[39m
            [36m<option[39m
              [33mvalue[39m=[32m"REJECTED"[39m
            [36m>[39m
              [0mREJECTED[0m
            [36m</option>[39m
          [36m</select>[39m
        [36m</label>[39m
        [36m<label>[39m
          [0mSort render summaries[0m
          [36m<select>[39m
            [36m<option[39m
              [33mvalue[39m=[32m"id-asc"[39m
            [36m>[39m
              [0mRender ID A–Z[0m
            [36m</option>[39m
            [36m<option[39m
              [33mvalue[39m=[32m"id-desc"[39m
            [36m>[39m
              [0mRender ID Z–A[0m
            [36m</option>[39m
          [36m</select>[39m
        [36m</label>[39m
      [36m</div>[39m
      [36m<p[39m
        [33maria-live[39m=[32m"polite"[39m
        [33mrole[39m=[32m"status"[39m
      [36m>[39m
        [0m3 render summaries loaded · bounded Project snapshot.[0m
      [36m</p>[39m
      [36m<ul[39m
        [33maria-label[39m=[32m"Render summary snapshot"[39m
        [33mclass[39m=[32m"ff-render-browser-list"[39m
      [36m>[39m
        [36m<li>[39m
          [36m<section[39m
            [33mclass[39m=[32m"ff-panel "[39m
          [36m>[39m
            [36m<header[39m
              [33mclass[39m=[32m"ff-panel__header"[39m
            [36m>[39m
              [36m<h2>[39m
                [0mrender-alpha[0m
              [36m</h2>[39m
            [36m</header>[39m
            [36m<div[39m
              [33mclass[39m=[32m"ff-panel__body"[39m
            [36m>[39m
              [36m<p[39m
                [33mclass[39m=[32m"ff-render-profile"[39m
              [36m>[39m
                [0mSocial 原文[0m
              [36m</p>[39m
              [36m<span[39m
                [33mclass[39m=[32m"ff-status ff-status--neutral"[39m
              [36m>[39m
                [36m<span[39m
                  [33maria-hidden[39m=[32m"true"[39m
                [36m/>[39m
                [0mQUEUED[0m
              [36m</span>[39m
              [36m<button[39m
                [33maria-label[39m=[32m"Inspect render render-alpha"[39m
                [33mclass[39m=[32m"ff-button ff-button--secondary "[39m
              [36m>[39m
                [0mInspect[0m
              [36m</button>[39m
            [36m</div>[39m
          [36m</section>[39m
        [36m</li>[39m
        [36m<li>[39m
          [36m<section[39m
            [33mclass[39m=[32m"ff-panel "[39m
          [36m>[39m
            [36m<header[39m
              [33mclass[39m=[32m"ff-panel__header"[39m
            [36m>[39m
              [36m<h2>[39m
                [0mrender-beta[0m
              [36m</h2>[39m
            [36m</header>[39m
            [36m<div[39m
              [33mclass[39m=[32m"ff-panel__body"[39m
            [36m>[39m
              [36m<p[39m
                [33mclass[39m=[32m"ff-render-profile"[39m
              [36m>[39m
                [0m&lt;b&gt;opaque profile&lt;/b&gt;[0m
              [36m</p>[39m
              [36m<span[39m
                [33mclass[39m=[32m"ff-status ff-status--neutral"[39m
              [36m>[39m
                [36m<span[39m
                  [33maria-hidden[39m=[32m"true"[39m
                [36m/>[39m
                [0mFAILED[0m
              [36m</span>[39m
              [36m<button[39m
                [33maria-label[39m=[32m"Inspect render render-beta"[39m
                [33mclass[39m=[32m"ff-button ff-button--secondary "[39m
              [36m>[39m
                [0mInspect[0m
              [36m</button>[39m
            [36m</div>[39m
          [36m</section>[39m
        [36m</li>[39m
        [36m<li>[39m
          [36m<section[39m
            [33mclass[39m=[32m"ff-panel "[39m
          [36m>[39m
            [36m<header[39m
              [33mclass[39m=[32m"ff-panel__header"[39m
            [36m>[39m
              [36m<h2>[39m
                [0mrender-zeta[0m
              [36m</h2>[39m
            [36m</header>[39m
            [36m<div[39m
              [33mclass[39m=[32m"ff-panel__body"[39m
            [36m>[39m
              [36m<p[39m
                [33mclass[39m=[32m"ff-render-profile"[39m
              [36m>[39m
                [0mCinema &lt;literal&gt;[0m
              [36m</p>[39m
              [36m<span[39m
                [33mclass[39m=[32m"ff-status ff-status--neutral"[39m
              [36m>[39m
                [36m<span[39m
                  [33maria-hidden[39m=[32m"true"[39m
                [36m/>[39m
                [0mCOMPLETED[0m
              [36m</span>[39m
              [36m<button[39m
                [33maria-label[39m=[32m"Inspect render render-zeta"[39m
                [33mclass[39m=[32m"ff-button ff-button--secondary "[39m
              [36m>[39m
                [0mInspect[0m
              [36m</button>[39m
            [36m</div>[39m
          [36m</section>[39m
        [36m</li>[39m
      [36m</ul>[39m
    [36m</section>[39m
  [36m</div>[39m
[36m</body>[39m

Ignored nodes: comments, script, style
[36m<body>[39m
  [36m<div>[39m
    [36m<section[39m
      [33maria-label[39m=[32m"Single-Project render summaries"[39m
      [33mclass[39m=[32m"ff-render-browser"[39m
    [36m>[39m
      [36m<header[39m
        [33mclass[39m=[32m"ff-render-browser-heading"[39m
      [36m>[39m
        [36m<div>[39m
          [36m<span>[39m
            [0mOperations · read-only[0m
          [36m</span>[39m
          [36m<h1>[39m
            [0mProject renders[0m
          [36m</h1>[39m
          [36m<p>[39m
            [0mFind and inspect safe render job summaries supplied for one explicit Project. This view cannot control jobs.[0m
          [36m</p>[39m
        [36m</div>[39m
        [36m<button[39m
          [33mclass[39m=[32m"ff-button ff-button--secondary "[39m
        [36m>[39m
          [0mRefresh render summaries[0m
        [36m</button>[39m
      [36m</header>[39m
      [36m<p[39m
        [33mclass[39m=[32m"ff-render-origin ff-render-origin--simulated"[39m
      [36m>[39m
        [36m<span[39m
          [33mclass[39m=[32m"ff-badge ff-badge--warning"[39m
        [36m>[39m
          [0mSIMULATED RENDER DATA · localhost fixture only · no real account or permission[0m
        [36m</span>[39m
      [36m</p>[39m
      [36m<div[39m
        [33mclass[39m=[32m"ff-property-row"[39m
      [36m>[39m
        [36m<span>[39m
          [0mSource Project ID[0m
        [36m</span>[39m
        [36m<div>[39m
          [36m<code>[39m
            [0msimulated-render-project[0m
          [36m</code>[39m
        [36m</div>[39m
      [36m</div>[39m
      [36m<p[39m
        [33mclass[39m=[32m"ff-render-boundary"[39m
      [36m>[39m
        [0mScope comes only from the source Project shown above. Results are bounded and are not a global render inventory.[0m
      [36m</p>[39m
      [36m<div[39m
        [33mclass[39m=[32m"ff-render-controls"[39m
      [36m>[39m
        [36m<input[39m
          [33maria-label[39m=[32m"Search render summaries"[39m
          [33mclass[39m=[32m"ff-input "[39m
          [33mplaceholder[39m=[32m"Search render ID or profile"[39m
          [33mtype[39m=[32m"search"[39m
          [33mvalue[39m=[32m""[39m
        [36m/>[39m
        [36m<label>[39m
          [0mRender status[0m
          [36m<select>[39m
            [36m<option[39m
              [33mvalue[39m=[32m""[39m
            [36m>[39m
              [0mAll established statuses[0m
            [36m</option>[39m
            [36m<option[39m
              [33mvalue[39m=[32m"QUEUED"[39m
            [36m>[39m
              [0mQUEUED[0m
            [36m</option>[39m
            [36m<option[39m
              [33mvalue[39m=[32m"SELECTING_PROVIDER"[39m
            [36m>[39m
              [0mSELECTING_PROVIDER[0m
            [36m</option>[39m
            [36m<option[39m
              [33mvalue[39m=[32m"PROVIDER_SELECTED"[39m
            [36m>[39m
              [0mPROVIDER_SELECTED[0m
            [36m</option>[39m
            [36m<option[39m
              [33mvalue[39m=[32m"EXECUTING"[39m
            [36m>[39m
              [0mEXECUTING[0m
            [36m</option>[39m
            [36m<option[39m
              [33mvalue[39m=[32m"COMPLETING"[39m
            [36m>[39m
              [0mCOMPLETING[0m
            [36m</option>[39m
            [36m<option[39m
              [33mvalue[39m=[32m"COMPLETED"[39m
            [36m>[39m
              [0mCOMPLETED[0m
            [36m</option>[39m
            [36m<option[39m
              [33mvalue[39m=[32m"FAILED"[39m
            [36m>[39m
              [0mFAILED[0m
            [36m</option>[39m
            [36m<option[39m
              [33mvalue[39m=[32m"CANCELLED"[39m
            [36m>[39m
              [0mCANCELLED[0m
            [36m</option>[39m
            [36m<option[39m
              [33mvalue[39m=[32m"REJECTED"[39m
            [36m>[39m
              [0mREJECTED[0m
            [36m</option>[39m
          [36m</select>[39m
        [36m</label>[39m
        [36m<label>[39m
          [0mSort render summaries[0m
          [36m<select>[39m
            [36m<option[39m
              [33mvalue[39m=[32m"id-asc"[39m
            [36m>[39m
              [0mRender ID A–Z[0m
            [36m</option>[39m
            [36m<option[39m
              [33mvalue[39m=[32m"id-desc"[39m
            [36m>[39m
              [0mRender ID Z–A[0m
            [36m</option>[39m
          [36m</select>[39m
        [36m</label>[39m
      [36m</div>[39m
      [36m<p[39m
        [33maria-live[39m=[32m"polite"[39m
        [33mrole[39m=[32m"status"[39m
      [36m>[39m
        [0m3 render summaries loaded · bounded Project snapshot.[0m
      [36m</p>[39m
      [36m<ul[39m
        [33maria-label[39m=[32m"Render summary snapshot"[39m
        [33mclass[39m=[32m"ff-render-browser-list"[39m
      [36m>[39m
        [36m<li>[39m
          [36m<section[39m
            [33mclass[39m=[32m"ff-panel "[39m
          [36m>[39m
            [36m<header[39m
              [33mclass[39m=[32m"ff-panel__header"[39m
            [36m>[39m
              [36m<h2>[39m
                [0mrender-alpha[0m
              [36m</h2>[39m
            [36m</header>[39m
            [36m<div[39m
              [33mclass[39m=[32m"ff-panel__body"[39m
            [36m>[39m
              [36m<p[39m
                [33mclass[39m=[32m"ff-render-profile"[39m
              [36m>[39m
                [0mSocial 原文[0m
              [36m</p>[39m
              [36m<span[39m
                [33mclass[39m=[32m"ff-status ff-status--neutral"[39m
              [36m>[39m
                [36m<span[39m
                  [33maria-hidden[39m=[32m"true"[39m
                [36m/>[39m
                [0mQUEUED[0m
              [36m</span>[39m
              [36m<button[39m
                [33maria-label[39m=[32m"Inspect render render-alpha"[39m
                [33mclass[39m=[32m"ff-button ff-button--secondary "[39m
              [36m>[39m
                [0mInspect[0m
              [36m</button>[39m
            [36m</div>[39m
          [36m</section>[39m
        [36m</li>[39m
        [36m<li>[39m
          [36m<section[39m
            [33mclass[39m=[32m"ff-panel "[39m
          [36m>[39m
            [36m<header[39m
              [33mclass[39m=[32m"ff-panel__header"[39m
            [36m>[39m
              [36m<h2>[39m
                [0mrender-beta[0m
              [36m</h2>[39m
            [36m</header>[39m
            [36m<div[39m
              [33mclass[39m=[32m"ff-panel__body"[39m
            [36m>[39m
              [36m<p[39m
                [33mclass[39m=[32m"ff-render-profile"[39m
              [36m>[39m
                [0m&lt;b&gt;opaque profile&lt;/b&gt;[0m
              [36m</p>[39m
              [36m<span[39m
                [33mclass[39m=[32m"ff-status ff-status--neutral"[39m
              [36m>[39m
                [36m<span[39m
                  [33maria-hidden[39m=[32m"true"[39m
                [36m/>[39m
                [0mFAILED[0m
              [36m</span>[39m
              [36m<button[39m
                [33maria-label[39m=[32m"Inspect render render-beta"[39m
                [33mclass[39m=[32m"ff-button ff-button--secondary "[39m
              [36m>[39m
                [0mInspect[0m
              [36m</button>[39m
            [36m</div>[39m
          [36m</section>[39m
        [36m</li>[39m
        [36m<li>[39m
          [36m<section[39m
            [33mclass[39m=[32m"ff-panel "[39m
          [36m>[39m
            [36m<header[39m
              [33mclass[39m=[32m"ff-panel__header"[39m
            [36m>[39m
              [36m<h2>[39m
                [0mrender-zeta[0m
              [36m</h2>[39m
            [36m</header>[39m
            [36m<div[39m
              [33mclass[39m=[32m"ff-panel__body"[39m
            [36m>[39m
              [36m<p[39m
                [33mclass[39m=[32m"ff-render-profile"[39m
              [36m>[39m
                [0mCinema &lt;literal&gt;[0m
              [36m</p>[39m
              [36m<span[39m
                [33mclass[39m=[32m"ff-status ff-status--neutral"[39m
              [36m>[39m
                [36m<span[39m
                  [33maria-hidden[39m=[32m"true"[39m
                [36m/>[39m
                [0mCOMPLETED[0m
              [36m</span>[39m
              [36m<button[39m
                [33maria-label[39m=[32m"Inspect render render-zeta"[39m
                [33mclass[39m=[32m"ff-button ff-button--secondary "[39m
              [36m>[39m
                [0mInspect[0m
              [36m</button>[39m
            [36m</div>[39m
          [36m</section>[39m
        [36m</li>[39m
      [36m</ul>[39m
    [36m</section>[39m
  [36m</div>[39m
[36m</body>[39m
   × RenderBrowser observability workflow > opens read-only task/attempt/failure/Artifact metadata and restores launcher focus without exposing URLs 1018ms
     → Unable to find role="button" and name "Inspect render Social 原文"

Ignored nodes: comments, script, style
[36m<body>[39m
  [36m<div>[39m
    [36m<section[39m
      [33maria-label[39m=[32m"Single-Project render summaries"[39m
      [33mclass[39m=[32m"ff-render-browser"[39m
    [36m>[39m
      [36m<header[39m
        [33mclass[39m=[32m"ff-render-browser-heading"[39m
      [36m>[39m
        [36m<div>[39m
          [36m<span>[39m
            [0mOperations · read-only[0m
          [36m</span>[39m
          [36m<h1>[39m
            [0mProject renders[0m
          [36m</h1>[39m
          [36m<p>[39m
            [0mFind and inspect safe render job summaries supplied for one explicit Project. This view cannot control jobs.[0m
          [36m</p>[39m
        [36m</div>[39m
        [36m<button[39m
          [33mclass[39m=[32m"ff-button ff-button--secondary "[39m
        [36m>[39m
          [0mRefresh render summaries[0m
        [36m</button>[39m
      [36m</header>[39m
      [36m<p[39m
        [33mclass[39m=[32m"ff-render-origin ff-render-origin--simulated"[39m
      [36m>[39m
        [36m<span[39m
          [33mclass[39m=[32m"ff-badge ff-badge--warning"[39m
        [36m>[39m
          [0mSIMULATED RENDER DATA · localhost fixture only · no real account or permission[0m
        [36m</span>[39m
      [36m</p>[39m
      [36m<div[39m
        [33mclass[39m=[32m"ff-property-row"[39m
      [36m>[39m
        [36m<span>[39m
          [0mSource Project ID[0m
        [36m</span>[39m
        [36m<div>[39m
          [36m<code>[39m
            [0msimulated-render-project[0m
          [36m</code>[39m
        [36m</div>[39m
      [36m</div>[39m
      [36m<p[39m
        [33mclass[39m=[32m"ff-render-boundary"[39m
      [36m>[39m
        [0mScope comes only from the source Project shown above. Results are bounded and are not a global render inventory.[0m
      [36m</p>[39m
      [36m<div[39m
        [33mclass[39m=[32m"ff-render-controls"[39m
      [36m>[39m
        [36m<input[39m
          [33maria-label[39m=[32m"Search render summaries"[39m
          [33mclass[39m=[32m"ff-input "[39m
          [33mplaceholder[39m=[32m"Search render ID or profile"[39m
          [33mtype[39m=[32m"search"[39m
          [33mvalue[39m=[32m""[39m
        [36m/>[39m
        [36m<label>[39m
          [0mRender status[0m
          [36m<select>[39m
            [36m<option[39m
              [33mvalue[39m=[32m""[39m
            [36m>[39m
              [0mAll established statuses[0m
            [36m</option>[39m
            [36m<option[39m
              [33mvalue[39m=[32m"QUEUED"[39m
            [36m>[39m
              [0mQUEUED[0m
            [36m</option>[39m
            [36m<option[39m
              [33mvalue[39m=[32m"SELECTING_PROVIDER"[39m
            [36m>[39m
              [0mSELECTING_PROVIDER[0m
            [36m</option>[39m
            [36m<option[39m
              [33mvalue[39m=[32m"PROVIDER_SELECTED"[39m
            [36m>[39m
              [0mPROVIDER_SELECTED[0m
            [36m</option>[39m
            [36m<option[39m
              [33mvalue[39m=[32m"EXECUTING"[39m
            [36m>[39m
              [0mEXECUTING[0m
            [36m</option>[39m
            [36m<option[39m
              [33mvalue[39m=[32m"COMPLETING"[39m
            [36m>[39m
              [0mCOMPLETING[0m
            [36m</option>[39m
            [36m<option[39m
              [33mvalue[39m=[32m"COMPLETED"[39m
            [36m>[39m
              [0mCOMPLETED[0m
            [36m</option>[39m
            [36m<option[39m
              [33mvalue[39m=[32m"FAILED"[39m
            [36m>[39m
              [0mFAILED[0m
            [36m</option>[39m
            [36m<option[39m
              [33mvalue[39m=[32m"CANCELLED"[39m
            [36m>[39m
              [0mCANCELLED[0m
            [36m</option>[39m
            [36m<option[39m
              [33mvalue[39m=[32m"REJECTED"[39m
            [36m>[39m
              [0mREJECTED[0m
            [36m</option>[39m
          [36m</select>[39m
        [36m</label>[39m
        [36m<label>[39m
          [0mSort render summaries[0m
          [36m<select>[39m
            [36m<option[39m
              [33mvalue[39m=[32m"id-asc"[39m
            [36m>[39m
              [0mRender ID A–Z[0m
            [36m</option>[39m
            [36m<option[39m
              [33mvalue[39m=[32m"id-desc"[39m
            [36m>[39m
              [0mRender ID Z–A[0m
            [36m</option>[39m
          [36m</select>[39m
        [36m</label>[39m
      [36m</div>[39m
      [36m<p[39m
        [33maria-live[39m=[32m"polite"[39m
        [33mrole[39m=[32m"status"[39m
      [36m>[39m
        [0m3 render summaries loaded · bounded Project snapshot.[0m
      [36m</p>[39m
      [36m<ul[39m
        [33maria-label[39m=[32m"Render summary snapshot"[39m
        [33mclass[39m=[32m"ff-render-browser-list"[39m
      [36m>[39m
        [36m<li>[39m
          [36m<section[39m
            [33mclass[39m=[32m"ff-panel "[39m
          [36m>[39m
            [36m<header[39m
              [33mclass[39m=[32m"ff-panel__header"[39m
            [36m>[39m
              [36m<h2>[39m
                [0mrender-alpha[0m
              [36m</h2>[39m
            [36m</header>[39m
            [36m<div[39m
              [33mclass[39m=[32m"ff-panel__body"[39m
            [36m>[39m
              [36m<p[39m
                [33mclass[39m=[32m"ff-render-profile"[39m
              [36m>[39m
                [0mSocial 原文[0m
              [36m</p>[39m
              [36m<span[39m
                [33mclass[39m=[32m"ff-status ff-status--neutral"[39m
              [36m>[39m
                [36m<span[39m
                  [33maria-hidden[39m=[32m"true"[39m
                [36m/>[39m
                [0mQUEUED[0m
              [36m</span>[39m
              [36m<button[39m
                [33maria-label[39m=[32m"Inspect render render-alpha"[39m
                [33mclass[39m=[32m"ff-button ff-button--secondary "[39m
              [36m>[39m
                [0mInspect[0m
              [36m</button>[39m
            [36m</div>[39m
          [36m</section>[39m
        [36m</li>[39m
        [36m<li>[39m
          [36m<section[39m
            [33mclass[39m=[32m"ff-panel "[39m
          [36m>[39m
            [36m<header[39m
              [33mclass[39m=[32m"ff-panel__header"[39m
            [36m>[39m
              [36m<h2>[39m
                [0mrender-beta[0m
              [36m</h2>[39m
            [36m</header>[39m
            [36m<div[39m
              [33mclass[39m=[32m"ff-panel__body"[39m
            [36m>[39m
              [36m<p[39m
                [33mclass[39m=[32m"ff-render-profile"[39m
              [36m>[39m
                [0m&lt;b&gt;opaque profile&lt;/b&gt;[0m
              [36m</p>[39m
              [36m<span[39m
                [33mclass[39m=[32m"ff-status ff-status--neutral"[39m
              [36m>[39m
                [36m<span[39m
                  [33maria-hidden[39m=[32m"true"[39m
                [36m/>[39m
                [0mFAILED[0m
              [36m</span>[39m
              [36m<button[39m
                [33maria-label[39m=[32m"Inspect render render-beta"[39m
                [33mclass[39m=[32m"ff-button ff-button--secondary "[39m
              [36m>[39m
                [0mInspect[0m
              [36m</button>[39m
            [36m</div>[39m
          [36m</section>[39m
        [36m</li>[39m
        [36m<li>[39m
          [36m<section[39m
            [33mclass[39m=[32m"ff-panel "[39m
          [36m>[39m
            [36m<header[39m
              [33mclass[39m=[32m"ff-panel__header"[39m
            [36m>[39m
              [36m<h2>[39m
                [0mrender-zeta[0m
              [36m</h2>[39m
            [36m</header>[39m
            [36m<div[39m
              [33mclass[39m=[32m"ff-panel__body"[39m
            [36m>[39m
              [36m<p[39m
                [33mclass[39m=[32m"ff-render-profile"[39m
              [36m>[39m
                [0mCinema &lt;literal&gt;[0m
              [36m</p>[39m
              [36m<span[39m
                [33mclass[39m=[32m"ff-status ff-status--neutral"[39m
              [36m>[39m
                [36m<span[39m
                  [33maria-hidden[39m=[32m"true"[39m
                [36m/>[39m
                [0mCOMPLETED[0m
              [36m</span>[39m
              [36m<button[39m
                [33maria-label[39m=[32m"Inspect render render-zeta"[39m
                [33mclass[39m=[32m"ff-button ff-button--secondary "[39m
              [36m>[39m
                [0mInspect[0m
              [36m</button>[39m
            [36m</div>[39m
          [36m</section>[39m
        [36m</li>[39m
      [36m</ul>[39m
    [36m</section>[39m
  [36m</div>[39m
[36m</body>[39m

Ignored nodes: comments, script, style
[36m<body>[39m
  [36m<div>[39m
    [36m<section[39m
      [33maria-label[39m=[32m"Single-Project render summaries"[39m
      [33mclass[39m=[32m"ff-render-browser"[39m
    [36m>[39m
      [36m<header[39m
        [33mclass[39m=[32m"ff-render-browser-heading"[39m
      [36m>[39m
        [36m<div>[39m
          [36m<span>[39m
            [0mOperations · read-only[0m
          [36m</span>[39m
          [36m<h1>[39m
            [0mProject renders[0m
          [36m</h1>[39m
          [36m<p>[39m
            [0mFind and inspect safe render job summaries supplied for one explicit Project. This view cannot control jobs.[0m
          [36m</p>[39m
        [36m</div>[39m
        [36m<button[39m
          [33mclass[39m=[32m"ff-button ff-button--secondary "[39m
        [36m>[39m
          [0mRefresh render summaries[0m
        [36m</button>[39m
      [36m</header>[39m
      [36m<p[39m
        [33mclass[39m=[32m"ff-render-origin ff-render-origin--simulated"[39m
      [36m>[39m
        [36m<span[39m
          [33mclass[39m=[32m"ff-badge ff-badge--warning"[39m
        [36m>[39m
          [0mSIMULATED RENDER DATA · localhost fixture only · no real account or permission[0m
        [36m</span>[39m
      [36m</p>[39m
      [36m<div[39m
        [33mclass[39m=[32m"ff-property-row"[39m
      [36m>[39m
        [36m<span>[39m
          [0mSource Project ID[0m
        [36m</span>[39m
        [36m<div>[39m
          [36m<code>[39m
            [0msimulated-render-project[0m
          [36m</code>[39m
        [36m</div>[39m
      [36m</div>[39m
      [36m<p[39m
        [33mclass[39m=[32m"ff-render-boundary"[39m
      [36m>[39m
        [0mScope comes only from the source Project shown above. Results are bounded and are not a global render inventory.[0m
      [36m</p>[39m
      [36m<div[39m
        [33mclass[39m=[32m"ff-render-controls"[39m
      [36m>[39m
        [36m<input[39m
          [33maria-label[39m=[32m"Search render summaries"[39m
          [33mclass[39m=[32m"ff-input "[39m
          [33mplaceholder[39m=[32m"Search render ID or profile"[39m
          [33mtype[39m=[32m"search"[39m
          [33mvalue[39m=[32m""[39m
        [36m/>[39m
        [36m<label>[39m
          [0mRender status[0m
          [36m<select>[39m
            [36m<option[39m
              [33mvalue[39m=[32m""[39m
            [36m>[39m
              [0mAll established statuses[0m
            [36m</option>[39m
            [36m<option[39m
              [33mvalue[39m=[32m"QUEUED"[39m
            [36m>[39m
              [0mQUEUED[0m
            [36m</option>[39m
            [36m<option[39m
              [33mvalue[39m=[32m"SELECTING_PROVIDER"[39m
            [36m>[39m
              [0mSELECTING_PROVIDER[0m
            [36m</option>[39m
            [36m<option[39m
              [33mvalue[39m=[32m"PROVIDER_SELECTED"[39m
            [36m>[39m
              [0mPROVIDER_SELECTED[0m
            [36m</option>[39m
            [36m<option[39m
              [33mvalue[39m=[32m"EXECUTING"[39m
            [36m>[39m
              [0mEXECUTING[0m
            [36m</option>[39m
            [36m<option[39m
              [33mvalue[39m=[32m"COMPLETING"[39m
            [36m>[39m
              [0mCOMPLETING[0m
            [36m</option>[39m
            [36m<option[39m
              [33mvalue[39m=[32m"COMPLETED"[39m
            [36m>[39m
              [0mCOMPLETED[0m
            [36m</option>[39m
            [36m<option[39m
              [33mvalue[39m=[32m"FAILED"[39m
            [36m>[39m
              [0mFAILED[0m
            [36m</option>[39m
            [36m<option[39m
              [33mvalue[39m=[32m"CANCELLED"[39m
            [36m>[39m
              [0mCANCELLED[0m
            [36m</option>[39m
            [36m<option[39m
              [33mvalue[39m=[32m"REJECTED"[39m
            [36m>[39m
              [0mREJECTED[0m
            [36m</option>[39m
          [36m</select>[39m
        [36m</label>[39m
        [36m<label>[39m
          [0mSort render summaries[0m
          [36m<select>[39m
            [36m<option[39m
              [33mvalue[39m=[32m"id-asc"[39m
            [36m>[39m
              [0mRender ID A–Z[0m
            [36m</option>[39m
            [36m<option[39m
              [33mvalue[39m=[32m"id-desc"[39m
            [36m>[39m
              [0mRender ID Z–A[0m
            [36m</option>[39m
          [36m</select>[39m
        [36m</label>[39m
      [36m</div>[39m
      [36m<p[39m
        [33maria-live[39m=[32m"polite"[39m
        [33mrole[39m=[32m"status"[39m
      [36m>[39m
        [0m3 render summaries loaded · bounded Project snapshot.[0m
      [36m</p>[39m
      [36m<ul[39m
        [33maria-label[39m=[32m"Render summary snapshot"[39m
        [33mclass[39m=[32m"ff-render-browser-list"[39m
      [36m>[39m
        [36m<li>[39m
          [36m<section[39m
            [33mclass[39m=[32m"ff-panel "[39m
          [36m>[39m
            [36m<header[39m
              [33mclass[39m=[32m"ff-panel__header"[39m
            [36m>[39m
              [36m<h2>[39m
                [0mrender-alpha[0m
              [36m</h2>[39m
            [36m</header>[39m
            [36m<div[39m
              [33mclass[39m=[32m"ff-panel__body"[39m
            [36m>[39m
              [36m<p[39m
                [33mclass[39m=[32m"ff-render-profile"[39m
              [36m>[39m
                [0mSocial 原文[0m
              [36m</p>[39m
              [36m<span[39m
                [33mclass[39m=[32m"ff-status ff-status--neutral"[39m
              [36m>[39m
                [36m<span[39m
                  [33maria-hidden[39m=[32m"true"[39m
                [36m/>[39m
                [0mQUEUED[0m
              [36m</span>[39m
              [36m<button[39m
                [33maria-label[39m=[32m"Inspect render render-alpha"[39m
                [33mclass[39m=[32m"ff-button ff-button--secondary "[39m
              [36m>[39m
                [0mInspect[0m
              [36m</button>[39m
            [36m</div>[39m
          [36m</section>[39m
        [36m</li>[39m
        [36m<li>[39m
          [36m<section[39m
            [33mclass[39m=[32m"ff-panel "[39m
          [36m>[39m
            [36m<header[39m
              [33mclass[39m=[32m"ff-panel__header"[39m
            [36m>[39m
              [36m<h2>[39m
                [0mrender-beta[0m
              [36m</h2>[39m
            [36m</header>[39m
            [36m<div[39m
              [33mclass[39m=[32m"ff-panel__body"[39m
            [36m>[39m
              [36m<p[39m
                [33mclass[39m=[32m"ff-render-profile"[39m
              [36m>[39m
                [0m&lt;b&gt;opaque profile&lt;/b&gt;[0m
              [36m</p>[39m
              [36m<span[39m
                [33mclass[39m=[32m"ff-status ff-status--neutral"[39m
              [36m>[39m
                [36m<span[39m
                  [33maria-hidden[39m=[32m"true"[39m
                [36m/>[39m
                [0mFAILED[0m
              [36m</span>[39m
              [36m<button[39m
                [33maria-label[39m=[32m"Inspect render render-beta"[39m
                [33mclass[39m=[32m"ff-button ff-button--secondary "[39m
              [36m>[39m
                [0mInspect[0m
              [36m</button>[39m
            [36m</div>[39m
          [36m</section>[39m
        [36m</li>[39m
        [36m<li>[39m
          [36m<section[39m
            [33mclass[39m=[32m"ff-panel "[39m
          [36m>[39m
            [36m<header[39m
              [33mclass[39m=[32m"ff-panel__header"[39m
            [36m>[39m
              [36m<h2>[39m
                [0mrender-zeta[0m
              [36m</h2>[39m
            [36m</header>[39m
            [36m<div[39m
              [33mclass[39m=[32m"ff-panel__body"[39m
            [36m>[39m
              [36m<p[39m
                [33mclass[39m=[32m"ff-render-profile"[39m
              [36m>[39m
                [0mCinema &lt;literal&gt;[0m
              [36m</p>[39m
              [36m<span[39m
                [33mclass[39m=[32m"ff-status ff-status--neutral"[39m
              [36m>[39m
                [36m<span[39m
                  [33maria-hidden[39m=[32m"true"[39m
                [36m/>[39m
                [0mCOMPLETED[0m
              [36m</span>[39m
              [36m<button[39m
                [33maria-label[39m=[32m"Inspect render render-zeta"[39m
                [33mclass[39m=[32m"ff-button ff-button--secondary "[39m
              [36m>[39m
                [0mInspect[0m
              [36m</button>[39m
            [36m</div>[39m
          [36m</section>[39m
        [36m</li>[39m
      [36m</ul>[39m
    [36m</section>[39m
  [36m</div>[39m
[36m</body>[39m
   × RenderBrowser observability workflow > distinguishes missing attempts/Artifacts from empty and bounded inspectable metadata 1019ms
     → Unable to find role="button" and name "Inspect render render-queued"

Ignored nodes: comments, script, style
[36m<body>[39m
  [36m<div>[39m
    [36m<section[39m
      [33maria-label[39m=[32m"Single-Project render summaries"[39m
      [33mclass[39m=[32m"ff-render-browser"[39m
    [36m>[39m
      [36m<header[39m
        [33mclass[39m=[32m"ff-render-browser-heading"[39m
      [36m>[39m
        [36m<div>[39m
          [36m<span>[39m
            [0mOperations · read-only[0m
          [36m</span>[39m
          [36m<h1>[39m
            [0mProject renders[0m
          [36m</h1>[39m
          [36m<p>[39m
            [0mFind and inspect safe render job summaries supplied for one explicit Project. This view cannot control jobs.[0m
          [36m</p>[39m
        [36m</div>[39m
        [36m<button[39m
          [33mclass[39m=[32m"ff-button ff-button--secondary "[39m
        [36m>[39m
          [0mRefresh render summaries[0m
        [36m</button>[39m
      [36m</header>[39m
      [36m<p[39m
        [33mclass[39m=[32m"ff-render-origin ff-render-origin--simulated"[39m
      [36m>[39m
        [36m<span[39m
          [33mclass[39m=[32m"ff-badge ff-badge--warning"[39m
        [36m>[39m
          [0mSIMULATED RENDER DATA · localhost fixture only · no real account or permission[0m
        [36m</span>[39m
      [36m</p>[39m
      [36m<div[39m
        [33mclass[39m=[32m"ff-property-row"[39m
      [36m>[39m
        [36m<span>[39m
          [0mSource Project ID[0m
        [36m</span>[39m
        [36m<div>[39m
          [36m<code>[39m
            [0msimulated-render-project[0m
          [36m</code>[39m
        [36m</div>[39m
      [36m</div>[39m
      [36m<p[39m
        [33mclass[39m=[32m"ff-render-boundary"[39m
      [36m>[39m
        [0mScope comes only from the source Project shown above. Results are bounded and are not a global render inventory.[0m
      [36m</p>[39m
      [36m<div[39m
        [33mclass[39m=[32m"ff-render-controls"[39m
      [36m>[39m
        [36m<input[39m
          [33maria-label[39m=[32m"Search render summaries"[39m
          [33mclass[39m=[32m"ff-input "[39m
          [33mplaceholder[39m=[32m"Search render ID or profile"[39m
          [33mtype[39m=[32m"search"[39m
          [33mvalue[39m=[32m""[39m
        [36m/>[39m
        [36m<label>[39m
          [0mRender status[0m
          [36m<select>[39m
            [36m<option[39m
              [33mvalue[39m=[32m""[39m
            [36m>[39m
              [0mAll established statuses[0m
            [36m</option>[39m
            [36m<option[39m
              [33mvalue[39m=[32m"QUEUED"[39m
            [36m>[39m
              [0mQUEUED[0m
            [36m</option>[39m
            [36m<option[39m
              [33mvalue[39m=[32m"SELECTING_PROVIDER"[39m
            [36m>[39m
              [0mSELECTING_PROVIDER[0m
            [36m</option>[39m
            [36m<option[39m
              [33mvalue[39m=[32m"PROVIDER_SELECTED"[39m
            [36m>[39m
              [0mPROVIDER_SELECTED[0m
            [36m</option>[39m
            [36m<option[39m
              [33mvalue[39m=[32m"EXECUTING"[39m
            [36m>[39m
              [0mEXECUTING[0m
            [36m</option>[39m
            [36m<option[39m
              [33mvalue[39m=[32m"COMPLETING"[39m
            [36m>[39m
              [0mCOMPLETING[0m
            [36m</option>[39m
            [36m<option[39m
              [33mvalue[39m=[32m"COMPLETED"[39m
            [36m>[39m
              [0mCOMPLETED[0m
            [36m</option>[39m
            [36m<option[39m
              [33mvalue[39m=[32m"FAILED"[39m
            [36m>[39m
              [0mFAILED[0m
            [36m</option>[39m
            [36m<option[39m
              [33mvalue[39m=[32m"CANCELLED"[39m
            [36m>[39m
              [0mCANCELLED[0m
            [36m</option>[39m
            [36m<option[39m
              [33mvalue[39m=[32m"REJECTED"[39m
            [36m>[39m
              [0mREJECTED[0m
            [36m</option>[39m
          [36m</select>[39m
        [36m</label>[39m
        [36m<label>[39m
          [0mSort render summaries[0m
          [36m<select>[39m
            [36m<option[39m
              [33mvalue[39m=[32m"id-asc"[39m
            [36m>[39m
              [0mRender ID A–Z[0m
            [36m</option>[39m
            [36m<option[39m
              [33mvalue[39m=[32m"id-desc"[39m
            [36m>[39m
              [0mRender ID Z–A[0m
            [36m</option>[39m
          [36m</select>[39m
        [36m</label>[39m
      [36m</div>[39m
      [36m<p[39m
        [33maria-live[39m=[32m"polite"[39m
        [33mrole[39m=[32m"status"[39m
      [36m>[39m
        [0m3 render summaries loaded · bounded Project snapshot.[0m
      [36m</p>[39m
      [36m<ul[39m
        [33maria-label[39m=[32m"Render summary snapshot"[39m
        [33mclass[39m=[32m"ff-render-browser-list"[39m
      [36m>[39m
        [36m<li>[39m
          [36m<section[39m
            [33mclass[39m=[32m"ff-panel "[39m
          [36m>[39m
            [36m<header[39m
              [33mclass[39m=[32m"ff-panel__header"[39m
            [36m>[39m
              [36m<h2>[39m
                [0mrender-alpha[0m
              [36m</h2>[39m
            [36m</header>[39m
            [36m<div[39m
              [33mclass[39m=[32m"ff-panel__body"[39m
            [36m>[39m
              [36m<p[39m
                [33mclass[39m=[32m"ff-render-profile"[39m
              [36m>[39m
                [0mSocial 原文[0m
              [36m</p>[39m
              [36m<span[39m
                [33mclass[39m=[32m"ff-status ff-status--neutral"[39m
              [36m>[39m
                [36m<span[39m
                  [33maria-hidden[39m=[32m"true"[39m
                [36m/>[39m
                [0mQUEUED[0m
              [36m</span>[39m
              [36m<button[39m
                [33maria-label[39m=[32m"Inspect render render-alpha"[39m
                [33mclass[39m=[32m"ff-button ff-button--secondary "[39m
              [36m>[39m
                [0mInspect[0m
              [36m</button>[39m
            [36m</div>[39m
          [36m</section>[39m
        [36m</li>[39m
        [36m<li>[39m
          [36m<section[39m
            [33mclass[39m=[32m"ff-panel "[39m
          [36m>[39m
            [36m<header[39m
              [33mclass[39m=[32m"ff-panel__header"[39m
            [36m>[39m
              [36m<h2>[39m
                [0mrender-beta[0m
              [36m</h2>[39m
            [36m</header>[39m
            [36m<div[39m
              [33mclass[39m=[32m"ff-panel__body"[39m
            [36m>[39m
              [36m<p[39m
                [33mclass[39m=[32m"ff-render-profile"[39m
              [36m>[39m
                [0m&lt;b&gt;opaque profile&lt;/b&gt;[0m
              [36m</p>[39m
              [36m<span[39m
                [33mclass[39m=[32m"ff-status ff-status--neutral"[39m
              [36m>[39m
                [36m<span[39m
                  [33maria-hidden[39m=[32m"true"[39m
                [36m/>[39m
                [0mFAILED[0m
              [36m</span>[39m
              [36m<button[39m
                [33maria-label[39m=[32m"Inspect render render-beta"[39m
                [33mclass[39m=[32m"ff-button ff-button--secondary "[39m
              [36m>[39m
                [0mInspect[0m
              [36m</button>[39m
            [36m</div>[39m
          [36m</section>[39m
        [36m</li>[39m
        [36m<li>[39m
          [36m<section[39m
            [33mclass[39m=[32m"ff-panel "[39m
          [36m>[39m
            [36m<header[39m
              [33mclass[39m=[32m"ff-panel__header"[39m
            [36m>[39m
              [36m<h2>[39m
                [0mrender-zeta[0m
              [36m</h2>[39m
            [36m</header>[39m
            [36m<div[39m
              [33mclass[39m=[32m"ff-panel__body"[39m
            [36m>[39m
              [36m<p[39m
                [33mclass[39m=[32m"ff-render-profile"[39m
              [36m>[39m
                [0mCinema &lt;literal&gt;[0m
              [36m</p>[39m
              [36m<span[39m
                [33mclass[39m=[32m"ff-status ff-status--neutral"[39m
              [36m>[39m
                [36m<span[39m
                  [33maria-hidden[39m=[32m"true"[39m
                [36m/>[39m
                [0mCOMPLETED[0m
              [36m</span>[39m
              [36m<button[39m
                [33maria-label[39m=[32m"Inspect render render-zeta"[39m
                [33mclass[39m=[32m"ff-button ff-button--secondary "[39m
              [36m>[39m
                [0mInspect[0m
              [36m</button>[39m
            [36m</div>[39m
          [36m</section>[39m
        [36m</li>[39m
      [36m</ul>[39m
    [36m</section>[39m
  [36m</div>[39m
[36m</body>[39m

Ignored nodes: comments, script, style
[36m<body>[39m
  [36m<div>[39m
    [36m<section[39m
      [33maria-label[39m=[32m"Single-Project render summaries"[39m
      [33mclass[39m=[32m"ff-render-browser"[39m
    [36m>[39m
      [36m<header[39m
        [33mclass[39m=[32m"ff-render-browser-heading"[39m
      [36m>[39m
        [36m<div>[39m
          [36m<span>[39m
            [0mOperations · read-only[0m
          [36m</span>[39m
          [36m<h1>[39m
            [0mProject renders[0m
          [36m</h1>[39m
          [36m<p>[39m
            [0mFind and inspect safe render job summaries supplied for one explicit Project. This view cannot control jobs.[0m
          [36m</p>[39m
        [36m</div>[39m
        [36m<button[39m
          [33mclass[39m=[32m"ff-button ff-button--secondary "[39m
        [36m>[39m
          [0mRefresh render summaries[0m
        [36m</button>[39m
      [36m</header>[39m
      [36m<p[39m
        [33mclass[39m=[32m"ff-render-origin ff-render-origin--simulated"[39m
      [36m>[39m
        [36m<span[39m
          [33mclass[39m=[32m"ff-badge ff-badge--warning"[39m
        [36m>[39m
          [0mSIMULATED RENDER DATA · localhost fixture only · no real account or permission[0m
        [36m</span>[39m
      [36m</p>[39m
      [36m<div[39m
        [33mclass[39m=[32m"ff-property-row"[39m
      [36m>[39m
        [36m<span>[39m
          [0mSource Project ID[0m
        [36m</span>[39m
        [36m<div>[39m
          [36m<code>[39m
            [0msimulated-render-project[0m
          [36m</code>[39m
        [36m</div>[39m
      [36m</div>[39m
      [36m<p[39m
        [33mclass[39m=[32m"ff-render-boundary"[39m
      [36m>[39m
        [0mScope comes only from the source Project shown above. Results are bounded and are not a global render inventory.[0m
      [36m</p>[39m
      [36m<div[39m
        [33mclass[39m=[32m"ff-render-controls"[39m
      [36m>[39m
        [36m<input[39m
          [33maria-label[39m=[32m"Search render summaries"[39m
          [33mclass[39m=[32m"ff-input "[39m
          [33mplaceholder[39m=[32m"Search render ID or profile"[39m
          [33mtype[39m=[32m"search"[39m
          [33mvalue[39m=[32m""[39m
        [36m/>[39m
        [36m<label>[39m
          [0mRender status[0m
          [36m<select>[39m
            [36m<option[39m
              [33mvalue[39m=[32m""[39m
            [36m>[39m
              [0mAll established statuses[0m
            [36m</option>[39m
            [36m<option[39m
              [33mvalue[39m=[32m"QUEUED"[39m
            [36m>[39m
              [0mQUEUED[0m
            [36m</option>[39m
            [36m<option[39m
              [33mvalue[39m=[32m"SELECTING_PROVIDER"[39m
            [36m>[39m
              [0mSELECTING_PROVIDER[0m
            [36m</option>[39m
            [36m<option[39m
              [33mvalue[39m=[32m"PROVIDER_SELECTED"[39m
            [36m>[39m
              [0mPROVIDER_SELECTED[0m
            [36m</option>[39m
            [36m<option[39m
              [33mvalue[39m=[32m"EXECUTING"[39m
            [36m>[39m
              [0mEXECUTING[0m
            [36m</option>[39m
            [36m<option[39m
              [33mvalue[39m=[32m"COMPLETING"[39m
            [36m>[39m
              [0mCOMPLETING[0m
            [36m</option>[39m
            [36m<option[39m
              [33mvalue[39m=[32m"COMPLETED"[39m
            [36m>[39m
              [0mCOMPLETED[0m
            [36m</option>[39m
            [36m<option[39m
              [33mvalue[39m=[32m"FAILED"[39m
            [36m>[39m
              [0mFAILED[0m
            [36m</option>[39m
            [36m<option[39m
              [33mvalue[39m=[32m"CANCELLED"[39m
            [36m>[39m
              [0mCANCELLED[0m
            [36m</option>[39m
            [36m<option[39m
              [33mvalue[39m=[32m"REJECTED"[39m
            [36m>[39m
              [0mREJECTED[0m
            [36m</option>[39m
          [36m</select>[39m
        [36m</label>[39m
        [36m<label>[39m
          [0mSort render summaries[0m
          [36m<select>[39m
            [36m<option[39m
              [33mvalue[39m=[32m"id-asc"[39m
            [36m>[39m
              [0mRender ID A–Z[0m
            [36m</option>[39m
            [36m<option[39m
              [33mvalue[39m=[32m"id-desc"[39m
            [36m>[39m
              [0mRender ID Z–A[0m
            [36m</option>[39m
          [36m</select>[39m
        [36m</label>[39m
      [36m</div>[39m
      [36m<p[39m
        [33maria-live[39m=[32m"polite"[39m
        [33mrole[39m=[32m"status"[39m
      [36m>[39m
        [0m3 render summaries loaded · bounded Project snapshot.[0m
      [36m</p>[39m
      [36m<ul[39m
        [33maria-label[39m=[32m"Render summary snapshot"[39m
        [33mclass[39m=[32m"ff-render-browser-list"[39m
      [36m>[39m
        [36m<li>[39m
          [36m<section[39m
            [33mclass[39m=[32m"ff-panel "[39m
          [36m>[39m
            [36m<header[39m
              [33mclass[39m=[32m"ff-panel__header"[39m
            [36m>[39m
              [36m<h2>[39m
                [0mrender-alpha[0m
              [36m</h2>[39m
            [36m</header>[39m
            [36m<div[39m
              [33mclass[39m=[32m"ff-panel__body"[39m
            [36m>[39m
              [36m<p[39m
                [33mclass[39m=[32m"ff-render-profile"[39m
              [36m>[39m
                [0mSocial 原文[0m
              [36m</p>[39m
              [36m<span[39m
                [33mclass[39m=[32m"ff-status ff-status--neutral"[39m
              [36m>[39m
                [36m<span[39m
                  [33maria-hidden[39m=[32m"true"[39m
                [36m/>[39m
                [0mQUEUED[0m
              [36m</span>[39m
              [36m<button[39m
                [33maria-label[39m=[32m"Inspect render render-alpha"[39m
                [33mclass[39m=[32m"ff-button ff-button--secondary "[39m
              [36m>[39m
                [0mInspect[0m
              [36m</button>[39m
            [36m</div>[39m
          [36m</section>[39m
        [36m</li>[39m
        [36m<li>[39m
          [36m<section[39m
            [33mclass[39m=[32m"ff-panel "[39m
          [36m>[39m
            [36m<header[39m
              [33mclass[39m=[32m"ff-panel__header"[39m
            [36m>[39m
              [36m<h2>[39m
                [0mrender-beta[0m
              [36m</h2>[39m
            [36m</header>[39m
            [36m<div[39m
              [33mclass[39m=[32m"ff-panel__body"[39m
            [36m>[39m
              [36m<p[39m
                [33mclass[39m=[32m"ff-render-profile"[39m
              [36m>[39m
                [0m&lt;b&gt;opaque profile&lt;/b&gt;[0m
              [36m</p>[39m
              [36m<span[39m
                [33mclass[39m=[32m"ff-status ff-status--neutral"[39m
              [36m>[39m
                [36m<span[39m
                  [33maria-hidden[39m=[32m"true"[39m
                [36m/>[39m
                [0mFAILED[0m
              [36m</span>[39m
              [36m<button[39m
                [33maria-label[39m=[32m"Inspect render render-beta"[39m
                [33mclass[39m=[32m"ff-button ff-button--secondary "[39m
              [36m>[39m
                [0mInspect[0m
              [36m</button>[39m
            [36m</div>[39m
          [36m</section>[39m
        [36m</li>[39m
        [36m<li>[39m
          [36m<section[39m
            [33mclass[39m=[32m"ff-panel "[39m
          [36m>[39m
            [36m<header[39m
              [33mclass[39m=[32m"ff-panel__header"[39m
            [36m>[39m
              [36m<h2>[39m
                [0mrender-zeta[0m
              [36m</h2>[39m
            [36m</header>[39m
            [36m<div[39m
              [33mclass[39m=[32m"ff-panel__body"[39m
            [36m>[39m
              [36m<p[39m
                [33mclass[39m=[32m"ff-render-profile"[39m
              [36m>[39m
                [0mCinema &lt;literal&gt;[0m
              [36m</p>[39m
              [36m<span[39m
                [33mclass[39m=[32m"ff-status ff-status--neutral"[39m
              [36m>[39m
                [36m<span[39m
                  [33maria-hidden[39m=[32m"true"[39m
                [36m/>[39m
                [0mCOMPLETED[0m
              [36m</span>[39m
              [36m<button[39m
                [33maria-label[39m=[32m"Inspect render render-zeta"[39m
                [33mclass[39m=[32m"ff-button ff-button--secondary "[39m
              [36m>[39m
                [0mInspect[0m
              [36m</button>[39m
            [36m</div>[39m
          [36m</section>[39m
        [36m</li>[39m
      [36m</ul>[39m
    [36m</section>[39m
  [36m</div>[39m
[36m</body>[39m
   × RenderBrowser observability workflow > uses one stable Refresh/Cancel/Retry control, preserves filters, drops cancelled replies and never steals moved focus 1010ms
     → Unable to find an element with the text: Connected render. This could be because the text is broken up by multiple elements. In this case, you can provide a function for your text matcher to make your matcher more flexible.

Ignored nodes: comments, script, style
[36m<body>[39m
  [36m<div>[39m
    [36m<button[39m
      [33mtype[39m=[32m"button"[39m
    [36m>[39m
      [0mStable focus[0m
    [36m</button>[39m
    [36m<section[39m
      [33maria-label[39m=[32m"Single-Project render summaries"[39m
      [33mclass[39m=[32m"ff-render-browser"[39m
    [36m>[39m
      [36m<header[39m
        [33mclass[39m=[32m"ff-render-browser-heading"[39m
      [36m>[39m
        [36m<div>[39m
          [36m<span>[39m
            [0mOperations · read-only[0m
          [36m</span>[39m
          [36m<h1>[39m
            [0mProject renders[0m
          [36m</h1>[39m
          [36m<p>[39m
            [0mFind and inspect safe render job summaries supplied for one explicit Project. This view cannot control jobs.[0m
          [36m</p>[39m
        [36m</div>[39m
      [36m</header>[39m
      [36m<p[39m
        [33mclass[39m=[32m"ff-render-origin ff-render-origin--unavailable"[39m
      [36m>[39m
        [36m<span[39m
          [33mclass[39m=[32m"ff-badge ff-badge--neutral"[39m
        [36m>[39m
          [0mRENDER SOURCE UNAVAILABLE · no request was sent[0m
        [36m</span>[39m
      [36m</p>[39m
      [36m<div[39m
        [33mclass[39m=[32m"ff-property-row"[39m
      [36m>[39m
        [36m<span>[39m
          [0mSource Project ID[0m
        [36m</span>[39m
        [36m<div>[39m
          [36m<code>[39m
            [0mproject-1[0m
          [36m</code>[39m
        [36m</div>[39m
      [36m</div>[39m
      [36m<p[39m
        [33mclass[39m=[32m"ff-render-boundary"[39m
      [36m>[39m
        [0mScope comes only from the source Project shown above. Results are bounded and are not a global render inventory.[0m
      [36m</p>[39m
      [36m<section[39m
        [33maria-busy[39m=[32m"false"[39m
        [33maria-labelledby[39m=[32m"_r_5_"[39m
        [33maria-live[39m=[32m"polite"[39m
        [33mclass[39m=[32m"ff-state ff-state--blocked"[39m
      [36m>[39m
        [36m<span[39m
          [33mclass[39m=[32m"ff-state__code"[39m
        [36m>[39m
          [0mBLOCKED[0m
        [36m</span>[39m
        [36m<h2[39m
          [33mid[39m=[32m"_r_5_"[39m
        [36m>[39m
          [0mRender summary access unknown[0m
        [36m</h2>[39m
        [36m<div>[39m
          [36m<p>[39m
            [0mAccess or Project scope could not be established, so the request remained fail-closed.[0m
          [36m</p>[39m
        [36m</div>[39m
      [36m</section>[39m
    [36m</section>[39m
  [36m</div>[39m
[36m</body>[39m

Ignored nodes: comments, script, style
[36m<body>[39m
  [36m<div>[39m
    [36m<button[39m
      [33mtype[39m=[32m"button"[39m
    [36m>[39m
      [0mStable focus[0m
    [36m</button>[39m
    [36m<section[39m
      [33maria-label[39m=[32m"Single-Project render summaries"[39m
      [33mclass[39m=[32m"ff-render-browser"[39m
    [36m>[39m
      [36m<header[39m
        [33mclass[39m=[32m"ff-render-browser-heading"[39m
      [36m>[39m
        [36m<div>[39m
          [36m<span>[39m
            [0mOperations · read-only[0m
          [36m</span>[39m
          [36m<h1>[39m
            [0mProject renders[0m
          [36m</h1>[39m
          [36m<p>[39m
            [0mFind and inspect safe render job summaries supplied for one explicit Project. This view cannot control jobs.[0m
          [36m</p>[39m
        [36m</div>[39m
      [36m</header>[39m
      [36m<p[39m
        [33mclass[39m=[32m"ff-render-origin ff-render-origin--unavailable"[39m
      [36m>[39m
        [36m<span[39m
          [33mclass[39m=[32m"ff-badge ff-badge--neutral"[39m
        [36m>[39m
          [0mRENDER SOURCE UNAVAILABLE · no request was sent[0m
        [36m</span>[39m
      [36m</p>[39m
      [36m<div[39m
        [33mclass[39m=[32m"ff-property-row"[39m
      [36m>[39m
        [36m<span>[39m
          [0mSource Project ID[0m
        [36m</span>[39m
        [36m<div>[39m
          [36m<code>[39m
            [0mproject-1[0m
          [36m</code>[39m
        [36m</div>[39m
      [36m</div>[39m
      [36m<p[39m
        [33mclass[39m=[32m"ff-render-boundary"[39m
      [36m>[39m
        [0mScope comes only from the source Project shown above. Results are bounded and are not a global render inventory.[0m
      [36m</p>[39m
      [36m<section[39m
        [33maria-busy[39m=[32m"false"[39m
        [33maria-labelledby[39m=[32m"_r_5_"[39m
        [33maria-live[39m=[32m"polite"[39m
        [33mclass[39m=[32m"ff-state ff-state--blocked"[39m
      [36m>[39m
        [36m<span[39m
          [33mclass[39m=[32m"ff-state__code"[39m
        [36m>[39m
          [0mBLOCKED[0m
        [36m</span>[39m
        [36m<h2[39m
          [33mid[39m=[32m"_r_5_"[39m
        [36m>[39m
          [0mRender summary access unknown[0m
        [36m</h2>[39m
        [36m<div>[39m
          [36m<p>[39m
            [0mAccess or Project scope could not be established, so the request remained fail-closed.[0m
          [36m</p>[39m
        [36m</div>[39m
      [36m</section>[39m
    [36m</section>[39m
  [36m</div>[39m
[36m</body>[39m
   × RenderBrowser observability workflow > clears old content for a safe unavailable receipt and keeps retry available 1011ms
     → Unable to find an element with the text: Connected render. This could be because the text is broken up by multiple elements. In this case, you can provide a function for your text matcher to make your matcher more flexible.

Ignored nodes: comments, script, style
[36m<body>[39m
  [36m<div>[39m
    [36m<section[39m
      [33maria-label[39m=[32m"Single-Project render summaries"[39m
      [33mclass[39m=[32m"ff-render-browser"[39m
    [36m>[39m
      [36m<header[39m
        [33mclass[39m=[32m"ff-render-browser-heading"[39m
      [36m>[39m
        [36m<div>[39m
          [36m<span>[39m
            [0mOperations · read-only[0m
          [36m</span>[39m
          [36m<h1>[39m
            [0mProject renders[0m
          [36m</h1>[39m
          [36m<p>[39m
            [0mFind and inspect safe render job summaries supplied for one explicit Project. This view cannot control jobs.[0m
          [36m</p>[39m
        [36m</div>[39m
      [36m</header>[39m
      [36m<p[39m
        [33mclass[39m=[32m"ff-render-origin ff-render-origin--unavailable"[39m
      [36m>[39m
        [36m<span[39m
          [33mclass[39m=[32m"ff-badge ff-badge--neutral"[39m
        [36m>[39m
          [0mRENDER SOURCE UNAVAILABLE · no request was sent[0m
        [36m</span>[39m
      [36m</p>[39m
      [36m<div[39m
        [33mclass[39m=[32m"ff-property-row"[39m
      [36m>[39m
        [36m<span>[39m
          [0mSource Project ID[0m
        [36m</span>[39m
        [36m<div>[39m
          [36m<code>[39m
            [0mproject-1[0m
          [36m</code>[39m
        [36m</div>[39m
      [36m</div>[39m
      [36m<p[39m
        [33mclass[39m=[32m"ff-render-boundary"[39m
      [36m>[39m
        [0mScope comes only from the source Project shown above. Results are bounded and are not a global render inventory.[0m
      [36m</p>[39m
      [36m<section[39m
        [33maria-busy[39m=[32m"false"[39m
        [33maria-labelledby[39m=[32m"_r_6_"[39m
        [33maria-live[39m=[32m"polite"[39m
        [33mclass[39m=[32m"ff-state ff-state--blocked"[39m
      [36m>[39m
        [36m<span[39m
          [33mclass[39m=[32m"ff-state__code"[39m
        [36m>[39m
          [0mBLOCKED[0m
        [36m</span>[39m
        [36m<h2[39m
          [33mid[39m=[32m"_r_6_"[39m
        [36m>[39m
          [0mRender summary access unknown[0m
        [36m</h2>[39m
        [36m<div>[39m
          [36m<p>[39m
            [0mAccess or Project scope could not be established, so the request remained fail-closed.[0m
          [36m</p>[39m
        [36m</div>[39m
      [36m</section>[39m
    [36m</section>[39m
  [36m</div>[39m
[36m</body>[39m

Ignored nodes: comments, script, style
[36m<body>[39m
  [36m<div>[39m
    [36m<section[39m
      [33maria-label[39m=[32m"Single-Project render summaries"[39m
      [33mclass[39m=[32m"ff-render-browser"[39m
    [36m>[39m
      [36m<header[39m
        [33mclass[39m=[32m"ff-render-browser-heading"[39m
      [36m>[39m
        [36m<div>[39m
          [36m<span>[39m
            [0mOperations · read-only[0m
          [36m</span>[39m
          [36m<h1>[39m
            [0mProject renders[0m
          [36m</h1>[39m
          [36m<p>[39m
            [0mFind and inspect safe render job summaries supplied for one explicit Project. This view cannot control jobs.[0m
          [36m</p>[39m
        [36m</div>[39m
      [36m</header>[39m
      [36m<p[39m
        [33mclass[39m=[32m"ff-render-origin ff-render-origin--unavailable"[39m
      [36m>[39m
        [36m<span[39m
          [33mclass[39m=[32m"ff-badge ff-badge--neutral"[39m
        [36m>[39m
          [0mRENDER SOURCE UNAVAILABLE · no request was sent[0m
        [36m</span>[39m
      [36m</p>[39m
      [36m<div[39m
        [33mclass[39m=[32m"ff-property-row"[39m
      [36m>[39m
        [36m<span>[39m
          [0mSource Project ID[0m
        [36m</span>[39m
        [36m<div>[39m
          [36m<code>[39m
            [0mproject-1[0m
          [36m</code>[39m
        [36m</div>[39m
      [36m</div>[39m
      [36m<p[39m
        [33mclass[39m=[32m"ff-render-boundary"[39m
      [36m>[39m
        [0mScope comes only from the source Project shown above. Results are bounded and are not a global render inventory.[0m
      [36m</p>[39m
      [36m<section[39m
        [33maria-busy[39m=[32m"false"[39m
        [33maria-labelledby[39m=[32m"_r_6_"[39m
        [33maria-live[39m=[32m"polite"[39m
        [33mclass[39m=[32m"ff-state ff-state--blocked"[39m
      [36m>[39m
        [36m<span[39m
          [33mclass[39m=[32m"ff-state__code"[39m
        [36m>[39m
          [0mBLOCKED[0m
        [36m</span>[39m
        [36m<h2[39m
          [33mid[39m=[32m"_r_6_"[39m
        [36m>[39m
          [0mRender summary access unknown[0m
        [36m</h2>[39m
        [36m<div>[39m
          [36m<p>[39m
            [0mAccess or Project scope could not be established, so the request remained fail-closed.[0m
          [36m</p>[39m
        [36m</div>[39m
      [36m</section>[39m
    [36m</section>[39m
  [36m</div>[39m
[36m</body>[39m
   × RenderBrowser observability workflow > clears old content for a safe denied receipt and keeps retry available 1012ms
     → Unable to find an element with the text: Connected render. This could be because the text is broken up by multiple elements. In this case, you can provide a function for your text matcher to make your matcher more flexible.

Ignored nodes: comments, script, style
[36m<body>[39m
  [36m<div>[39m
    [36m<section[39m
      [33maria-label[39m=[32m"Single-Project render summaries"[39m
      [33mclass[39m=[32m"ff-render-browser"[39m
    [36m>[39m
      [36m<header[39m
        [33mclass[39m=[32m"ff-render-browser-heading"[39m
      [36m>[39m
        [36m<div>[39m
          [36m<span>[39m
            [0mOperations · read-only[0m
          [36m</span>[39m
          [36m<h1>[39m
            [0mProject renders[0m
          [36m</h1>[39m
          [36m<p>[39m
            [0mFind and inspect safe render job summaries supplied for one explicit Project. This view cannot control jobs.[0m
          [36m</p>[39m
        [36m</div>[39m
      [36m</header>[39m
      [36m<p[39m
        [33mclass[39m=[32m"ff-render-origin ff-render-origin--unavailable"[39m
      [36m>[39m
        [36m<span[39m
          [33mclass[39m=[32m"ff-badge ff-badge--neutral"[39m
        [36m>[39m
          [0mRENDER SOURCE UNAVAILABLE · no request was sent[0m
        [36m</span>[39m
      [36m</p>[39m
      [36m<div[39m
        [33mclass[39m=[32m"ff-property-row"[39m
      [36m>[39m
        [36m<span>[39m
          [0mSource Project ID[0m
        [36m</span>[39m
        [36m<div>[39m
          [36m<code>[39m
            [0mproject-1[0m
          [36m</code>[39m
        [36m</div>[39m
      [36m</div>[39m
      [36m<p[39m
        [33mclass[39m=[32m"ff-render-boundary"[39m
      [36m>[39m
        [0mScope comes only from the source Project shown above. Results are bounded and are not a global render inventory.[0m
      [36m</p>[39m
      [36m<section[39m
        [33maria-busy[39m=[32m"false"[39m
        [33maria-labelledby[39m=[32m"_r_7_"[39m
        [33maria-live[39m=[32m"polite"[39m
        [33mclass[39m=[32m"ff-state ff-state--blocked"[39m
      [36m>[39m
        [36m<span[39m
          [33mclass[39m=[32m"ff-state__code"[39m
        [36m>[39m
          [0mBLOCKED[0m
        [36m</span>[39m
        [36m<h2[39m
          [33mid[39m=[32m"_r_7_"[39m
        [36m>[39m
          [0mRender summary access unknown[0m
        [36m</h2>[39m
        [36m<div>[39m
          [36m<p>[39m
            [0mAccess or Project scope could not be established, so the request remained fail-closed.[0m
          [36m</p>[39m
        [36m</div>[39m
      [36m</section>[39m
    [36m</section>[39m
  [36m</div>[39m
[36m</body>[39m

Ignored nodes: comments, script, style
[36m<body>[39m
  [36m<div>[39m
    [36m<section[39m
      [33maria-label[39m=[32m"Single-Project render summaries"[39m
      [33mclass[39m=[32m"ff-render-browser"[39m
    [36m>[39m
      [36m<header[39m
        [33mclass[39m=[32m"ff-render-browser-heading"[39m
      [36m>[39m
        [36m<div>[39m
          [36m<span>[39m
            [0mOperations · read-only[0m
          [36m</span>[39m
          [36m<h1>[39m
            [0mProject renders[0m
          [36m</h1>[39m
          [36m<p>[39m
            [0mFind and inspect safe render job summaries supplied for one explicit Project. This view cannot control jobs.[0m
          [36m</p>[39m
        [36m</div>[39m
      [36m</header>[39m
      [36m<p[39m
        [33mclass[39m=[32m"ff-render-origin ff-render-origin--unavailable"[39m
      [36m>[39m
        [36m<span[39m
          [33mclass[39m=[32m"ff-badge ff-badge--neutral"[39m
        [36m>[39m
          [0mRENDER SOURCE UNAVAILABLE · no request was sent[0m
        [36m</span>[39m
      [36m</p>[39m
      [36m<div[39m
        [33mclass[39m=[32m"ff-property-row"[39m
      [36m>[39m
        [36m<span>[39m
          [0mSource Project ID[0m
        [36m</span>[39m
        [36m<div>[39m
          [36m<code>[39m
            [0mproject-1[0m
          [36m</code>[39m
        [36m</div>[39m
      [36m</div>[39m
      [36m<p[39m
        [33mclass[39m=[32m"ff-render-boundary"[39m
      [36m>[39m
        [0mScope comes only from the source Project shown above. Results are bounded and are not a global render inventory.[0m
      [36m</p>[39m
      [36m<section[39m
        [33maria-busy[39m=[32m"false"[39m
        [33maria-labelledby[39m=[32m"_r_7_"[39m
        [33maria-live[39m=[32m"polite"[39m
        [33mclass[39m=[32m"ff-state ff-state--blocked"[39m
      [36m>[39m
        [36m<span[39m
          [33mclass[39m=[32m"ff-state__code"[39m
        [36m>[39m
          [0mBLOCKED[0m
        [36m</span>[39m
        [36m<h2[39m
          [33mid[39m=[32m"_r_7_"[39m
        [36m>[39m
          [0mRender summary access unknown[0m
        [36m</h2>[39m
        [36m<div>[39m
          [36m<p>[39m
            [0mAccess or Project scope could not be established, so the request remained fail-closed.[0m
          [36m</p>[39m
        [36m</div>[39m
      [36m</section>[39m
    [36m</section>[39m
  [36m</div>[39m
[36m</body>[39m
   × RenderBrowser observability workflow > clears old content for a safe unknown receipt and keeps retry available 1013ms
     → Unable to find an element with the text: Connected render. This could be because the text is broken up by multiple elements. In this case, you can provide a function for your text matcher to make your matcher more flexible.

Ignored nodes: comments, script, style
[36m<body>[39m
  [36m<div>[39m
    [36m<section[39m
      [33maria-label[39m=[32m"Single-Project render summaries"[39m
      [33mclass[39m=[32m"ff-render-browser"[39m
    [36m>[39m
      [36m<header[39m
        [33mclass[39m=[32m"ff-render-browser-heading"[39m
      [36m>[39m
        [36m<div>[39m
          [36m<span>[39m
            [0mOperations · read-only[0m
          [36m</span>[39m
          [36m<h1>[39m
            [0mProject renders[0m
          [36m</h1>[39m
          [36m<p>[39m
            [0mFind and inspect safe render job summaries supplied for one explicit Project. This view cannot control jobs.[0m
          [36m</p>[39m
        [36m</div>[39m
      [36m</header>[39m
      [36m<p[39m
        [33mclass[39m=[32m"ff-render-origin ff-render-origin--unavailable"[39m
      [36m>[39m
        [36m<span[39m
          [33mclass[39m=[32m"ff-badge ff-badge--neutral"[39m
        [36m>[39m
          [0mRENDER SOURCE UNAVAILABLE · no request was sent[0m
        [36m</span>[39m
      [36m</p>[39m
      [36m<div[39m
        [33mclass[39m=[32m"ff-property-row"[39m
      [36m>[39m
        [36m<span>[39m
          [0mSource Project ID[0m
        [36m</span>[39m
        [36m<div>[39m
          [36m<code>[39m
            [0mproject-1[0m
          [36m</code>[39m
        [36m</div>[39m
      [36m</div>[39m
      [36m<p[39m
        [33mclass[39m=[32m"ff-render-boundary"[39m
      [36m>[39m
        [0mScope comes only from the source Project shown above. Results are bounded and are not a global render inventory.[0m
      [36m</p>[39m
      [36m<section[39m
        [33maria-busy[39m=[32m"false"[39m
        [33maria-labelledby[39m=[32m"_r_8_"[39m
        [33maria-live[39m=[32m"polite"[39m
        [33mclass[39m=[32m"ff-state ff-state--blocked"[39m
      [36m>[39m
        [36m<span[39m
          [33mclass[39m=[32m"ff-state__code"[39m
        [36m>[39m
          [0mBLOCKED[0m
        [36m</span>[39m
        [36m<h2[39m
          [33mid[39m=[32m"_r_8_"[39m
        [36m>[39m
          [0mRender summary access unknown[0m
        [36m</h2>[39m
        [36m<div>[39m
          [36m<p>[39m
            [0mAccess or Project scope could not be established, so the request remained fail-closed.[0m
          [36m</p>[39m
        [36m</div>[39m
      [36m</section>[39m
    [36m</section>[39m
  [36m</div>[39m
[36m</body>[39m

Ignored nodes: comments, script, style
[36m<body>[39m
  [36m<div>[39m
    [36m<section[39m
      [33maria-label[39m=[32m"Single-Project render summaries"[39m
      [33mclass[39m=[32m"ff-render-browser"[39m
    [36m>[39m
      [36m<header[39m
        [33mclass[39m=[32m"ff-render-browser-heading"[39m
      [36m>[39m
        [36m<div>[39m
          [36m<span>[39m
            [0mOperations · read-only[0m
          [36m</span>[39m
          [36m<h1>[39m
            [0mProject renders[0m
          [36m</h1>[39m
          [36m<p>[39m
            [0mFind and inspect safe render job summaries supplied for one explicit Project. This view cannot control jobs.[0m
          [36m</p>[39m
        [36m</div>[39m
      [36m</header>[39m
      [36m<p[39m
        [33mclass[39m=[32m"ff-render-origin ff-render-origin--unavailable"[39m
      [36m>[39m
        [36m<span[39m
          [33mclass[39m=[32m"ff-badge ff-badge--neutral"[39m
        [36m>[39m
          [0mRENDER SOURCE UNAVAILABLE · no request was sent[0m
        [36m</span>[39m
      [36m</p>[39m
      [36m<div[39m
        [33mclass[39m=[32m"ff-property-row"[39m
      [36m>[39m
        [36m<span>[39m
          [0mSource Project ID[0m
        [36m</span>[39m
        [36m<div>[39m
          [36m<code>[39m
            [0mproject-1[0m
          [36m</code>[39m
        [36m</div>[39m
      [36m</div>[39m
      [36m<p[39m
        [33mclass[39m=[32m"ff-render-boundary"[39m
      [36m>[39m
        [0mScope comes only from the source Project shown above. Results are bounded and are not a global render inventory.[0m
      [36m</p>[39m
      [36m<section[39m
        [33maria-busy[39m=[32m"false"[39m
        [33maria-labelledby[39m=[32m"_r_8_"[39m
        [33maria-live[39m=[32m"polite"[39m
        [33mclass[39m=[32m"ff-state ff-state--blocked"[39m
      [36m>[39m
        [36m<span[39m
          [33mclass[39m=[32m"ff-state__code"[39m
        [36m>[39m
          [0mBLOCKED[0m
        [36m</span>[39m
        [36m<h2[39m
          [33mid[39m=[32m"_r_8_"[39m
        [36m>[39m
          [0mRender summary access unknown[0m
        [36m</h2>[39m
        [36m<div>[39m
          [36m<p>[39m
            [0mAccess or Project scope could not be established, so the request remained fail-closed.[0m
          [36m</p>[39m
        [36m</div>[39m
      [36m</section>[39m
    [36m</section>[39m
  [36m</div>[39m
[36m</body>[39m
   × RenderBrowser observability workflow > clears old content for a safe unsupported receipt and keeps retry available 1011ms
     → Unable to find an element with the text: Connected render. This could be because the text is broken up by multiple elements. In this case, you can provide a function for your text matcher to make your matcher more flexible.

Ignored nodes: comments, script, style
[36m<body>[39m
  [36m<div>[39m
    [36m<section[39m
      [33maria-label[39m=[32m"Single-Project render summaries"[39m
      [33mclass[39m=[32m"ff-render-browser"[39m
    [36m>[39m
      [36m<header[39m
        [33mclass[39m=[32m"ff-render-browser-heading"[39m
      [36m>[39m
        [36m<div>[39m
          [36m<span>[39m
            [0mOperations · read-only[0m
          [36m</span>[39m
          [36m<h1>[39m
            [0mProject renders[0m
          [36m</h1>[39m
          [36m<p>[39m
            [0mFind and inspect safe render job summaries supplied for one explicit Project. This view cannot control jobs.[0m
          [36m</p>[39m
        [36m</div>[39m
      [36m</header>[39m
      [36m<p[39m
        [33mclass[39m=[32m"ff-render-origin ff-render-origin--unavailable"[39m
      [36m>[39m
        [36m<span[39m
          [33mclass[39m=[32m"ff-badge ff-badge--neutral"[39m
        [36m>[39m
          [0mRENDER SOURCE UNAVAILABLE · no request was sent[0m
        [36m</span>[39m
      [36m</p>[39m
      [36m<div[39m
        [33mclass[39m=[32m"ff-property-row"[39m
      [36m>[39m
        [36m<span>[39m
          [0mSource Project ID[0m
        [36m</span>[39m
        [36m<div>[39m
          [36m<code>[39m
            [0mproject-1[0m
          [36m</code>[39m
        [36m</div>[39m
      [36m</div>[39m
      [36m<p[39m
        [33mclass[39m=[32m"ff-render-boundary"[39m
      [36m>[39m
        [0mScope comes only from the source Project shown above. Results are bounded and are not a global render inventory.[0m
      [36m</p>[39m
      [36m<section[39m
        [33maria-busy[39m=[32m"false"[39m
        [33maria-labelledby[39m=[32m"_r_9_"[39m
        [33maria-live[39m=[32m"polite"[39m
        [33mclass[39m=[32m"ff-state ff-state--blocked"[39m
      [36m>[39m
        [36m<span[39m
          [33mclass[39m=[32m"ff-state__code"[39m
        [36m>[39m
          [0mBLOCKED[0m
        [36m</span>[39m
        [36m<h2[39m
          [33mid[39m=[32m"_r_9_"[39m
        [36m>[39m
          [0mRender summary access unknown[0m
        [36m</h2>[39m
        [36m<div>[39m
          [36m<p>[39m
            [0mAccess or Project scope could not be established, so the request remained fail-closed.[0m
          [36m</p>[39m
        [36m</div>[39m
      [36m</section>[39m
    [36m</section>[39m
  [36m</div>[39m
[36m</body>[39m

Ignored nodes: comments, script, style
[36m<body>[39m
  [36m<div>[39m
    [36m<section[39m
      [33maria-label[39m=[32m"Single-Project render summaries"[39m
      [33mclass[39m=[32m"ff-render-browser"[39m
    [36m>[39m
      [36m<header[39m
        [33mclass[39m=[32m"ff-render-browser-heading"[39m
      [36m>[39m
        [36m<div>[39m
          [36m<span>[39m
            [0mOperations · read-only[0m
          [36m</span>[39m
          [36m<h1>[39m
            [0mProject renders[0m
          [36m</h1>[39m
          [36m<p>[39m
            [0mFind and inspect safe render job summaries supplied for one explicit Project. This view cannot control jobs.[0m
          [36m</p>[39m
        [36m</div>[39m
      [36m</header>[39m
      [36m<p[39m
        [33mclass[39m=[32m"ff-render-origin ff-render-origin--unavailable"[39m
      [36m>[39m
        [36m<span[39m
          [33mclass[39m=[32m"ff-badge ff-badge--neutral"[39m
        [36m>[39m
          [0mRENDER SOURCE UNAVAILABLE · no request was sent[0m
        [36m</span>[39m
      [36m</p>[39m
      [36m<div[39m
        [33mclass[39m=[32m"ff-property-row"[39m
      [36m>[39m
        [36m<span>[39m
          [0mSource Project ID[0m
        [36m</span>[39m
        [36m<div>[39m
          [36m<code>[39m
            [0mproject-1[0m
          [36m</code>[39m
        [36m</div>[39m
      [36m</div>[39m
      [36m<p[39m
        [33mclass[39m=[32m"ff-render-boundary"[39m
      [36m>[39m
        [0mScope comes only from the source Project shown above. Results are bounded and are not a global render inventory.[0m
      [36m</p>[39m
      [36m<section[39m
        [33maria-busy[39m=[32m"false"[39m
        [33maria-labelledby[39m=[32m"_r_9_"[39m
        [33maria-live[39m=[32m"polite"[39m
        [33mclass[39m=[32m"ff-state ff-state--blocked"[39m
      [36m>[39m
        [36m<span[39m
          [33mclass[39m=[32m"ff-state__code"[39m
        [36m>[39m
          [0mBLOCKED[0m
        [36m</span>[39m
        [36m<h2[39m
          [33mid[39m=[32m"_r_9_"[39m
        [36m>[39m
          [0mRender summary access unknown[0m
        [36m</h2>[39m
        [36m<div>[39m
          [36m<p>[39m
            [0mAccess or Project scope could not be established, so the request remained fail-closed.[0m
          [36m</p>[39m
        [36m</div>[39m
      [36m</section>[39m
    [36m</section>[39m
  [36m</div>[39m
[36m</body>[39m
   × RenderBrowser observability workflow > clears old content for a safe error receipt and keeps retry available 1010ms
     → Unable to find an element with the text: Connected render. This could be because the text is broken up by multiple elements. In this case, you can provide a function for your text matcher to make your matcher more flexible.

Ignored nodes: comments, script, style
[36m<body>[39m
  [36m<div>[39m
    [36m<section[39m
      [33maria-label[39m=[32m"Single-Project render summaries"[39m
      [33mclass[39m=[32m"ff-render-browser"[39m
    [36m>[39m
      [36m<header[39m
        [33mclass[39m=[32m"ff-render-browser-heading"[39m
      [36m>[39m
        [36m<div>[39m
          [36m<span>[39m
            [0mOperations · read-only[0m
          [36m</span>[39m
          [36m<h1>[39m
            [0mProject renders[0m
          [36m</h1>[39m
          [36m<p>[39m
            [0mFind and inspect safe render job summaries supplied for one explicit Project. This view cannot control jobs.[0m
          [36m</p>[39m
        [36m</div>[39m
      [36m</header>[39m
      [36m<p[39m
        [33mclass[39m=[32m"ff-render-origin ff-render-origin--unavailable"[39m
      [36m>[39m
        [36m<span[39m
          [33mclass[39m=[32m"ff-badge ff-badge--neutral"[39m
        [36m>[39m
          [0mRENDER SOURCE UNAVAILABLE · no request was sent[0m
        [36m</span>[39m
      [36m</p>[39m
      [36m<div[39m
        [33mclass[39m=[32m"ff-property-row"[39m
      [36m>[39m
        [36m<span>[39m
          [0mSource Project ID[0m
        [36m</span>[39m
        [36m<div>[39m
          [36m<code>[39m
            [0mproject-1[0m
          [36m</code>[39m
        [36m</div>[39m
      [36m</div>[39m
      [36m<p[39m
        [33mclass[39m=[32m"ff-render-boundary"[39m
      [36m>[39m
        [0mScope comes only from the source Project shown above. Results are bounded and are not a global render inventory.[0m
      [36m</p>[39m
      [36m<section[39m
        [33maria-busy[39m=[32m"false"[39m
        [33maria-labelledby[39m=[32m"_r_a_"[39m
        [33maria-live[39m=[32m"polite"[39m
        [33mclass[39m=[32m"ff-state ff-state--blocked"[39m
      [36m>[39m
        [36m<span[39m
          [33mclass[39m=[32m"ff-state__code"[39m
        [36m>[39m
          [0mBLOCKED[0m
        [36m</span>[39m
        [36m<h2[39m
          [33mid[39m=[32m"_r_a_"[39m
        [36m>[39m
          [0mRender summary access unknown[0m
        [36m</h2>[39m
        [36m<div>[39m
          [36m<p>[39m
            [0mAccess or Project scope could not be established, so the request remained fail-closed.[0m
          [36m</p>[39m
        [36m</div>[39m
      [36m</section>[39m
    [36m</section>[39m
  [36m</div>[39m
[36m</body>[39m

Ignored nodes: comments, script, style
[36m<body>[39m
  [36m<div>[39m
    [36m<section[39m
      [33maria-label[39m=[32m"Single-Project render summaries"[39m
      [33mclass[39m=[32m"ff-render-browser"[39m
    [36m>[39m
      [36m<header[39m
        [33mclass[39m=[32m"ff-render-browser-heading"[39m
      [36m>[39m
        [36m<div>[39m
          [36m<span>[39m
            [0mOperations · read-only[0m
          [36m</span>[39m
          [36m<h1>[39m
            [0mProject renders[0m
          [36m</h1>[39m
          [36m<p>[39m
            [0mFind and inspect safe render job summaries supplied for one explicit Project. This view cannot control jobs.[0m
          [36m</p>[39m
        [36m</div>[39m
      [36m</header>[39m
      [36m<p[39m
        [33mclass[39m=[32m"ff-render-origin ff-render-origin--unavailable"[39m
      [36m>[39m
        [36m<span[39m
          [33mclass[39m=[32m"ff-badge ff-badge--neutral"[39m
        [36m>[39m
          [0mRENDER SOURCE UNAVAILABLE · no request was sent[0m
        [36m</span>[39m
      [36m</p>[39m
      [36m<div[39m
        [33mclass[39m=[32m"ff-property-row"[39m
      [36m>[39m
        [36m<span>[39m
          [0mSource Project ID[0m
        [36m</span>[39m
        [36m<div>[39m
          [36m<code>[39m
            [0mproject-1[0m
          [36m</code>[39m
        [36m</div>[39m
      [36m</div>[39m
      [36m<p[39m
        [33mclass[39m=[32m"ff-render-boundary"[39m
      [36m>[39m
        [0mScope comes only from the source Project shown above. Results are bounded and are not a global render inventory.[0m
      [36m</p>[39m
      [36m<section[39m
        [33maria-busy[39m=[32m"false"[39m
        [33maria-labelledby[39m=[32m"_r_a_"[39m
        [33maria-live[39m=[32m"polite"[39m
        [33mclass[39m=[32m"ff-state ff-state--blocked"[39m
      [36m>[39m
        [36m<span[39m
          [33mclass[39m=[32m"ff-state__code"[39m
        [36m>[39m
          [0mBLOCKED[0m
        [36m</span>[39m
        [36m<h2[39m
          [33mid[39m=[32m"_r_a_"[39m
        [36m>[39m
          [0mRender summary access unknown[0m
        [36m</h2>[39m
        [36m<div>[39m
          [36m<p>[39m
            [0mAccess or Project scope could not be established, so the request remained fail-closed.[0m
          [36m</p>[39m
        [36m</div>[39m
      [36m</section>[39m
    [36m</section>[39m
  [36m</div>[39m
[36m</body>[39m
   × RenderBrowser observability workflow > clears old content for a safe stale receipt and keeps retry available 1010ms
     → Unable to find an element with the text: Connected render. This could be because the text is broken up by multiple elements. In this case, you can provide a function for your text matcher to make your matcher more flexible.

Ignored nodes: comments, script, style
[36m<body>[39m
  [36m<div>[39m
    [36m<section[39m
      [33maria-label[39m=[32m"Single-Project render summaries"[39m
      [33mclass[39m=[32m"ff-render-browser"[39m
    [36m>[39m
      [36m<header[39m
        [33mclass[39m=[32m"ff-render-browser-heading"[39m
      [36m>[39m
        [36m<div>[39m
          [36m<span>[39m
            [0mOperations · read-only[0m
          [36m</span>[39m
          [36m<h1>[39m
            [0mProject renders[0m
          [36m</h1>[39m
          [36m<p>[39m
            [0mFind and inspect safe render job summaries supplied for one explicit Project. This view cannot control jobs.[0m
          [36m</p>[39m
        [36m</div>[39m
      [36m</header>[39m
      [36m<p[39m
        [33mclass[39m=[32m"ff-render-origin ff-render-origin--unavailable"[39m
      [36m>[39m
        [36m<span[39m
          [33mclass[39m=[32m"ff-badge ff-badge--neutral"[39m
        [36m>[39m
          [0mRENDER SOURCE UNAVAILABLE · no request was sent[0m
        [36m</span>[39m
      [36m</p>[39m
      [36m<div[39m
        [33mclass[39m=[32m"ff-property-row"[39m
      [36m>[39m
        [36m<span>[39m
          [0mSource Project ID[0m
        [36m</span>[39m
        [36m<div>[39m
          [36m<code>[39m
            [0mproject-1[0m
          [36m</code>[39m
        [36m</div>[39m
      [36m</div>[39m
      [36m<p[39m
        [33mclass[39m=[32m"ff-render-boundary"[39m
      [36m>[39m
        [0mScope comes only from the source Project shown above. Results are bounded and are not a global render inventory.[0m
      [36m</p>[39m
      [36m<section[39m
        [33maria-busy[39m=[32m"false"[39m
        [33maria-labelledby[39m=[32m"_r_b_"[39m
        [33maria-live[39m=[32m"polite"[39m
        [33mclass[39m=[32m"ff-state ff-state--blocked"[39m
      [36m>[39m
        [36m<span[39m
          [33mclass[39m=[32m"ff-state__code"[39m
        [36m>[39m
          [0mBLOCKED[0m
        [36m</span>[39m
        [36m<h2[39m
          [33mid[39m=[32m"_r_b_"[39m
        [36m>[39m
          [0mRender summary access unknown[0m
        [36m</h2>[39m
        [36m<div>[39m
          [36m<p>[39m
            [0mAccess or Project scope could not be established, so the request remained fail-closed.[0m
          [36m</p>[39m
        [36m</div>[39m
      [36m</section>[39m
    [36m</section>[39m
  [36m</div>[39m
[36m</body>[39m

Ignored nodes: comments, script, style
[36m<body>[39m
  [36m<div>[39m
    [36m<section[39m
      [33maria-label[39m=[32m"Single-Project render summaries"[39m
      [33mclass[39m=[32m"ff-render-browser"[39m
    [36m>[39m
      [36m<header[39m
        [33mclass[39m=[32m"ff-render-browser-heading"[39m
      [36m>[39m
        [36m<div>[39m
          [36m<span>[39m
            [0mOperations · read-only[0m
          [36m</span>[39m
          [36m<h1>[39m
            [0mProject renders[0m
          [36m</h1>[39m
          [36m<p>[39m
            [0mFind and inspect safe render job summaries supplied for one explicit Project. This view cannot control jobs.[0m
          [36m</p>[39m
        [36m</div>[39m
      [36m</header>[39m
      [36m<p[39m
        [33mclass[39m=[32m"ff-render-origin ff-render-origin--unavailable"[39m
      [36m>[39m
        [36m<span[39m
          [33mclass[39m=[32m"ff-badge ff-badge--neutral"[39m
        [36m>[39m
          [0mRENDER SOURCE UNAVAILABLE · no request was sent[0m
        [36m</span>[39m
      [36m</p>[39m
      [36m<div[39m
        [33mclass[39m=[32m"ff-property-row"[39m
      [36m>[39m
        [36m<span>[39m
          [0mSource Project ID[0m
        [36m</span>[39m
        [36m<div>[39m
          [36m<code>[39m
            [0mproject-1[0m
          [36m</code>[39m
        [36m</div>[39m
      [36m</div>[39m
      [36m<p[39m
        [33mclass[39m=[32m"ff-render-boundary"[39m
      [36m>[39m
        [0mScope comes only from the source Project shown above. Results are bounded and are not a global render inventory.[0m
      [36m</p>[39m
      [36m<section[39m
        [33maria-busy[39m=[32m"false"[39m
        [33maria-labelledby[39m=[32m"_r_b_"[39m
        [33maria-live[39m=[32m"polite"[39m
        [33mclass[39m=[32m"ff-state ff-state--blocked"[39m
      [36m>[39m
        [36m<span[39m
          [33mclass[39m=[32m"ff-state__code"[39m
        [36m>[39m
          [0mBLOCKED[0m
        [36m</span>[39m
        [36m<h2[39m
          [33mid[39m=[32m"_r_b_"[39m
        [36m>[39m
          [0mRender summary access unknown[0m
        [36m</h2>[39m
        [36m<div>[39m
          [36m<p>[39m
            [0mAccess or Project scope could not be established, so the request remained fail-closed.[0m
          [36m</p>[39m
        [36m</div>[39m
      [36m</section>[39m
    [36m</section>[39m
  [36m</div>[39m
[36m</body>[39m
   × RenderBrowser observability workflow > distinguishes invalid relationships from invalid returned content and never retains stale detail 1010ms
     → Unable to find an element with the text: Connected render. This could be because the text is broken up by multiple elements. In this case, you can provide a function for your text matcher to make your matcher more flexible.

Ignored nodes: comments, script, style
[36m<body>[39m
  [36m<div>[39m
    [36m<section[39m
      [33maria-label[39m=[32m"Single-Project render summaries"[39m
      [33mclass[39m=[32m"ff-render-browser"[39m
    [36m>[39m
      [36m<header[39m
        [33mclass[39m=[32m"ff-render-browser-heading"[39m
      [36m>[39m
        [36m<div>[39m
          [36m<span>[39m
            [0mOperations · read-only[0m
          [36m</span>[39m
          [36m<h1>[39m
            [0mProject renders[0m
          [36m</h1>[39m
          [36m<p>[39m
            [0mFind and inspect safe render job summaries supplied for one explicit Project. This view cannot control jobs.[0m
          [36m</p>[39m
        [36m</div>[39m
      [36m</header>[39m
      [36m<p[39m
        [33mclass[39m=[32m"ff-render-origin ff-render-origin--unavailable"[39m
      [36m>[39m
        [36m<span[39m
          [33mclass[39m=[32m"ff-badge ff-badge--neutral"[39m
        [36m>[39m
          [0mRENDER SOURCE UNAVAILABLE · no request was sent[0m
        [36m</span>[39m
      [36m</p>[39m
      [36m<div[39m
        [33mclass[39m=[32m"ff-property-row"[39m
      [36m>[39m
        [36m<span>[39m
          [0mSource Project ID[0m
        [36m</span>[39m
        [36m<div>[39m
          [36m<code>[39m
            [0mproject-1[0m
          [36m</code>[39m
        [36m</div>[39m
      [36m</div>[39m
      [36m<p[39m
        [33mclass[39m=[32m"ff-render-boundary"[39m
      [36m>[39m
        [0mScope comes only from the source Project shown above. Results are bounded and are not a global render inventory.[0m
      [36m</p>[39m
      [36m<section[39m
        [33maria-busy[39m=[32m"false"[39m
        [33maria-labelledby[39m=[32m"_r_c_"[39m
        [33maria-live[39m=[32m"polite"[39m
        [33mclass[39m=[32m"ff-state ff-state--blocked"[39m
      [36m>[39m
        [36m<span[39m
          [33mclass[39m=[32m"ff-state__code"[39m
        [36m>[39m
          [0mBLOCKED[0m
        [36m</span>[39m
        [36m<h2[39m
          [33mid[39m=[32m"_r_c_"[39m
        [36m>[39m
          [0mRender summary access unknown[0m
        [36m</h2>[39m
        [36m<div>[39m
          [36m<p>[39m
            [0mAccess or Project scope could not be established, so the request remained fail-closed.[0m
          [36m</p>[39m
        [36m</div>[39m
      [36m</section>[39m
    [36m</section>[39m
  [36m</div>[39m
[36m</body>[39m

Ignored nodes: comments, script, style
[36m<body>[39m
  [36m<div>[39m
    [36m<section[39m
      [33maria-label[39m=[32m"Single-Project render summaries"[39m
      [33mclass[39m=[32m"ff-render-browser"[39m
    [36m>[39m
      [36m<header[39m
        [33mclass[39m=[32m"ff-render-browser-heading"[39m
      [36m>[39m
        [36m<div>[39m
          [36m<span>[39m
            [0mOperations · read-only[0m
          [36m</span>[39m
          [36m<h1>[39m
            [0mProject renders[0m
          [36m</h1>[39m
          [36m<p>[39m
            [0mFind and inspect safe render job summaries supplied for one explicit Project. This view cannot control jobs.[0m
          [36m</p>[39m
        [36m</div>[39m
      [36m</header>[39m
      [36m<p[39m
        [33mclass[39m=[32m"ff-render-origin ff-render-origin--unavailable"[39m
      [36m>[39m
        [36m<span[39m
          [33mclass[39m=[32m"ff-badge ff-badge--neutral"[39m
        [36m>[39m
          [0mRENDER SOURCE UNAVAILABLE · no request was sent[0m
        [36m</span>[39m
      [36m</p>[39m
      [36m<div[39m
        [33mclass[39m=[32m"ff-property-row"[39m
      [36m>[39m
        [36m<span>[39m
          [0mSource Project ID[0m
        [36m</span>[39m
        [36m<div>[39m
          [36m<code>[39m
            [0mproject-1[0m
          [36m</code>[39m
        [36m</div>[39m
      [36m</div>[39m
      [36m<p[39m
        [33mclass[39m=[32m"ff-render-boundary"[39m
      [36m>[39m
        [0mScope comes only from the source Project shown above. Results are bounded and are not a global render inventory.[0m
      [36m</p>[39m
      [36m<section[39m
        [33maria-busy[39m=[32m"false"[39m
        [33maria-labelledby[39m=[32m"_r_c_"[39m
        [33maria-live[39m=[32m"polite"[39m
        [33mclass[39m=[32m"ff-state ff-state--blocked"[39m
      [36m>[39m
        [36m<span[39m
          [33mclass[39m=[32m"ff-state__code"[39m
        [36m>[39m
          [0mBLOCKED[0m
        [36m</span>[39m
        [36m<h2[39m
          [33mid[39m=[32m"_r_c_"[39m
        [36m>[39m
          [0mRender summary access unknown[0m
        [36m</h2>[39m
        [36m<div>[39m
          [36m<p>[39m
            [0mAccess or Project scope could not be established, so the request remained fail-closed.[0m
          [36m</p>[39m
        [36m</div>[39m
      [36m</section>[39m
    [36m</section>[39m
  [36m</div>[39m
[36m</body>[39m
   × RenderBrowser observability workflow > shows detail-not-found after a successful refresh removes the inspected Render 1010ms
     → Unable to find role="button" and name "Inspect render Connected render"

Ignored nodes: comments, script, style
[36m<body>[39m
  [36m<div>[39m
    [36m<section[39m
      [33maria-label[39m=[32m"Single-Project render summaries"[39m
      [33mclass[39m=[32m"ff-render-browser"[39m
    [36m>[39m
      [36m<header[39m
        [33mclass[39m=[32m"ff-render-browser-heading"[39m
      [36m>[39m
        [36m<div>[39m
          [36m<span>[39m
            [0mOperations · read-only[0m
          [36m</span>[39m
          [36m<h1>[39m
            [0mProject renders[0m
          [36m</h1>[39m
          [36m<p>[39m
            [0mFind and inspect safe render job summaries supplied for one explicit Project. This view cannot control jobs.[0m
          [36m</p>[39m
        [36m</div>[39m
      [36m</header>[39m
      [36m<p[39m
        [33mclass[39m=[32m"ff-render-origin ff-render-origin--unavailable"[39m
      [36m>[39m
        [36m<span[39m
          [33mclass[39m=[32m"ff-badge ff-badge--neutral"[39m
        [36m>[39m
          [0mRENDER SOURCE UNAVAILABLE · no request was sent[0m
        [36m</span>[39m
      [36m</p>[39m
      [36m<div[39m
        [33mclass[39m=[32m"ff-property-row"[39m
      [36m>[39m
        [36m<span>[39m
          [0mSource Project ID[0m
        [36m</span>[39m
        [36m<div>[39m
          [36m<code>[39m
            [0mproject-1[0m
          [36m</code>[39m
        [36m</div>[39m
      [36m</div>[39m
      [36m<p[39m
        [33mclass[39m=[32m"ff-render-boundary"[39m
      [36m>[39m
        [0mScope comes only from the source Project shown above. Results are bounded and are not a global render inventory.[0m
      [36m</p>[39m
      [36m<section[39m
        [33maria-busy[39m=[32m"false"[39m
        [33maria-labelledby[39m=[32m"_r_d_"[39m
        [33maria-live[39m=[32m"polite"[39m
        [33mclass[39m=[32m"ff-state ff-state--blocked"[39m
      [36m>[39m
        [36m<span[39m
          [33mclass[39m=[32m"ff-state__code"[39m
        [36m>[39m
          [0mBLOCKED[0m
        [36m</span>[39m
        [36m<h2[39m
          [33mid[39m=[32m"_r_d_"[39m
        [36m>[39m
          [0mRender summary access unknown[0m
        [36m</h2>[39m
        [36m<div>[39m
          [36m<p>[39m
            [0mAccess or Project scope could not be established, so the request remained fail-closed.[0m
          [36m</p>[39m
        [36m</div>[39m
      [36m</section>[39m
    [36m</section>[39m
  [36m</div>[39m
[36m</body>[39m

Ignored nodes: comments, script, style
[36m<body>[39m
  [36m<div>[39m
    [36m<section[39m
      [33maria-label[39m=[32m"Single-Project render summaries"[39m
      [33mclass[39m=[32m"ff-render-browser"[39m
    [36m>[39m
      [36m<header[39m
        [33mclass[39m=[32m"ff-render-browser-heading"[39m
      [36m>[39m
        [36m<div>[39m
          [36m<span>[39m
            [0mOperations · read-only[0m
          [36m</span>[39m
          [36m<h1>[39m
            [0mProject renders[0m
          [36m</h1>[39m
          [36m<p>[39m
            [0mFind and inspect safe render job summaries supplied for one explicit Project. This view cannot control jobs.[0m
          [36m</p>[39m
        [36m</div>[39m
      [36m</header>[39m
      [36m<p[39m
        [33mclass[39m=[32m"ff-render-origin ff-render-origin--unavailable"[39m
      [36m>[39m
        [36m<span[39m
          [33mclass[39m=[32m"ff-badge ff-badge--neutral"[39m
        [36m>[39m
          [0mRENDER SOURCE UNAVAILABLE · no request was sent[0m
        [36m</span>[39m
      [36m</p>[39m
      [36m<div[39m
        [33mclass[39m=[32m"ff-property-row"[39m
      [36m>[39m
        [36m<span>[39m
          [0mSource Project ID[0m
        [36m</span>[39m
        [36m<div>[39m
          [36m<code>[39m
            [0mproject-1[0m
          [36m</code>[39m
        [36m</div>[39m
      [36m</div>[39m
      [36m<p[39m
        [33mclass[39m=[32m"ff-render-boundary"[39m
      [36m>[39m
        [0mScope comes only from the source Project shown above. Results are bounded and are not a global render inventory.[0m
      [36m</p>[39m
      [36m<section[39m
        [33maria-busy[39m=[32m"false"[39m
        [33maria-labelledby[39m=[32m"_r_d_"[39m
        [33maria-live[39m=[32m"polite"[39m
        [33mclass[39m=[32m"ff-state ff-state--blocked"[39m
      [36m>[39m
        [36m<span[39m
          [33mclass[39m=[32m"ff-state__code"[39m
        [36m>[39m
          [0mBLOCKED[0m
        [36m</span>[39m
        [36m<h2[39m
          [33mid[39m=[32m"_r_d_"[39m
        [36m>[39m
          [0mRender summary access unknown[0m
        [36m</h2>[39m
        [36m<div>[39m
          [36m<p>[39m
            [0mAccess or Project scope could not be established, so the request remained fail-closed.[0m
          [36m</p>[39m
        [36m</div>[39m
      [36m</section>[39m
    [36m</section>[39m
  [36m</div>[39m
[36m</body>[39m
   × RenderBrowser observability workflow > retires a pending valid reply on principalId change 1015ms
     → Unable to find an element with the text: Connected render. This could be because the text is broken up by multiple elements. In this case, you can provide a function for your text matcher to make your matcher more flexible.

Ignored nodes: comments, script, style
[36m<body>[39m
  [36m<div>[39m
    [36m<section[39m
      [33maria-label[39m=[32m"Single-Project render summaries"[39m
      [33mclass[39m=[32m"ff-render-browser"[39m
    [36m>[39m
      [36m<header[39m
        [33mclass[39m=[32m"ff-render-browser-heading"[39m
      [36m>[39m
        [36m<div>[39m
          [36m<span>[39m
            [0mOperations · read-only[0m
          [36m</span>[39m
          [36m<h1>[39m
            [0mProject renders[0m
          [36m</h1>[39m
          [36m<p>[39m
            [0mFind and inspect safe render job summaries supplied for one explicit Project. This view cannot control jobs.[0m
          [36m</p>[39m
        [36m</div>[39m
      [36m</header>[39m
      [36m<p[39m
        [33mclass[39m=[32m"ff-render-origin ff-render-origin--unavailable"[39m
      [36m>[39m
        [36m<span[39m
          [33mclass[39m=[32m"ff-badge ff-badge--neutral"[39m
        [36m>[39m
          [0mRENDER SOURCE UNAVAILABLE · no request was sent[0m
        [36m</span>[39m
      [36m</p>[39m
      [36m<div[39m
        [33mclass[39m=[32m"ff-property-row"[39m
      [36m>[39m
        [36m<span>[39m
          [0mSource Project ID[0m
        [36m</span>[39m
        [36m<div>[39m
          [36m<code>[39m
            [0mproject-1[0m
          [36m</code>[39m
        [36m</div>[39m
      [36m</div>[39m
      [36m<p[39m
        [33mclass[39m=[32m"ff-render-boundary"[39m
      [36m>[39m
        [0mScope comes only from the source Project shown above. Results are bounded and are not a global render inventory.[0m
      [36m</p>[39m
      [36m<section[39m
        [33maria-busy[39m=[32m"false"[39m
        [33maria-labelledby[39m=[32m"_r_f_"[39m
        [33maria-live[39m=[32m"polite"[39m
        [33mclass[39m=[32m"ff-state ff-state--blocked"[39m
      [36m>[39m
        [36m<span[39m
          [33mclass[39m=[32m"ff-state__code"[39m
        [36m>[39m
          [0mBLOCKED[0m
        [36m</span>[39m
        [36m<h2[39m
          [33mid[39m=[32m"_r_f_"[39m
        [36m>[39m
          [0mRender summary access unknown[0m
        [36m</h2>[39m
        [36m<div>[39m
          [36m<p>[39m
            [0mAccess or Project scope could not be established, so the request remained fail-closed.[0m
          [36m</p>[39m
        [36m</div>[39m
      [36m</section>[39m
    [36m</section>[39m
  [36m</div>[39m
[36m</body>[39m

Ignored nodes: comments, script, style
[36m<body>[39m
  [36m<div>[39m
    [36m<section[39m
      [33maria-label[39m=[32m"Single-Project render summaries"[39m
      [33mclass[39m=[32m"ff-render-browser"[39m
    [36m>[39m
      [36m<header[39m
        [33mclass[39m=[32m"ff-render-browser-heading"[39m
      [36m>[39m
        [36m<div>[39m
          [36m<span>[39m
            [0mOperations · read-only[0m
          [36m</span>[39m
          [36m<h1>[39m
            [0mProject renders[0m
          [36m</h1>[39m
          [36m<p>[39m
            [0mFind and inspect safe render job summaries supplied for one explicit Project. This view cannot control jobs.[0m
          [36m</p>[39m
        [36m</div>[39m
      [36m</header>[39m
      [36m<p[39m
        [33mclass[39m=[32m"ff-render-origin ff-render-origin--unavailable"[39m
      [36m>[39m
        [36m<span[39m
          [33mclass[39m=[32m"ff-badge ff-badge--neutral"[39m
        [36m>[39m
          [0mRENDER SOURCE UNAVAILABLE · no request was sent[0m
        [36m</span>[39m
      [36m</p>[39m
      [36m<div[39m
        [33mclass[39m=[32m"ff-property-row"[39m
      [36m>[39m
        [36m<span>[39m
          [0mSource Project ID[0m
        [36m</span>[39m
        [36m<div>[39m
          [36m<code>[39m
            [0mproject-1[0m
          [36m</code>[39m
        [36m</div>[39m
      [36m</div>[39m
      [36m<p[39m
        [33mclass[39m=[32m"ff-render-boundary"[39m
      [36m>[39m
        [0mScope comes only from the source Project shown above. Results are bounded and are not a global render inventory.[0m
      [36m</p>[39m
      [36m<section[39m
        [33maria-busy[39m=[32m"false"[39m
        [33maria-labelledby[39m=[32m"_r_f_"[39m
        [33maria-live[39m=[32m"polite"[39m
        [33mclass[39m=[32m"ff-state ff-state--blocked"[39m
      [36m>[39m
        [36m<span[39m
          [33mclass[39m=[32m"ff-state__code"[39m
        [36m>[39m
          [0mBLOCKED[0m
        [36m</span>[39m
        [36m<h2[39m
          [33mid[39m=[32m"_r_f_"[39m
        [36m>[39m
          [0mRender summary access unknown[0m
        [36m</h2>[39m
        [36m<div>[39m
          [36m<p>[39m
            [0mAccess or Project scope could not be established, so the request remained fail-closed.[0m
          [36m</p>[39m
        [36m</div>[39m
      [36m</section>[39m
    [36m</section>[39m
  [36m</div>[39m
[36m</body>[39m
   × RenderBrowser observability workflow > retires a pending valid reply on tenantId change 1015ms
     → Unable to find an element with the text: Connected render. This could be because the text is broken up by multiple elements. In this case, you can provide a function for your text matcher to make your matcher more flexible.

Ignored nodes: comments, script, style
[36m<body>[39m
  [36m<div>[39m
    [36m<section[39m
      [33maria-label[39m=[32m"Single-Project render summaries"[39m
      [33mclass[39m=[32m"ff-render-browser"[39m
    [36m>[39m
      [36m<header[39m
        [33mclass[39m=[32m"ff-render-browser-heading"[39m
      [36m>[39m
        [36m<div>[39m
          [36m<span>[39m
            [0mOperations · read-only[0m
          [36m</span>[39m
          [36m<h1>[39m
            [0mProject renders[0m
          [36m</h1>[39m
          [36m<p>[39m
            [0mFind and inspect safe render job summaries supplied for one explicit Project. This view cannot control jobs.[0m
          [36m</p>[39m
        [36m</div>[39m
      [36m</header>[39m
      [36m<p[39m
        [33mclass[39m=[32m"ff-render-origin ff-render-origin--unavailable"[39m
      [36m>[39m
        [36m<span[39m
          [33mclass[39m=[32m"ff-badge ff-badge--neutral"[39m
        [36m>[39m
          [0mRENDER SOURCE UNAVAILABLE · no request was sent[0m
        [36m</span>[39m
      [36m</p>[39m
      [36m<div[39m
        [33mclass[39m=[32m"ff-property-row"[39m
      [36m>[39m
        [36m<span>[39m
          [0mSource Project ID[0m
        [36m</span>[39m
        [36m<div>[39m
          [36m<code>[39m
            [0mproject-1[0m
          [36m</code>[39m
        [36m</div>[39m
      [36m</div>[39m
      [36m<p[39m
        [33mclass[39m=[32m"ff-render-boundary"[39m
      [36m>[39m
        [0mScope comes only from the source Project shown above. Results are bounded and are not a global render inventory.[0m
      [36m</p>[39m
      [36m<section[39m
        [33maria-busy[39m=[32m"false"[39m
        [33maria-labelledby[39m=[32m"_r_h_"[39m
        [33maria-live[39m=[32m"polite"[39m
        [33mclass[39m=[32m"ff-state ff-state--blocked"[39m
      [36m>[39m
        [36m<span[39m
          [33mclass[39m=[32m"ff-state__code"[39m
        [36m>[39m
          [0mBLOCKED[0m
        [36m</span>[39m
        [36m<h2[39m
          [33mid[39m=[32m"_r_h_"[39m
        [36m>[39m
          [0mRender summary access unknown[0m
        [36m</h2>[39m
        [36m<div>[39m
          [36m<p>[39m
            [0mAccess or Project scope could not be established, so the request remained fail-closed.[0m
          [36m</p>[39m
        [36m</div>[39m
      [36m</section>[39m
    [36m</section>[39m
  [36m</div>[39m
[36m</body>[39m

Ignored nodes: comments, script, style
[36m<body>[39m
  [36m<div>[39m
    [36m<section[39m
      [33maria-label[39m=[32m"Single-Project render summaries"[39m
      [33mclass[39m=[32m"ff-render-browser"[39m
    [36m>[39m
      [36m<header[39m
        [33mclass[39m=[32m"ff-render-browser-heading"[39m
      [36m>[39m
        [36m<div>[39m
          [36m<span>[39m
            [0mOperations · read-only[0m
          [36m</span>[39m
          [36m<h1>[39m
            [0mProject renders[0m
          [36m</h1>[39m
          [36m<p>[39m
            [0mFind and inspect safe render job summaries supplied for one explicit Project. This view cannot control jobs.[0m
          [36m</p>[39m
        [36m</div>[39m
      [36m</header>[39m
      [36m<p[39m
        [33mclass[39m=[32m"ff-render-origin ff-render-origin--unavailable"[39m
      [36m>[39m
        [36m<span[39m
          [33mclass[39m=[32m"ff-badge ff-badge--neutral"[39m
        [36m>[39m
          [0mRENDER SOURCE UNAVAILABLE · no request was sent[0m
        [36m</span>[39m
      [36m</p>[39m
      [36m<div[39m
        [33mclass[39m=[32m"ff-property-row"[39m
      [36m>[39m
        [36m<span>[39m
          [0mSource Project ID[0m
        [36m</span>[39m
        [36m<div>[39m
          [36m<code>[39m
            [0mproject-1[0m
          [36m</code>[39m
        [36m</div>[39m
      [36m</div>[39m
      [36m<p[39m
        [33mclass[39m=[32m"ff-render-boundary"[39m
      [36m>[39m
        [0mScope comes only from the source Project shown above. Results are bounded and are not a global render inventory.[0m
      [36m</p>[39m
      [36m<section[39m
        [33maria-busy[39m=[32m"false"[39m
        [33maria-labelledby[39m=[32m"_r_h_"[39m
        [33maria-live[39m=[32m"polite"[39m
        [33mclass[39m=[32m"ff-state ff-state--blocked"[39m
      [36m>[39m
        [36m<span[39m
          [33mclass[39m=[32m"ff-state__code"[39m
        [36m>[39m
          [0mBLOCKED[0m
        [36m</span>[39m
        [36m<h2[39m
          [33mid[39m=[32m"_r_h_"[39m
        [36m>[39m
          [0mRender summary access unknown[0m
        [36m</h2>[39m
        [36m<div>[39m
          [36m<p>[39m
            [0mAccess or Project scope could not be established, so the request remained fail-closed.[0m
          [36m</p>[39m
        [36m</div>[39m
      [36m</section>[39m
    [36m</section>[39m
  [36m</div>[39m
[36m</body>[39m
   × RenderBrowser observability workflow > retires a pending valid reply on sessionId change 1014ms
     → Unable to find an element with the text: Connected render. This could be because the text is broken up by multiple elements. In this case, you can provide a function for your text matcher to make your matcher more flexible.

Ignored nodes: comments, script, style
[36m<body>[39m
  [36m<div>[39m
    [36m<section[39m
      [33maria-label[39m=[32m"Single-Project render summaries"[39m
      [33mclass[39m=[32m"ff-render-browser"[39m
    [36m>[39m
      [36m<header[39m
        [33mclass[39m=[32m"ff-render-browser-heading"[39m
      [36m>[39m
        [36m<div>[39m
          [36m<span>[39m
            [0mOperations · read-only[0m
          [36m</span>[39m
          [36m<h1>[39m
            [0mProject renders[0m
          [36m</h1>[39m
          [36m<p>[39m
            [0mFind and inspect safe render job summaries supplied for one explicit Project. This view cannot control jobs.[0m
          [36m</p>[39m
        [36m</div>[39m
      [36m</header>[39m
      [36m<p[39m
        [33mclass[39m=[32m"ff-render-origin ff-render-origin--unavailable"[39m
      [36m>[39m
        [36m<span[39m
          [33mclass[39m=[32m"ff-badge ff-badge--neutral"[39m
        [36m>[39m
          [0mRENDER SOURCE UNAVAILABLE · no request was sent[0m
        [36m</span>[39m
      [36m</p>[39m
      [36m<div[39m
        [33mclass[39m=[32m"ff-property-row"[39m
      [36m>[39m
        [36m<span>[39m
          [0mSource Project ID[0m
        [36m</span>[39m
        [36m<div>[39m
          [36m<code>[39m
            [0mproject-1[0m
          [36m</code>[39m
        [36m</div>[39m
      [36m</div>[39m
      [36m<p[39m
        [33mclass[39m=[32m"ff-render-boundary"[39m
      [36m>[39m
        [0mScope comes only from the source Project shown above. Results are bounded and are not a global render inventory.[0m
      [36m</p>[39m
      [36m<section[39m
        [33maria-busy[39m=[32m"false"[39m
        [33maria-labelledby[39m=[32m"_r_j_"[39m
        [33maria-live[39m=[32m"polite"[39m
        [33mclass[39m=[32m"ff-state ff-state--blocked"[39m
      [36m>[39m
        [36m<span[39m
          [33mclass[39m=[32m"ff-state__code"[39m
        [36m>[39m
          [0mBLOCKED[0m
        [36m</span>[39m
        [36m<h2[39m
          [33mid[39m=[32m"_r_j_"[39m
        [36m>[39m
          [0mRender summary access unknown[0m
        [36m</h2>[39m
        [36m<div>[39m
          [36m<p>[39m
            [0mAccess or Project scope could not be established, so the request remained fail-closed.[0m
          [36m</p>[39m
        [36m</div>[39m
      [36m</section>[39m
    [36m</section>[39m
  [36m</div>[39m
[36m</body>[39m

Ignored nodes: comments, script, style
[36m<body>[39m
  [36m<div>[39m
    [36m<section[39m
      [33maria-label[39m=[32m"Single-Project render summaries"[39m
      [33mclass[39m=[32m"ff-render-browser"[39m
    [36m>[39m
      [36m<header[39m
        [33mclass[39m=[32m"ff-render-browser-heading"[39m
      [36m>[39m
        [36m<div>[39m
          [36m<span>[39m
            [0mOperations · read-only[0m
          [36m</span>[39m
          [36m<h1>[39m
            [0mProject renders[0m
          [36m</h1>[39m
          [36m<p>[39m
            [0mFind and inspect safe render job summaries supplied for one explicit Project. This view cannot control jobs.[0m
          [36m</p>[39m
        [36m</div>[39m
      [36m</header>[39m
      [36m<p[39m
        [33mclass[39m=[32m"ff-render-origin ff-render-origin--unavailable"[39m
      [36m>[39m
        [36m<span[39m
          [33mclass[39m=[32m"ff-badge ff-badge--neutral"[39m
        [36m>[39m
          [0mRENDER SOURCE UNAVAILABLE · no request was sent[0m
        [36m</span>[39m
      [36m</p>[39m
      [36m<div[39m
        [33mclass[39m=[32m"ff-property-row"[39m
      [36m>[39m
        [36m<span>[39m
          [0mSource Project ID[0m
        [36m</span>[39m
        [36m<div>[39m
          [36m<code>[39m
            [0mproject-1[0m
          [36m</code>[39m
        [36m</div>[39m
      [36m</div>[39m
      [36m<p[39m
        [33mclass[39m=[32m"ff-render-boundary"[39m
      [36m>[39m
        [0mScope comes only from the source Project shown above. Results are bounded and are not a global render inventory.[0m
      [36m</p>[39m
      [36m<section[39m
        [33maria-busy[39m=[32m"false"[39m
        [33maria-labelledby[39m=[32m"_r_j_"[39m
        [33maria-live[39m=[32m"polite"[39m
        [33mclass[39m=[32m"ff-state ff-state--blocked"[39m
      [36m>[39m
        [36m<span[39m
          [33mclass[39m=[32m"ff-state__code"[39m
        [36m>[39m
          [0mBLOCKED[0m
        [36m</span>[39m
        [36m<h2[39m
          [33mid[39m=[32m"_r_j_"[39m
        [36m>[39m
          [0mRender summary access unknown[0m
        [36m</h2>[39m
        [36m<div>[39m
          [36m<p>[39m
            [0mAccess or Project scope could not be established, so the request remained fail-closed.[0m
          [36m</p>[39m
        [36m</div>[39m
      [36m</section>[39m
    [36m</section>[39m
  [36m</div>[39m
[36m</body>[39m
   × RenderBrowser observability workflow > retires a pending valid reply on projectId change 1014ms
     → Unable to find an element with the text: Connected render. This could be because the text is broken up by multiple elements. In this case, you can provide a function for your text matcher to make your matcher more flexible.

Ignored nodes: comments, script, style
[36m<body>[39m
  [36m<div>[39m
    [36m<section[39m
      [33maria-label[39m=[32m"Single-Project render summaries"[39m
      [33mclass[39m=[32m"ff-render-browser"[39m
    [36m>[39m
      [36m<header[39m
        [33mclass[39m=[32m"ff-render-browser-heading"[39m
      [36m>[39m
        [36m<div>[39m
          [36m<span>[39m
            [0mOperations · read-only[0m
          [36m</span>[39m
          [36m<h1>[39m
            [0mProject renders[0m
          [36m</h1>[39m
          [36m<p>[39m
            [0mFind and inspect safe render job summaries supplied for one explicit Project. This view cannot control jobs.[0m
          [36m</p>[39m
        [36m</div>[39m
      [36m</header>[39m
      [36m<p[39m
        [33mclass[39m=[32m"ff-render-origin ff-render-origin--unavailable"[39m
      [36m>[39m
        [36m<span[39m
          [33mclass[39m=[32m"ff-badge ff-badge--neutral"[39m
        [36m>[39m
          [0mRENDER SOURCE UNAVAILABLE · no request was sent[0m
        [36m</span>[39m
      [36m</p>[39m
      [36m<div[39m
        [33mclass[39m=[32m"ff-property-row"[39m
      [36m>[39m
        [36m<span>[39m
          [0mSource Project ID[0m
        [36m</span>[39m
        [36m<div>[39m
          [36m<code>[39m
            [0mproject-2[0m
          [36m</code>[39m
        [36m</div>[39m
      [36m</div>[39m
      [36m<p[39m
        [33mclass[39m=[32m"ff-render-boundary"[39m
      [36m>[39m
        [0mScope comes only from the source Project shown above. Results are bounded and are not a global render inventory.[0m
      [36m</p>[39m
      [36m<section[39m
        [33maria-busy[39m=[32m"false"[39m
        [33maria-labelledby[39m=[32m"_r_l_"[39m
        [33maria-live[39m=[32m"polite"[39m
        [33mclass[39m=[32m"ff-state ff-state--blocked"[39m
      [36m>[39m
        [36m<span[39m
          [33mclass[39m=[32m"ff-state__code"[39m
        [36m>[39m
          [0mBLOCKED[0m
        [36m</span>[39m
        [36m<h2[39m
          [33mid[39m=[32m"_r_l_"[39m
        [36m>[39m
          [0mRender summary access unknown[0m
        [36m</h2>[39m
        [36m<div>[39m
          [36m<p>[39m
            [0mAccess or Project scope could not be established, so the request remained fail-closed.[0m
          [36m</p>[39m
        [36m</div>[39m
      [36m</section>[39m
    [36m</section>[39m
  [36m</div>[39m
[36m</body>[39m

Ignored nodes: comments, script, style
[36m<body>[39m
  [36m<div>[39m
    [36m<section[39m
      [33maria-label[39m=[32m"Single-Project render summaries"[39m
      [33mclass[39m=[32m"ff-render-browser"[39m
    [36m>[39m
      [36m<header[39m
        [33mclass[39m=[32m"ff-render-browser-heading"[39m
      [36m>[39m
        [36m<div>[39m
          [36m<span>[39m
            [0mOperations · read-only[0m
          [36m</span>[39m
          [36m<h1>[39m
            [0mProject renders[0m
          [36m</h1>[39m
          [36m<p>[39m
            [0mFind and inspect safe render job summaries supplied for one explicit Project. This view cannot control jobs.[0m
          [36m</p>[39m
        [36m</div>[39m
      [36m</header>[39m
      [36m<p[39m
        [33mclass[39m=[32m"ff-render-origin ff-render-origin--unavailable"[39m
      [36m>[39m
        [36m<span[39m
          [33mclass[39m=[32m"ff-badge ff-badge--neutral"[39m
        [36m>[39m
          [0mRENDER SOURCE UNAVAILABLE · no request was sent[0m
        [36m</span>[39m
      [36m</p>[39m
      [36m<div[39m
        [33mclass[39m=[32m"ff-property-row"[39m
      [36m>[39m
        [36m<span>[39m
          [0mSource Project ID[0m
        [36m</span>[39m
        [36m<div>[39m
          [36m<code>[39m
            [0mproject-2[0m
          [36m</code>[39m
        [36m</div>[39m
      [36m</div>[39m
      [36m<p[39m
        [33mclass[39m=[32m"ff-render-boundary"[39m
      [36m>[39m
        [0mScope comes only from the source Project shown above. Results are bounded and are not a global render inventory.[0m
      [36m</p>[39m
      [36m<section[39m
        [33maria-busy[39m=[32m"false"[39m
        [33maria-labelledby[39m=[32m"_r_l_"[39m
        [33maria-live[39m=[32m"polite"[39m
        [33mclass[39m=[32m"ff-state ff-state--blocked"[39m
      [36m>[39m
        [36m<span[39m
          [33mclass[39m=[32m"ff-state__code"[39m
        [36m>[39m
          [0mBLOCKED[0m
        [36m</span>[39m
        [36m<h2[39m
          [33mid[39m=[32m"_r_l_"[39m
        [36m>[39m
          [0mRender summary access unknown[0m
        [36m</h2>[39m
        [36m<div>[39m
          [36m<p>[39m
            [0mAccess or Project scope could not be established, so the request remained fail-closed.[0m
          [36m</p>[39m
        [36m</div>[39m
      [36m</section>[39m
    [36m</section>[39m
  [36m</div>[39m
[36m</body>[39m
   × RenderBrowser observability workflow > retires a pending read on Selection owner retirement and rejects its late success 28ms
     → Unable to find an accessible element with the role "heading" and name "Render context retired"

Here are the accessible roles:

  region:

  Name "Single-Project render summaries":
  [36m<section[39m
    [33maria-label[39m=[32m"Single-Project render summaries"[39m
    [33mclass[39m=[32m"ff-render-browser"[39m
  [36m/>[39m

  Name "Render summary access unknown":
  [36m<section[39m
    [33maria-busy[39m=[32m"false"[39m
    [33maria-labelledby[39m=[32m"_r_m_"[39m
    [33maria-live[39m=[32m"polite"[39m
    [33mclass[39m=[32m"ff-state ff-state--blocked"[39m
  [36m/>[39m

  --------------------------------------------------
  banner:

  Name "":
  [36m<header[39m
    [33mclass[39m=[32m"ff-render-browser-heading"[39m
  [36m/>[39m

  --------------------------------------------------
  heading:

  Name "Project renders":
  [36m<h1 />[39m

  Name "Render summary access unknown":
  [36m<h2[39m
    [33mid[39m=[32m"_r_m_"[39m
  [36m/>[39m

  --------------------------------------------------
  paragraph:

  Name "":
  [36m<p />[39m

  Name "":
  [36m<p[39m
    [33mclass[39m=[32m"ff-render-origin ff-render-origin--unavailable"[39m
  [36m/>[39m

  Name "":
  [36m<p[39m
    [33mclass[39m=[32m"ff-render-boundary"[39m
  [36m/>[39m

  Name "":
  [36m<p />[39m

  --------------------------------------------------
  code:

  Name "":
  [36m<code />[39m

  --------------------------------------------------

Ignored nodes: comments, script, style
[36m<body>[39m
  [36m<div>[39m
    [36m<section[39m
      [33maria-label[39m=[32m"Single-Project render summaries"[39m
      [33mclass[39m=[32m"ff-render-browser"[39m
    [36m>[39m
      [36m<header[39m
        [33mclass[39m=[32m"ff-render-browser-heading"[39m
      [36m>[39m
        [36m<div>[39m
          [36m<span>[39m
            [0mOperations · read-only[0m
          [36m</span>[39m
          [36m<h1>[39m
            [0mProject renders[0m
          [36m</h1>[39m
          [36m<p>[39m
            [0mFind and inspect safe render job summaries supplied for one explicit Project. This view cannot control jobs.[0m
          [36m</p>[39m
        [36m</div>[39m
      [36m</header>[39m
      [36m<p[39m
        [33mclass[39m=[32m"ff-render-origin ff-render-origin--unavailable"[39m
      [36m>[39m
        [36m<span[39m
          [33mclass[39m=[32m"ff-badge ff-badge--neutral"[39m
        [36m>[39m
          [0mRENDER SOURCE UNAVAILABLE · no request was sent[0m
        [36m</span>[39m
      [36m</p>[39m
      [36m<div[39m
        [33mclass[39m=[32m"ff-property-row"[39m
      [36m>[39m
        [36m<span>[39m
          [0mSource Project ID[0m
        [36m</span>[39m
        [36m<div>[39m
          [36m<code>[39m
            [0mproject-1[0m
          [36m</code>[39m
        [36m</div>[39m
      [36m</div>[39m
      [36m<p[39m
        [33mclass[39m=[32m"ff-render-boundary"[39m
      [36m>[39m
        [0mScope comes only from the source Project shown above. Results are bounded and are not a global render inventory.[0m
      [36m</p>[39m
      [36m<section[39m
        [33maria-busy[39m=[32m"false"[39m
        [33maria-labelledby[39m=[32m"_r_m_"[39m
        [33maria-live[39m=[32m"polite"[39m
        [33mclass[39m=[32m"ff-state ff-state--blocked"[39m
      [36m>[39m
        [36m<span[39m
          [33mclass[39m=[32m"ff-state__code"[39m
        [36m>[39m
          [0mBLOCKED[0m
        [36m</span>[39m
        [36m<h2[39m
          [33mid[39m=[32m"_r_m_"[39m
        [36m>[39m
          [0mRender summary access unknown[0m
        [36m</h2>[39m
        [36m<div>[39m
          [36m<p>[39m
            [0mAccess or Project scope could not be established, so the request remained fail-closed.[0m
          [36m</p>[39m
        [36m</div>[39m
      [36m</section>[39m
    [36m</section>[39m
  [36m</div>[39m
[36m</body>[39m
   × RenderBrowser observability workflow > rebinds only to a fresh pageshow Selection owner after clearing ready data 1006ms
     → Unable to find an element with the text: Connected render. This could be because the text is broken up by multiple elements. In this case, you can provide a function for your text matcher to make your matcher more flexible.

Ignored nodes: comments, script, style
[36m<body>[39m
  [36m<div>[39m
    [36m<section[39m
      [33maria-label[39m=[32m"Single-Project render summaries"[39m
      [33mclass[39m=[32m"ff-render-browser"[39m
    [36m>[39m
      [36m<header[39m
        [33mclass[39m=[32m"ff-render-browser-heading"[39m
      [36m>[39m
        [36m<div>[39m
          [36m<span>[39m
            [0mOperations · read-only[0m
          [36m</span>[39m
          [36m<h1>[39m
            [0mProject renders[0m
          [36m</h1>[39m
          [36m<p>[39m
            [0mFind and inspect safe render job summaries supplied for one explicit Project. This view cannot control jobs.[0m
          [36m</p>[39m
        [36m</div>[39m
      [36m</header>[39m
      [36m<p[39m
        [33mclass[39m=[32m"ff-render-origin ff-render-origin--unavailable"[39m
      [36m>[39m
        [36m<span[39m
          [33mclass[39m=[32m"ff-badge ff-badge--neutral"[39m
        [36m>[39m
          [0mRENDER SOURCE UNAVAILABLE · no request was sent[0m
        [36m</span>[39m
      [36m</p>[39m
      [36m<div[39m
        [33mclass[39m=[32m"ff-property-row"[39m
      [36m>[39m
        [36m<span>[39m
          [0mSource Project ID[0m
        [36m</span>[39m
        [36m<div>[39m
          [36m<code>[39m
            [0mproject-1[0m
          [36m</code>[39m
        [36m</div>[39m
      [36m</div>[39m
      [36m<p[39m
        [33mclass[39m=[32m"ff-render-boundary"[39m
      [36m>[39m
        [0mScope comes only from the source Project shown above. Results are bounded and are not a global render inventory.[0m
      [36m</p>[39m
      [36m<section[39m
        [33maria-busy[39m=[32m"false"[39m
        [33maria-labelledby[39m=[32m"_r_n_"[39m
        [33maria-live[39m=[32m"polite"[39m
        [33mclass[39m=[32m"ff-state ff-state--blocked"[39m
      [36m>[39m
        [36m<span[39m
          [33mclass[39m=[32m"ff-state__code"[39m
        [36m>[39m
          [0mBLOCKED[0m
        [36m</span>[39m
        [36m<h2[39m
          [33mid[39m=[32m"_r_n_"[39m
        [36m>[39m
          [0mRender summary access unknown[0m
        [36m</h2>[39m
        [36m<div>[39m
          [36m<p>[39m
            [0mAccess or Project scope could not be established, so the request remained fail-closed.[0m
          [36m</p>[39m
        [36m</div>[39m
      [36m</section>[39m
    [36m</section>[39m
  [36m</div>[39m
[36m</body>[39m

Ignored nodes: comments, script, style
[36m<body>[39m
  [36m<div>[39m
    [36m<section[39m
      [33maria-label[39m=[32m"Single-Project render summaries"[39m
      [33mclass[39m=[32m"ff-render-browser"[39m
    [36m>[39m
      [36m<header[39m
        [33mclass[39m=[32m"ff-render-browser-heading"[39m
      [36m>[39m
        [36m<div>[39m
          [36m<span>[39m
            [0mOperations · read-only[0m
          [36m</span>[39m
          [36m<h1>[39m
            [0mProject renders[0m
          [36m</h1>[39m
          [36m<p>[39m
            [0mFind and inspect safe render job summaries supplied for one explicit Project. This view cannot control jobs.[0m
          [36m</p>[39m
        [36m</div>[39m
      [36m</header>[39m
      [36m<p[39m
        [33mclass[39m=[32m"ff-render-origin ff-render-origin--unavailable"[39m
      [36m>[39m
        [36m<span[39m
          [33mclass[39m=[32m"ff-badge ff-badge--neutral"[39m
        [36m>[39m
          [0mRENDER SOURCE UNAVAILABLE · no request was sent[0m
        [36m</span>[39m
      [36m</p>[39m
      [36m<div[39m
        [33mclass[39m=[32m"ff-property-row"[39m
      [36m>[39m
        [36m<span>[39m
          [0mSource Project ID[0m
        [36m</span>[39m
        [36m<div>[39m
          [36m<code>[39m
            [0mproject-1[0m
          [36m</code>[39m
        [36m</div>[39m
      [36m</div>[39m
      [36m<p[39m
        [33mclass[39m=[32m"ff-render-boundary"[39m
      [36m>[39m
        [0mScope comes only from the source Project shown above. Results are bounded and are not a global render inventory.[0m
      [36m</p>[39m
      [36m<section[39m
        [33maria-busy[39m=[32m"false"[39m
        [33maria-labelledby[39m=[32m"_r_n_"[39m
        [33maria-live[39m=[32m"polite"[39m
        [33mclass[39m=[32m"ff-state ff-state--blocked"[39m
      [36m>[39m
        [36m<span[39m
          [33mclass[39m=[32m"ff-state__code"[39m
        [36m>[39m
          [0mBLOCKED[0m
        [36m</span>[39m
        [36m<h2[39m
          [33mid[39m=[32m"_r_n_"[39m
        [36m>[39m
          [0mRender summary access unknown[0m
        [36m</h2>[39m
        [36m<div>[39m
          [36m<p>[39m
            [0mAccess or Project scope could not be established, so the request remained fail-closed.[0m
          [36m</p>[39m
        [36m</div>[39m
      [36m</section>[39m
    [36m</section>[39m
  [36m</div>[39m
[36m</body>[39m
   × RenderBrowser observability workflow > is unavailable with no injected source and localizes the complete workflow in Chinese 23ms
     → Unable to find an accessible element with the role "heading" and name "Render observability unavailable"

Here are the accessible roles:

  region:

  Name "Single-Project render summaries":
  [36m<section[39m
    [33maria-label[39m=[32m"Single-Project render summaries"[39m
    [33mclass[39m=[32m"ff-render-browser"[39m
  [36m/>[39m

  Name "Render summaries unavailable":
  [36m<section[39m
    [33maria-busy[39m=[32m"false"[39m
    [33maria-labelledby[39m=[32m"_r_o_"[39m
    [33maria-live[39m=[32m"polite"[39m
    [33mclass[39m=[32m"ff-state ff-state--unavailable"[39m
  [36m/>[39m

  --------------------------------------------------
  banner:

  Name "":
  [36m<header[39m
    [33mclass[39m=[32m"ff-render-browser-heading"[39m
  [36m/>[39m

  --------------------------------------------------
  heading:

  Name "Project renders":
  [36m<h1 />[39m

  Name "Render summaries unavailable":
  [36m<h2[39m
    [33mid[39m=[32m"_r_o_"[39m
  [36m/>[39m

  --------------------------------------------------
  paragraph:

  Name "":
  [36m<p />[39m

  Name "":
  [36m<p[39m
    [33mclass[39m=[32m"ff-render-origin ff-render-origin--unavailable"[39m
  [36m/>[39m

  Name "":
  [36m<p[39m
    [33mclass[39m=[32m"ff-render-boundary"[39m
  [36m/>[39m

  Name "":
  [36m<p />[39m

  --------------------------------------------------
  code:

  Name "":
  [36m<code />[39m

  --------------------------------------------------

Ignored nodes: comments, script, style
[36m<body>[39m
  [36m<div>[39m
    [36m<section[39m
      [33maria-label[39m=[32m"Single-Project render summaries"[39m
      [33mclass[39m=[32m"ff-render-browser"[39m
    [36m>[39m
      [36m<header[39m
        [33mclass[39m=[32m"ff-render-browser-heading"[39m
      [36m>[39m
        [36m<div>[39m
          [36m<span>[39m
            [0mOperations · read-only[0m
          [36m</span>[39m
          [36m<h1>[39m
            [0mProject renders[0m
          [36m</h1>[39m
          [36m<p>[39m
            [0mFind and inspect safe render job summaries supplied for one explicit Project. This view cannot control jobs.[0m
          [36m</p>[39m
        [36m</div>[39m
      [36m</header>[39m
      [36m<p[39m
        [33mclass[39m=[32m"ff-render-origin ff-render-origin--unavailable"[39m
      [36m>[39m
        [36m<span[39m
          [33mclass[39m=[32m"ff-badge ff-badge--neutral"[39m
        [36m>[39m
          [0mRENDER SOURCE UNAVAILABLE · no request was sent[0m
        [36m</span>[39m
      [36m</p>[39m
      [36m<div[39m
        [33mclass[39m=[32m"ff-property-row"[39m
      [36m>[39m
        [36m<span>[39m
          [0mSource Project ID[0m
        [36m</span>[39m
        [36m<div>[39m
          [36m<code>[39m
            [0munconfigured[0m
          [36m</code>[39m
        [36m</div>[39m
      [36m</div>[39m
      [36m<p[39m
        [33mclass[39m=[32m"ff-render-boundary"[39m
      [36m>[39m
        [0mScope comes only from the source Project shown above. Results are bounded and are not a global render inventory.[0m
      [36m</p>[39m
      [36m<section[39m
        [33maria-busy[39m=[32m"false"[39m
        [33maria-labelledby[39m=[32m"_r_o_"[39m
        [33maria-live[39m=[32m"polite"[39m
        [33mclass[39m=[32m"ff-state ff-state--unavailable"[39m
      [36m>[39m
        [36m<span[39m
          [33mclass[39m=[32m"ff-state__code"[39m
        [36m>[39m
          [0mUNAVAILABLE[0m
        [36m</span>[39m
        [36m<h2[39m
          [33mid[39m=[32m"_r_o_"[39m
        [36m>[39m
          [0mRender summaries unavailable[0m
        [36m</h2>[39m
        [36m<div>[39m
          [36m<p>[39m
            [0mNo authenticated, session-bound, single-Project render source is configured for this view.[0m
          [36m</p>[39m
        [36m</div>[39m
      [36m</section>[39m
    [36m</section>[39m
  [36m</div>[39m
[36m</body>[39m

⎯⎯⎯⎯⎯⎯ Failed Tests 35 ⎯⎯⎯⎯⎯⎯⎯

 FAIL  src/product/render-browser/RenderBrowser.test.tsx > RenderBrowser observability workflow > uses explicit provider injection and remains usable through StrictMode adapter registration replay
TestingLibraryElementError: Unable to find an element with the text: Connected render. This could be because the text is broken up by multiple elements. In this case, you can provide a function for your text matcher to make your matcher more flexible.

Ignored nodes: comments, script, style
[36m<body>[39m
  [36m<div>[39m
    [36m<section[39m
      [33maria-label[39m=[32m"Single-Project render summaries"[39m
      [33mclass[39m=[32m"ff-render-browser"[39m
    [36m>[39m
      [36m<header[39m
        [33mclass[39m=[32m"ff-render-browser-heading"[39m
      [36m>[39m
        [36m<div>[39m
          [36m<span>[39m
            [0mOperations · read-only[0m
          [36m</span>[39m
          [36m<h1>[39m
            [0mProject renders[0m
          [36m</h1>[39m
          [36m<p>[39m
            [0mFind and inspect safe render job summaries supplied for one explicit Project. This view cannot control jobs.[0m
          [36m</p>[39m
        [36m</div>[39m
      [36m</header>[39m
      [36m<p[39m
        [33mclass[39m=[32m"ff-render-origin ff-render-origin--unavailable"[39m
      [36m>[39m
        [36m<span[39m
          [33mclass[39m=[32m"ff-badge ff-badge--neutral"[39m
        [36m>[39m
          [0mRENDER SOURCE UNAVAILABLE · no request was sent[0m
        [36m</span>[39m
      [36m</p>[39m
      [36m<div[39m
        [33mclass[39m=[32m"ff-property-row"[39m
      [36m>[39m
        [36m<span>[39m
          [0mSource Project ID[0m
        [36m</span>[39m
        [36m<div>[39m
          [36m<code>[39m
            [0mproject-1[0m
          [36m</code>[39m
        [36m</div>[39m
      [36m</div>[39m
      [36m<p[39m
        [33mclass[39m=[32m"ff-render-boundary"[39m
      [36m>[39m
        [0mScope comes only from the source Project shown above. Results are bounded and are not a global render inventory.[0m
      [36m</p>[39m
      [36m<section[39m
        [33maria-busy[39m=[32m"false"[39m
        [33maria-labelledby[39m=[32m"_r_0_"[39m
        [33maria-live[39m=[32m"polite"[39m
        [33mclass[39m=[32m"ff-state ff-state--blocked"[39m
      [36m>[39m
        [36m<span[39m
          [33mclass[39m=[32m"ff-state__code"[39m
        [36m>[39m
          [0mBLOCKED[0m
        [36m</span>[39m
        [36m<h2[39m
          [33mid[39m=[32m"_r_0_"[39m
        [36m>[39m
          [0mRender summary access unknown[0m
        [36m</h2>[39m
        [36m<div>[39m
          [36m<p>[39m
            [0mAccess or Project scope could not be established, so the request remained fail-closed.[0m
          [36m</p>[39m
        [36m</div>[39m
      [36m</section>[39m
    [36m</section>[39m
  [36m</div>[39m
[36m</body>[39m

Ignored nodes: comments, script, style
[36m<body>[39m
  [36m<div>[39m
    [36m<section[39m
      [33maria-label[39m=[32m"Single-Project render summaries"[39m
      [33mclass[39m=[32m"ff-render-browser"[39m
    [36m>[39m
      [36m<header[39m
        [33mclass[39m=[32m"ff-render-browser-heading"[39m
      [36m>[39m
        [36m<div>[39m
          [36m<span>[39m
            [0mOperations · read-only[0m
          [36m</span>[39m
          [36m<h1>[39m
            [0mProject renders[0m
          [36m</h1>[39m
          [36m<p>[39m
            [0mFind and inspect safe render job summaries supplied for one explicit Project. This view cannot control jobs.[0m
          [36m</p>[39m
        [36m</div>[39m
      [36m</header>[39m
      [36m<p[39m
        [33mclass[39m=[32m"ff-render-origin ff-render-origin--unavailable"[39m
      [36m>[39m
        [36m<span[39m
          [33mclass[39m=[32m"ff-badge ff-badge--neutral"[39m
        [36m>[39m
          [0mRENDER SOURCE UNAVAILABLE · no request was sent[0m
        [36m</span>[39m
      [36m</p>[39m
      [36m<div[39m
        [33mclass[39m=[32m"ff-property-row"[39m
      [36m>[39m
        [36m<span>[39m
          [0mSource Project ID[0m
        [36m</span>[39m
        [36m<div>[39m
          [36m<code>[39m
            [0mproject-1[0m
          [36m</code>[39m
        [36m</div>[39m
      [36m</div>[39m
      [36m<p[39m
        [33mclass[39m=[32m"ff-render-boundary"[39m
      [36m>[39m
        [0mScope comes only from the source Project shown above. Results are bounded and are not a global render inventory.[0m
      [36m</p>[39m
      [36m<section[39m
        [33maria-busy[39m=[32m"false"[39m
        [33maria-labelledby[39m=[32m"_r_0_"[39m
        [33maria-live[39m=[32m"polite"[39m
        [33mclass[39m=[32m"ff-state ff-state--blocked"[39m
      [36m>[39m
        [36m<span[39m
          [33mclass[39m=[32m"ff-state__code"[39m
        [36m>[39m
          [0mBLOCKED[0m
        [36m</span>[39m
        [36m<h2[39m
          [33mid[39m=[32m"_r_0_"[39m
        [36m>[39m
          [0mRender summary access unknown[0m
        [36m</h2>[39m
        [36m<div>[39m
          [36m<p>[39m
            [0mAccess or Project scope could not be established, so the request remained fail-closed.[0m
          [36m</p>[39m
        [36m</div>[39m
      [36m</section>[39m
    [36m</section>[39m
  [36m</div>[39m
[36m</body>[39m
 ❯ waitForWrapper node_modules/@testing-library/dom/dist/wait-for.js:163:27
 ❯ node_modules/@testing-library/dom/dist/query-helpers.js:86:33
 ❯ src/product/render-browser/RenderBrowser.test.tsx:48:25


⎯⎯⎯⎯⎯⎯⎯⎯⎯⎯⎯⎯⎯⎯⎯⎯⎯⎯⎯⎯⎯⎯⎯[1/35]⎯

 FAIL  src/product/render-browser/RenderBrowser.test.tsx > RenderBrowser observability workflow > shows supplied summary data, opaque unknown status, valid progress and current-snapshot disclosure without actions
TestingLibraryElementError: Unable to find role="heading" and name "Render observability"

Ignored nodes: comments, script, style
[36m<body>[39m
  [36m<div>[39m
    [36m<section[39m
      [33maria-label[39m=[32m"Single-Project render summaries"[39m
      [33mclass[39m=[32m"ff-render-browser"[39m
    [36m>[39m
      [36m<header[39m
        [33mclass[39m=[32m"ff-render-browser-heading"[39m
      [36m>[39m
        [36m<div>[39m
          [36m<span>[39m
            [0mOperations · read-only[0m
          [36m</span>[39m
          [36m<h1>[39m
            [0mProject renders[0m
          [36m</h1>[39m
          [36m<p>[39m
            [0mFind and inspect safe render job summaries supplied for one explicit Project. This view cannot control jobs.[0m
          [36m</p>[39m
        [36m</div>[39m
        [36m<button[39m
          [33mclass[39m=[32m"ff-button ff-button--secondary "[39m
        [36m>[39m
          [0mRefresh render summaries[0m
        [36m</button>[39m
      [36m</header>[39m
      [36m<p[39m
        [33mclass[39m=[32m"ff-render-origin ff-render-origin--simulated"[39m
      [36m>[39m
        [36m<span[39m
          [33mclass[39m=[32m"ff-badge ff-badge--warning"[39m
        [36m>[39m
          [0mSIMULATED RENDER DATA · localhost fixture only · no real account or permission[0m
        [36m</span>[39m
      [36m</p>[39m
      [36m<div[39m
        [33mclass[39m=[32m"ff-property-row"[39m
      [36m>[39m
        [36m<span>[39m
          [0mSource Project ID[0m
        [36m</span>[39m
        [36m<div>[39m
          [36m<code>[39m
            [0msimulated-render-project[0m
          [36m</code>[39m
        [36m</div>[39m
      [36m</div>[39m
      [36m<p[39m
        [33mclass[39m=[32m"ff-render-boundary"[39m
      [36m>[39m
        [0mScope comes only from the source Project shown above. Results are bounded and are not a global render inventory.[0m
      [36m</p>[39m
      [36m<div[39m
        [33mclass[39m=[32m"ff-render-controls"[39m
      [36m>[39m
        [36m<input[39m
          [33maria-label[39m=[32m"Search render summaries"[39m
          [33mclass[39m=[32m"ff-input "[39m
          [33mplaceholder[39m=[32m"Search render ID or profile"[39m
          [33mtype[39m=[32m"search"[39m
          [33mvalue[39m=[32m""[39m
        [36m/>[39m
        [36m<label>[39m
          [0mRender status[0m
          [36m<select>[39m
            [36m<option[39m
              [33mvalue[39m=[32m""[39m
            [36m>[39m
              [0mAll established statuses[0m
            [36m</option>[39m
            [36m<option[39m
              [33mvalue[39m=[32m"QUEUED"[39m
            [36m>[39m
              [0mQUEUED[0m
            [36m</option>[39m
            [36m<option[39m
              [33mvalue[39m=[32m"SELECTING_PROVIDER"[39m
            [36m>[39m
              [0mSELECTING_PROVIDER[0m
            [36m</option>[39m
            [36m<option[39m
              [33mvalue[39m=[32m"PROVIDER_SELECTED"[39m
            [36m>[39m
              [0mPROVIDER_SELECTED[0m
            [36m</option>[39m
            [36m<option[39m
              [33mvalue[39m=[32m"EXECUTING"[39m
            [36m>[39m
              [0mEXECUTING[0m
            [36m</option>[39m
            [36m<option[39m
              [33mvalue[39m=[32m"COMPLETING"[39m
            [36m>[39m
              [0mCOMPLETING[0m
            [36m</option>[39m
            [36m<option[39m
              [33mvalue[39m=[32m"COMPLETED"[39m
            [36m>[39m
              [0mCOMPLETED[0m
            [36m</option>[39m
            [36m<option[39m
              [33mvalue[39m=[32m"FAILED"[39m
            [36m>[39m
              [0mFAILED[0m
            [36m</option>[39m
            [36m<option[39m
              [33mvalue[39m=[32m"CANCELLED"[39m
            [36m>[39m
              [0mCANCELLED[0m
            [36m</option>[39m
            [36m<option[39m
              [33mvalue[39m=[32m"REJECTED"[39m
            [36m>[39m
              [0mREJECTED[0m
            [36m</option>[39m
          [36m</select>[39m
        [36m</label>[39m
        [36m<label>[39m
          [0mSort render summaries[0m
          [36m<select>[39m
            [36m<option[39m
              [33mvalue[39m=[32m"id-asc"[39m
            [36m>[39m
              [0mRender ID A–Z[0m
            [36m</option>[39m
            [36m<option[39m
              [33mvalue[39m=[32m"id-desc"[39m
            [36m>[39m
              [0mRender ID Z–A[0m
            [36m</option>[39m
          [36m</select>[39m
        [36m</label>[39m
      [36m</div>[39m
      [36m<p[39m
        [33maria-live[39m=[32m"polite"[39m
        [33mrole[39m=[32m"status"[39m
      [36m>[39m
        [0m3 render summaries loaded · bounded Project snapshot.[0m
      [36m</p>[39m
      [36m<ul[39m
        [33maria-label[39m=[32m"Render summary snapshot"[39m
        [33mclass[39m=[32m"ff-render-browser-list"[39m
      [36m>[39m
        [36m<li>[39m
          [36m<section[39m
            [33mclass[39m=[32m"ff-panel "[39m
          [36m>[39m
            [36m<header[39m
              [33mclass[39m=[32m"ff-panel__header"[39m
            [36m>[39m
              [36m<h2>[39m
                [0mrender-alpha[0m
              [36m</h2>[39m
            [36m</header>[39m
            [36m<div[39m
              [33mclass[39m=[32m"ff-panel__body"[39m
            [36m>[39m
              [36m<p[39m
                [33mclass[39m=[32m"ff-render-profile"[39m
              [36m>[39m
                [0mSocial 原文[0m
              [36m</p>[39m
              [36m<span[39m
                [33mclass[39m=[32m"ff-status ff-status--neutral"[39m
              [36m>[39m
                [36m<span[39m
                  [33maria-hidden[39m=[32m"true"[39m
                [36m/>[39m
                [0mQUEUED[0m
              [36m</span>[39m
              [36m<button[39m
                [33maria-label[39m=[32m"Inspect render render-alpha"[39m
                [33mclass[39m=[32m"ff-button ff-button--secondary "[39m
              [36m>[39m
                [0mInspect[0m
              [36m</button>[39m
            [36m</div>[39m
          [36m</section>[39m
        [36m</li>[39m
        [36m<li>[39m
          [36m<section[39m
            [33mclass[39m=[32m"ff-panel "[39m
          [36m>[39m
            [36m<header[39m
              [33mclass[39m=[32m"ff-panel__header"[39m
            [36m>[39m
              [36m<h2>[39m
                [0mrender-beta[0m
              [36m</h2>[39m
            [36m</header>[39m
            [36m<div[39m
              [33mclass[39m=[32m"ff-panel__body"[39m
            [36m>[39m
              [36m<p[39m
                [33mclass[39m=[32m"ff-render-profile"[39m
              [36m>[39m
                [0m&lt;b&gt;opaque profile&lt;/b&gt;[0m
              [36m</p>[39m
              [36m<span[39m
                [33mclass[39m=[32m"ff-status ff-status--neutral"[39m
              [36m>[39m
                [36m<span[39m
                  [33maria-hidden[39m=[32m"true"[39m
                [36m/>[39m
                [0mFAILED[0m
              [36m</span>[39m
              [36m<button[39m
                [33maria-label[39m=[32m"Inspect render render-beta"[39m
                [33mclass[39m=[32m"ff-button ff-button--secondary "[39m
              [36m>[39m
                [0mInspect[0m
              [36m</button>[39m
            [36m</div>[39m
          [36m</section>[39m
        [36m</li>[39m
        [36m<li>[39m
          [36m<section[39m
            [33mclass[39m=[32m"ff-panel "[39m
          [36m>[39m
            [36m<header[39m
              [33mclass[39m=[32m"ff-panel__header"[39m
            [36m>[39m
              [36m<h2>[39m
                [0mrender-zeta[0m
              [36m</h2>[39m
            [36m</header>[39m
            [36m<div[39m
              [33mclass[39m=[32m"ff-panel__body"[39m
            [36m>[39m
              [36m<p[39m
                [33mclass[39m=[32m"ff-render-profile"[39m
              [36m>[39m
                [0mCinema &lt;literal&gt;[0m
              [36m</p>[39m
              [36m<span[39m
                [33mclass[39m=[32m"ff-status ff-status--neutral"[39m
              [36m>[39m
                [36m<span[39m
                  [33maria-hidden[39m=[32m"true"[39m
                [36m/>[39m
                [0mCOMPLETED[0m
              [36m</span>[39m
              [36m<button[39m
                [33maria-label[39m=[32m"Inspect render render-zeta"[39m
                [33mclass[39m=[32m"ff-button ff-button--secondary "[39m
              [36m>[39m
                [0mInspect[0m
              [36m</button>[39m
            [36m</div>[39m
          [36m</section>[39m
        [36m</li>[39m
      [36m</ul>[39m
    [36m</section>[39m
  [36m</div>[39m
[36m</body>[39m

Ignored nodes: comments, script, style
[36m<body>[39m
  [36m<div>[39m
    [36m<section[39m
      [33maria-label[39m=[32m"Single-Project render summaries"[39m
      [33mclass[39m=[32m"ff-render-browser"[39m
    [36m>[39m
      [36m<header[39m
        [33mclass[39m=[32m"ff-render-browser-heading"[39m
      [36m>[39m
        [36m<div>[39m
          [36m<span>[39m
            [0mOperations · read-only[0m
          [36m</span>[39m
          [36m<h1>[39m
            [0mProject renders[0m
          [36m</h1>[39m
          [36m<p>[39m
            [0mFind and inspect safe render job summaries supplied for one explicit Project. This view cannot control jobs.[0m
          [36m</p>[39m
        [36m</div>[39m
        [36m<button[39m
          [33mclass[39m=[32m"ff-button ff-button--secondary "[39m
        [36m>[39m
          [0mRefresh render summaries[0m
        [36m</button>[39m
      [36m</header>[39m
      [36m<p[39m
        [33mclass[39m=[32m"ff-render-origin ff-render-origin--simulated"[39m
      [36m>[39m
        [36m<span[39m
          [33mclass[39m=[32m"ff-badge ff-badge--warning"[39m
        [36m>[39m
          [0mSIMULATED RENDER DATA · localhost fixture only · no real account or permission[0m
        [36m</span>[39m
      [36m</p>[39m
      [36m<div[39m
        [33mclass[39m=[32m"ff-property-row"[39m
      [36m>[39m
        [36m<span>[39m
          [0mSource Project ID[0m
        [36m</span>[39m
        [36m<div>[39m
          [36m<code>[39m
            [0msimulated-render-project[0m
          [36m</code>[39m
        [36m</div>[39m
      [36m</div>[39m
      [36m<p[39m
        [33mclass[39m=[32m"ff-render-boundary"[39m
      [36m>[39m
        [0mScope comes only from the source Project shown above. Results are bounded and are not a global render inventory.[0m
      [36m</p>[39m
      [36m<div[39m
        [33mclass[39m=[32m"ff-render-controls"[39m
      [36m>[39m
        [36m<input[39m
          [33maria-label[39m=[32m"Search render summaries"[39m
          [33mclass[39m=[32m"ff-input "[39m
          [33mplaceholder[39m=[32m"Search render ID or profile"[39m
          [33mtype[39m=[32m"search"[39m
          [33mvalue[39m=[32m""[39m
        [36m/>[39m
        [36m<label>[39m
          [0mRender status[0m
          [36m<select>[39m
            [36m<option[39m
              [33mvalue[39m=[32m""[39m
            [36m>[39m
              [0mAll established statuses[0m
            [36m</option>[39m
            [36m<option[39m
              [33mvalue[39m=[32m"QUEUED"[39m
            [36m>[39m
              [0mQUEUED[0m
            [36m</option>[39m
            [36m<option[39m
              [33mvalue[39m=[32m"SELECTING_PROVIDER"[39m
            [36m>[39m
              [0mSELECTING_PROVIDER[0m
            [36m</option>[39m
            [36m<option[39m
              [33mvalue[39m=[32m"PROVIDER_SELECTED"[39m
            [36m>[39m
              [0mPROVIDER_SELECTED[0m
            [36m</option>[39m
            [36m<option[39m
              [33mvalue[39m=[32m"EXECUTING"[39m
            [36m>[39m
              [0mEXECUTING[0m
            [36m</option>[39m
            [36m<option[39m
              [33mvalue[39m=[32m"COMPLETING"[39m
            [36m>[39m
              [0mCOMPLETING[0m
            [36m</option>[39m
            [36m<option[39m
              [33mvalue[39m=[32m"COMPLETED"[39m
            [36m>[39m
              [0mCOMPLETED[0m
            [36m</option>[39m
            [36m<option[39m
              [33mvalue[39m=[32m"FAILED"[39m
            [36m>[39m
              [0mFAILED[0m
            [36m</option>[39m
            [36m<option[39m
              [33mvalue[39m=[32m"CANCELLED"[39m
            [36m>[39m
              [0mCANCELLED[0m
            [36m</option>[39m
            [36m<option[39m
              [33mvalue[39m=[32m"REJECTED"[39m
            [36m>[39m
              [0mREJECTED[0m
            [36m</option>[39m
          [36m</select>[39m
        [36m</label>[39m
        [36m<label>[39m
          [0mSort render summaries[0m
          [36m<select>[39m
            [36m<option[39m
              [33mvalue[39m=[32m"id-asc"[39m
            [36m>[39m
              [0mRender ID A–Z[0m
            [36m</option>[39m
            [36m<option[39m
              [33mvalue[39m=[32m"id-desc"[39m
            [36m>[39m
              [0mRender ID Z–A[0m
            [36m</option>[39m
          [36m</select>[39m
        [36m</label>[39m
      [36m</div>[39m
      [36m<p[39m
        [33maria-live[39m=[32m"polite"[39m
        [33mrole[39m=[32m"status"[39m
      [36m>[39m
        [0m3 render summaries loaded · bounded Project snapshot.[0m
      [36m</p>[39m
      [36m<ul[39m
        [33maria-label[39m=[32m"Render summary snapshot"[39m
        [33mclass[39m=[32m"ff-render-browser-list"[39m
      [36m>[39m
        [36m<li>[39m
          [36m<section[39m
            [33mclass[39m=[32m"ff-panel "[39m
          [36m>[39m
            [36m<header[39m
              [33mclass[39m=[32m"ff-panel__header"[39m
            [36m>[39m
              [36m<h2>[39m
                [0mrender-alpha[0m
              [36m</h2>[39m
            [36m</header>[39m
            [36m<div[39m
              [33mclass[39m=[32m"ff-panel__body"[39m
            [36m>[39m
              [36m<p[39m
                [33mclass[39m=[32m"ff-render-profile"[39m
              [36m>[39m
                [0mSocial 原文[0m
              [36m</p>[39m
              [36m<span[39m
                [33mclass[39m=[32m"ff-status ff-status--neutral"[39m
              [36m>[39m
                [36m<span[39m
                  [33maria-hidden[39m=[32m"true"[39m
                [36m/>[39m
                [0mQUEUED[0m
              [36m</span>[39m
              [36m<button[39m
                [33maria-label[39m=[32m"Inspect render render-alpha"[39m
                [33mclass[39m=[32m"ff-button ff-button--secondary "[39m
              [36m>[39m
                [0mInspect[0m
              [36m</button>[39m
            [36m</div>[39m
          [36m</section>[39m
        [36m</li>[39m
        [36m<li>[39m
          [36m<section[39m
            [33mclass[39m=[32m"ff-panel "[39m
          [36m>[39m
            [36m<header[39m
              [33mclass[39m=[32m"ff-panel__header"[39m
            [36m>[39m
              [36m<h2>[39m
                [0mrender-beta[0m
              [36m</h2>[39m
            [36m</header>[39m
            [36m<div[39m
              [33mclass[39m=[32m"ff-panel__body"[39m
            [36m>[39m
              [36m<p[39m
                [33mclass[39m=[32m"ff-render-profile"[39m
              [36m>[39m
                [0m&lt;b&gt;opaque profile&lt;/b&gt;[0m
              [36m</p>[39m
              [36m<span[39m
                [33mclass[39m=[32m"ff-status ff-status--neutral"[39m
              [36m>[39m
                [36m<span[39m
                  [33maria-hidden[39m=[32m"true"[39m
                [36m/>[39m
                [0mFAILED[0m
              [36m</span>[39m
              [36m<button[39m
                [33maria-label[39m=[32m"Inspect render render-beta"[39m
                [33mclass[39m=[32m"ff-button ff-button--secondary "[39m
              [36m>[39m
                [0mInspect[0m
              [36m</button>[39m
            [36m</div>[39m
          [36m</section>[39m
        [36m</li>[39m
        [36m<li>[39m
          [36m<section[39m
            [33mclass[39m=[32m"ff-panel "[39m
          [36m>[39m
            [36m<header[39m
              [33mclass[39m=[32m"ff-panel__header"[39m
            [36m>[39m
              [36m<h2>[39m
                [0mrender-zeta[0m
              [36m</h2>[39m
            [36m</header>[39m
            [36m<div[39m
              [33mclass[39m=[32m"ff-panel__body"[39m
            [36m>[39m
              [36m<p[39m
                [33mclass[39m=[32m"ff-render-profile"[39m
              [36m>[39m
                [0mCinema &lt;literal&gt;[0m
              [36m</p>[39m
              [36m<span[39m
                [33mclass[39m=[32m"ff-status ff-status--neutral"[39m
              [36m>[39m
                [36m<span[39m
                  [33maria-hidden[39m=[32m"true"[39m
                [36m/>[39m
                [0mCOMPLETED[0m
              [36m</span>[39m
              [36m<button[39m
                [33maria-label[39m=[32m"Inspect render render-zeta"[39m
                [33mclass[39m=[32m"ff-button ff-button--secondary "[39m
              [36m>[39m
                [0mInspect[0m
              [36m</button>[39m
            [36m</div>[39m
          [36m</section>[39m
        [36m</li>[39m
      [36m</ul>[39m
    [36m</section>[39m
  [36m</div>[39m
[36m</body>[39m
 ❯ waitForWrapper node_modules/@testing-library/dom/dist/wait-for.js:163:27
 ❯ node_modules/@testing-library/dom/dist/query-helpers.js:86:33
 ❯ src/product/render-browser/RenderBrowser.test.tsx:55:25
     53|   it('shows supplied summary data, opaque unknown status, valid progre…
     54|     setup()
     55|     expect(await screen.findByRole('heading', { name: 'Render observab…
       |                         ^
     56|     expect(screen.getByText('VENDOR_WARMING')).toBeTruthy()
     57|     expect(screen.getByText(/3 of 8 shots · 37.5%/)).toBeTruthy()

⎯⎯⎯⎯⎯⎯⎯⎯⎯⎯⎯⎯⎯⎯⎯⎯⎯⎯⎯⎯⎯⎯⎯[2/35]⎯

 FAIL  src/product/render-browser/RenderBrowser.test.tsx > RenderBrowser observability workflow > searches ID/name, filters only source-supported literal statuses, sorts stably and keeps Reset focusable
TestingLibraryElementError: Unable to find role="button" and name "Inspect render Courtyard <final>"

Ignored nodes: comments, script, style
[36m<body>[39m
  [36m<div>[39m
    [36m<section[39m
      [33maria-label[39m=[32m"Single-Project render summaries"[39m
      [33mclass[39m=[32m"ff-render-browser"[39m
    [36m>[39m
      [36m<header[39m
        [33mclass[39m=[32m"ff-render-browser-heading"[39m
      [36m>[39m
        [36m<div>[39m
          [36m<span>[39m
            [0mOperations · read-only[0m
          [36m</span>[39m
          [36m<h1>[39m
            [0mProject renders[0m
          [36m</h1>[39m
          [36m<p>[39m
            [0mFind and inspect safe render job summaries supplied for one explicit Project. This view cannot control jobs.[0m
          [36m</p>[39m
        [36m</div>[39m
        [36m<button[39m
          [33mclass[39m=[32m"ff-button ff-button--secondary "[39m
        [36m>[39m
          [0mRefresh render summaries[0m
        [36m</button>[39m
      [36m</header>[39m
      [36m<p[39m
        [33mclass[39m=[32m"ff-render-origin ff-render-origin--simulated"[39m
      [36m>[39m
        [36m<span[39m
          [33mclass[39m=[32m"ff-badge ff-badge--warning"[39m
        [36m>[39m
          [0mSIMULATED RENDER DATA · localhost fixture only · no real account or permission[0m
        [36m</span>[39m
      [36m</p>[39m
      [36m<div[39m
        [33mclass[39m=[32m"ff-property-row"[39m
      [36m>[39m
        [36m<span>[39m
          [0mSource Project ID[0m
        [36m</span>[39m
        [36m<div>[39m
          [36m<code>[39m
            [0msimulated-render-project[0m
          [36m</code>[39m
        [36m</div>[39m
      [36m</div>[39m
      [36m<p[39m
        [33mclass[39m=[32m"ff-render-boundary"[39m
      [36m>[39m
        [0mScope comes only from the source Project shown above. Results are bounded and are not a global render inventory.[0m
      [36m</p>[39m
      [36m<div[39m
        [33mclass[39m=[32m"ff-render-controls"[39m
      [36m>[39m
        [36m<input[39m
          [33maria-label[39m=[32m"Search render summaries"[39m
          [33mclass[39m=[32m"ff-input "[39m
          [33mplaceholder[39m=[32m"Search render ID or profile"[39m
          [33mtype[39m=[32m"search"[39m
          [33mvalue[39m=[32m""[39m
        [36m/>[39m
        [36m<label>[39m
          [0mRender status[0m
          [36m<select>[39m
            [36m<option[39m
              [33mvalue[39m=[32m""[39m
            [36m>[39m
              [0mAll established statuses[0m
            [36m</option>[39m
            [36m<option[39m
              [33mvalue[39m=[32m"QUEUED"[39m
            [36m>[39m
              [0mQUEUED[0m
            [36m</option>[39m
            [36m<option[39m
              [33mvalue[39m=[32m"SELECTING_PROVIDER"[39m
            [36m>[39m
              [0mSELECTING_PROVIDER[0m
            [36m</option>[39m
            [36m<option[39m
              [33mvalue[39m=[32m"PROVIDER_SELECTED"[39m
            [36m>[39m
              [0mPROVIDER_SELECTED[0m
            [36m</option>[39m
            [36m<option[39m
              [33mvalue[39m=[32m"EXECUTING"[39m
            [36m>[39m
              [0mEXECUTING[0m
            [36m</option>[39m
            [36m<option[39m
              [33mvalue[39m=[32m"COMPLETING"[39m
            [36m>[39m
              [0mCOMPLETING[0m
            [36m</option>[39m
            [36m<option[39m
              [33mvalue[39m=[32m"COMPLETED"[39m
            [36m>[39m
              [0mCOMPLETED[0m
            [36m</option>[39m
            [36m<option[39m
              [33mvalue[39m=[32m"FAILED"[39m
            [36m>[39m
              [0mFAILED[0m
            [36m</option>[39m
            [36m<option[39m
              [33mvalue[39m=[32m"CANCELLED"[39m
            [36m>[39m
              [0mCANCELLED[0m
            [36m</option>[39m
            [36m<option[39m
              [33mvalue[39m=[32m"REJECTED"[39m
            [36m>[39m
              [0mREJECTED[0m
            [36m</option>[39m
          [36m</select>[39m
        [36m</label>[39m
        [36m<label>[39m
          [0mSort render summaries[0m
          [36m<select>[39m
            [36m<option[39m
              [33mvalue[39m=[32m"id-asc"[39m
            [36m>[39m
              [0mRender ID A–Z[0m
            [36m</option>[39m
            [36m<option[39m
              [33mvalue[39m=[32m"id-desc"[39m
            [36m>[39m
              [0mRender ID Z–A[0m
            [36m</option>[39m
          [36m</select>[39m
        [36m</label>[39m
      [36m</div>[39m
      [36m<p[39m
        [33maria-live[39m=[32m"polite"[39m
        [33mrole[39m=[32m"status"[39m
      [36m>[39m
        [0m3 render summaries loaded · bounded Project snapshot.[0m
      [36m</p>[39m
      [36m<ul[39m
        [33maria-label[39m=[32m"Render summary snapshot"[39m
        [33mclass[39m=[32m"ff-render-browser-list"[39m
      [36m>[39m
        [36m<li>[39m
          [36m<section[39m
            [33mclass[39m=[32m"ff-panel "[39m
          [36m>[39m
            [36m<header[39m
              [33mclass[39m=[32m"ff-panel__header"[39m
            [36m>[39m
              [36m<h2>[39m
                [0mrender-alpha[0m
              [36m</h2>[39m
            [36m</header>[39m
            [36m<div[39m
              [33mclass[39m=[32m"ff-panel__body"[39m
            [36m>[39m
              [36m<p[39m
                [33mclass[39m=[32m"ff-render-profile"[39m
              [36m>[39m
                [0mSocial 原文[0m
              [36m</p>[39m
              [36m<span[39m
                [33mclass[39m=[32m"ff-status ff-status--neutral"[39m
              [36m>[39m
                [36m<span[39m
                  [33maria-hidden[39m=[32m"true"[39m
                [36m/>[39m
                [0mQUEUED[0m
              [36m</span>[39m
              [36m<button[39m
                [33maria-label[39m=[32m"Inspect render render-alpha"[39m
                [33mclass[39m=[32m"ff-button ff-button--secondary "[39m
              [36m>[39m
                [0mInspect[0m
              [36m</button>[39m
            [36m</div>[39m
          [36m</section>[39m
        [36m</li>[39m
        [36m<li>[39m
          [36m<section[39m
            [33mclass[39m=[32m"ff-panel "[39m
          [36m>[39m
            [36m<header[39m
              [33mclass[39m=[32m"ff-panel__header"[39m
            [36m>[39m
              [36m<h2>[39m
                [0mrender-beta[0m
              [36m</h2>[39m
            [36m</header>[39m
            [36m<div[39m
              [33mclass[39m=[32m"ff-panel__body"[39m
            [36m>[39m
              [36m<p[39m
                [33mclass[39m=[32m"ff-render-profile"[39m
              [36m>[39m
                [0m&lt;b&gt;opaque profile&lt;/b&gt;[0m
              [36m</p>[39m
              [36m<span[39m
                [33mclass[39m=[32m"ff-status ff-status--neutral"[39m
              [36m>[39m
                [36m<span[39m
                  [33maria-hidden[39m=[32m"true"[39m
                [36m/>[39m
                [0mFAILED[0m
              [36m</span>[39m
              [36m<button[39m
                [33maria-label[39m=[32m"Inspect render render-beta"[39m
                [33mclass[39m=[32m"ff-button ff-button--secondary "[39m
              [36m>[39m
                [0mInspect[0m
              [36m</button>[39m
            [36m</div>[39m
          [36m</section>[39m
        [36m</li>[39m
        [36m<li>[39m
          [36m<section[39m
            [33mclass[39m=[32m"ff-panel "[39m
          [36m>[39m
            [36m<header[39m
              [33mclass[39m=[32m"ff-panel__header"[39m
            [36m>[39m
              [36m<h2>[39m
                [0mrender-zeta[0m
              [36m</h2>[39m
            [36m</header>[39m
            [36m<div[39m
              [33mclass[39m=[32m"ff-panel__body"[39m
            [36m>[39m
              [36m<p[39m
                [33mclass[39m=[32m"ff-render-profile"[39m
              [36m>[39m
                [0mCinema &lt;literal&gt;[0m
              [36m</p>[39m
              [36m<span[39m
                [33mclass[39m=[32m"ff-status ff-status--neutral"[39m
              [36m>[39m
                [36m<span[39m
                  [33maria-hidden[39m=[32m"true"[39m
                [36m/>[39m
                [0mCOMPLETED[0m
              [36m</span>[39m
              [36m<button[39m
                [33maria-label[39m=[32m"Inspect render render-zeta"[39m
                [33mclass[39m=[32m"ff-button ff-button--secondary "[39m
              [36m>[39m
                [0mInspect[0m
              [36m</button>[39m
            [36m</div>[39m
          [36m</section>[39m
        [36m</li>[39m
      [36m</ul>[39m
    [36m</section>[39m
  [36m</div>[39m
[36m</body>[39m

Ignored nodes: comments, script, style
[36m<body>[39m
  [36m<div>[39m
    [36m<section[39m
      [33maria-label[39m=[32m"Single-Project render summaries"[39m
      [33mclass[39m=[32m"ff-render-browser"[39m
    [36m>[39m
      [36m<header[39m
        [33mclass[39m=[32m"ff-render-browser-heading"[39m
      [36m>[39m
        [36m<div>[39m
          [36m<span>[39m
            [0mOperations · read-only[0m
          [36m</span>[39m
          [36m<h1>[39m
            [0mProject renders[0m
          [36m</h1>[39m
          [36m<p>[39m
            [0mFind and inspect safe render job summaries supplied for one explicit Project. This view cannot control jobs.[0m
          [36m</p>[39m
        [36m</div>[39m
        [36m<button[39m
          [33mclass[39m=[32m"ff-button ff-button--secondary "[39m
        [36m>[39m
          [0mRefresh render summaries[0m
        [36m</button>[39m
      [36m</header>[39m
      [36m<p[39m
        [33mclass[39m=[32m"ff-render-origin ff-render-origin--simulated"[39m
      [36m>[39m
        [36m<span[39m
          [33mclass[39m=[32m"ff-badge ff-badge--warning"[39m
        [36m>[39m
          [0mSIMULATED RENDER DATA · localhost fixture only · no real account or permission[0m
        [36m</span>[39m
      [36m</p>[39m
      [36m<div[39m
        [33mclass[39m=[32m"ff-property-row"[39m
      [36m>[39m
        [36m<span>[39m
          [0mSource Project ID[0m
        [36m</span>[39m
        [36m<div>[39m
          [36m<code>[39m
            [0msimulated-render-project[0m
          [36m</code>[39m
        [36m</div>[39m
      [36m</div>[39m
      [36m<p[39m
        [33mclass[39m=[32m"ff-render-boundary"[39m
      [36m>[39m
        [0mScope comes only from the source Project shown above. Results are bounded and are not a global render inventory.[0m
      [36m</p>[39m
      [36m<div[39m
        [33mclass[39m=[32m"ff-render-controls"[39m
      [36m>[39m
        [36m<input[39m
          [33maria-label[39m=[32m"Search render summaries"[39m
          [33mclass[39m=[32m"ff-input "[39m
          [33mplaceholder[39m=[32m"Search render ID or profile"[39m
          [33mtype[39m=[32m"search"[39m
          [33mvalue[39m=[32m""[39m
        [36m/>[39m
        [36m<label>[39m
          [0mRender status[0m
          [36m<select>[39m
            [36m<option[39m
              [33mvalue[39m=[32m""[39m
            [36m>[39m
              [0mAll established statuses[0m
            [36m</option>[39m
            [36m<option[39m
              [33mvalue[39m=[32m"QUEUED"[39m
            [36m>[39m
              [0mQUEUED[0m
            [36m</option>[39m
            [36m<option[39m
              [33mvalue[39m=[32m"SELECTING_PROVIDER"[39m
            [36m>[39m
              [0mSELECTING_PROVIDER[0m
            [36m</option>[39m
            [36m<option[39m
              [33mvalue[39m=[32m"PROVIDER_SELECTED"[39m
            [36m>[39m
              [0mPROVIDER_SELECTED[0m
            [36m</option>[39m
            [36m<option[39m
              [33mvalue[39m=[32m"EXECUTING"[39m
            [36m>[39m
              [0mEXECUTING[0m
            [36m</option>[39m
            [36m<option[39m
              [33mvalue[39m=[32m"COMPLETING"[39m
            [36m>[39m
              [0mCOMPLETING[0m
            [36m</option>[39m
            [36m<option[39m
              [33mvalue[39m=[32m"COMPLETED"[39m
            [36m>[39m
              [0mCOMPLETED[0m
            [36m</option>[39m
            [36m<option[39m
              [33mvalue[39m=[32m"FAILED"[39m
            [36m>[39m
              [0mFAILED[0m
            [36m</option>[39m
            [36m<option[39m
              [33mvalue[39m=[32m"CANCELLED"[39m
            [36m>[39m
              [0mCANCELLED[0m
            [36m</option>[39m
            [36m<option[39m
              [33mvalue[39m=[32m"REJECTED"[39m
            [36m>[39m
              [0mREJECTED[0m
            [36m</option>[39m
          [36m</select>[39m
        [36m</label>[39m
        [36m<label>[39m
          [0mSort render summaries[0m
          [36m<select>[39m
            [36m<option[39m
              [33mvalue[39m=[32m"id-asc"[39m
            [36m>[39m
              [0mRender ID A–Z[0m
            [36m</option>[39m
            [36m<option[39m
              [33mvalue[39m=[32m"id-desc"[39m
            [36m>[39m
              [0mRender ID Z–A[0m
            [36m</option>[39m
          [36m</select>[39m
        [36m</label>[39m
      [36m</div>[39m
      [36m<p[39m
        [33maria-live[39m=[32m"polite"[39m
        [33mrole[39m=[32m"status"[39m
      [36m>[39m
        [0m3 render summaries loaded · bounded Project snapshot.[0m
      [36m</p>[39m
      [36m<ul[39m
        [33maria-label[39m=[32m"Render summary snapshot"[39m
        [33mclass[39m=[32m"ff-render-browser-list"[39m
      [36m>[39m
        [36m<li>[39m
          [36m<section[39m
            [33mclass[39m=[32m"ff-panel "[39m
          [36m>[39m
            [36m<header[39m
              [33mclass[39m=[32m"ff-panel__header"[39m
            [36m>[39m
              [36m<h2>[39m
                [0mrender-alpha[0m
              [36m</h2>[39m
            [36m</header>[39m
            [36m<div[39m
              [33mclass[39m=[32m"ff-panel__body"[39m
            [36m>[39m
              [36m<p[39m
                [33mclass[39m=[32m"ff-render-profile"[39m
              [36m>[39m
                [0mSocial 原文[0m
              [36m</p>[39m
              [36m<span[39m
                [33mclass[39m=[32m"ff-status ff-status--neutral"[39m
              [36m>[39m
                [36m<span[39m
                  [33maria-hidden[39m=[32m"true"[39m
                [36m/>[39m
                [0mQUEUED[0m
              [36m</span>[39m
              [36m<button[39m
                [33maria-label[39m=[32m"Inspect render render-alpha"[39m
                [33mclass[39m=[32m"ff-button ff-button--secondary "[39m
              [36m>[39m
                [0mInspect[0m
              [36m</button>[39m
            [36m</div>[39m
          [36m</section>[39m
        [36m</li>[39m
        [36m<li>[39m
          [36m<section[39m
            [33mclass[39m=[32m"ff-panel "[39m
          [36m>[39m
            [36m<header[39m
              [33mclass[39m=[32m"ff-panel__header"[39m
            [36m>[39m
              [36m<h2>[39m
                [0mrender-beta[0m
              [36m</h2>[39m
            [36m</header>[39m
            [36m<div[39m
              [33mclass[39m=[32m"ff-panel__body"[39m
            [36m>[39m
              [36m<p[39m
                [33mclass[39m=[32m"ff-render-profile"[39m
              [36m>[39m
                [0m&lt;b&gt;opaque profile&lt;/b&gt;[0m
              [36m</p>[39m
              [36m<span[39m
                [33mclass[39m=[32m"ff-status ff-status--neutral"[39m
              [36m>[39m
                [36m<span[39m
                  [33maria-hidden[39m=[32m"true"[39m
                [36m/>[39m
                [0mFAILED[0m
              [36m</span>[39m
              [36m<button[39m
                [33maria-label[39m=[32m"Inspect render render-beta"[39m
                [33mclass[39m=[32m"ff-button ff-button--secondary "[39m
              [36m>[39m
                [0mInspect[0m
              [36m</button>[39m
            [36m</div>[39m
          [36m</section>[39m
        [36m</li>[39m
        [36m<li>[39m
          [36m<section[39m
            [33mclass[39m=[32m"ff-panel "[39m
          [36m>[39m
            [36m<header[39m
              [33mclass[39m=[32m"ff-panel__header"[39m
            [36m>[39m
              [36m<h2>[39m
                [0mrender-zeta[0m
              [36m</h2>[39m
            [36m</header>[39m
            [36m<div[39m
              [33mclass[39m=[32m"ff-panel__body"[39m
            [36m>[39m
              [36m<p[39m
                [33mclass[39m=[32m"ff-render-profile"[39m
              [36m>[39m
                [0mCinema &lt;literal&gt;[0m
              [36m</p>[39m
              [36m<span[39m
                [33mclass[39m=[32m"ff-status ff-status--neutral"[39m
              [36m>[39m
                [36m<span[39m
                  [33maria-hidden[39m=[32m"true"[39m
                [36m/>[39m
                [0mCOMPLETED[0m
              [36m</span>[39m
              [36m<button[39m
                [33maria-label[39m=[32m"Inspect render render-zeta"[39m
                [33mclass[39m=[32m"ff-button ff-button--secondary "[39m
              [36m>[39m
                [0mInspect[0m
              [36m</button>[39m
            [36m</div>[39m
          [36m</section>[39m
        [36m</li>[39m
      [36m</ul>[39m
    [36m</section>[39m
  [36m</div>[39m
[36m</body>[39m
 ❯ waitForWrapper node_modules/@testing-library/dom/dist/wait-for.js:163:27
 ❯ node_modules/@testing-library/dom/dist/query-helpers.js:86:33
 ❯ src/product/render-browser/RenderBrowser.test.tsx:66:18
     64|   it('searches ID/name, filters only source-supported literal statuses…
     65|     setup()
     66|     await screen.findByRole('button', { name: 'Inspect render Courtyar…
       |                  ^
     67|     fireEvent.change(screen.getByRole('searchbox', { name: 'Search ren…
     68|     expect(screen.getByRole('button', { name: 'Inspect render Social 原…

⎯⎯⎯⎯⎯⎯⎯⎯⎯⎯⎯⎯⎯⎯⎯⎯⎯⎯⎯⎯⎯⎯⎯[3/35]⎯

 FAIL  src/product/render-browser/RenderBrowser.test.tsx > RenderBrowser observability workflow > opens read-only task/attempt/failure/Artifact metadata and restores launcher focus without exposing URLs
TestingLibraryElementError: Unable to find role="button" and name "Inspect render Social 原文"

Ignored nodes: comments, script, style
[36m<body>[39m
  [36m<div>[39m
    [36m<section[39m
      [33maria-label[39m=[32m"Single-Project render summaries"[39m
      [33mclass[39m=[32m"ff-render-browser"[39m
    [36m>[39m
      [36m<header[39m
        [33mclass[39m=[32m"ff-render-browser-heading"[39m
      [36m>[39m
        [36m<div>[39m
          [36m<span>[39m
            [0mOperations · read-only[0m
          [36m</span>[39m
          [36m<h1>[39m
            [0mProject renders[0m
          [36m</h1>[39m
          [36m<p>[39m
            [0mFind and inspect safe render job summaries supplied for one explicit Project. This view cannot control jobs.[0m
          [36m</p>[39m
        [36m</div>[39m
        [36m<button[39m
          [33mclass[39m=[32m"ff-button ff-button--secondary "[39m
        [36m>[39m
          [0mRefresh render summaries[0m
        [36m</button>[39m
      [36m</header>[39m
      [36m<p[39m
        [33mclass[39m=[32m"ff-render-origin ff-render-origin--simulated"[39m
      [36m>[39m
        [36m<span[39m
          [33mclass[39m=[32m"ff-badge ff-badge--warning"[39m
        [36m>[39m
          [0mSIMULATED RENDER DATA · localhost fixture only · no real account or permission[0m
        [36m</span>[39m
      [36m</p>[39m
      [36m<div[39m
        [33mclass[39m=[32m"ff-property-row"[39m
      [36m>[39m
        [36m<span>[39m
          [0mSource Project ID[0m
        [36m</span>[39m
        [36m<div>[39m
          [36m<code>[39m
            [0msimulated-render-project[0m
          [36m</code>[39m
        [36m</div>[39m
      [36m</div>[39m
      [36m<p[39m
        [33mclass[39m=[32m"ff-render-boundary"[39m
      [36m>[39m
        [0mScope comes only from the source Project shown above. Results are bounded and are not a global render inventory.[0m
      [36m</p>[39m
      [36m<div[39m
        [33mclass[39m=[32m"ff-render-controls"[39m
      [36m>[39m
        [36m<input[39m
          [33maria-label[39m=[32m"Search render summaries"[39m
          [33mclass[39m=[32m"ff-input "[39m
          [33mplaceholder[39m=[32m"Search render ID or profile"[39m
          [33mtype[39m=[32m"search"[39m
          [33mvalue[39m=[32m""[39m
        [36m/>[39m
        [36m<label>[39m
          [0mRender status[0m
          [36m<select>[39m
            [36m<option[39m
              [33mvalue[39m=[32m""[39m
            [36m>[39m
              [0mAll established statuses[0m
            [36m</option>[39m
            [36m<option[39m
              [33mvalue[39m=[32m"QUEUED"[39m
            [36m>[39m
              [0mQUEUED[0m
            [36m</option>[39m
            [36m<option[39m
              [33mvalue[39m=[32m"SELECTING_PROVIDER"[39m
            [36m>[39m
              [0mSELECTING_PROVIDER[0m
            [36m</option>[39m
            [36m<option[39m
              [33mvalue[39m=[32m"PROVIDER_SELECTED"[39m
            [36m>[39m
              [0mPROVIDER_SELECTED[0m
            [36m</option>[39m
            [36m<option[39m
              [33mvalue[39m=[32m"EXECUTING"[39m
            [36m>[39m
              [0mEXECUTING[0m
            [36m</option>[39m
            [36m<option[39m
              [33mvalue[39m=[32m"COMPLETING"[39m
            [36m>[39m
              [0mCOMPLETING[0m
            [36m</option>[39m
            [36m<option[39m
              [33mvalue[39m=[32m"COMPLETED"[39m
            [36m>[39m
              [0mCOMPLETED[0m
            [36m</option>[39m
            [36m<option[39m
              [33mvalue[39m=[32m"FAILED"[39m
            [36m>[39m
              [0mFAILED[0m
            [36m</option>[39m
            [36m<option[39m
              [33mvalue[39m=[32m"CANCELLED"[39m
            [36m>[39m
              [0mCANCELLED[0m
            [36m</option>[39m
            [36m<option[39m
              [33mvalue[39m=[32m"REJECTED"[39m
            [36m>[39m
              [0mREJECTED[0m
            [36m</option>[39m
          [36m</select>[39m
        [36m</label>[39m
        [36m<label>[39m
          [0mSort render summaries[0m
          [36m<select>[39m
            [36m<option[39m
              [33mvalue[39m=[32m"id-asc"[39m
            [36m>[39m
              [0mRender ID A–Z[0m
            [36m</option>[39m
            [36m<option[39m
              [33mvalue[39m=[32m"id-desc"[39m
            [36m>[39m
              [0mRender ID Z–A[0m
            [36m</option>[39m
          [36m</select>[39m
        [36m</label>[39m
      [36m</div>[39m
      [36m<p[39m
        [33maria-live[39m=[32m"polite"[39m
        [33mrole[39m=[32m"status"[39m
      [36m>[39m
        [0m3 render summaries loaded · bounded Project snapshot.[0m
      [36m</p>[39m
      [36m<ul[39m
        [33maria-label[39m=[32m"Render summary snapshot"[39m
        [33mclass[39m=[32m"ff-render-browser-list"[39m
      [36m>[39m
        [36m<li>[39m
          [36m<section[39m
            [33mclass[39m=[32m"ff-panel "[39m
          [36m>[39m
            [36m<header[39m
              [33mclass[39m=[32m"ff-panel__header"[39m
            [36m>[39m
              [36m<h2>[39m
                [0mrender-alpha[0m
              [36m</h2>[39m
            [36m</header>[39m
            [36m<div[39m
              [33mclass[39m=[32m"ff-panel__body"[39m
            [36m>[39m
              [36m<p[39m
                [33mclass[39m=[32m"ff-render-profile"[39m
              [36m>[39m
                [0mSocial 原文[0m
              [36m</p>[39m
              [36m<span[39m
                [33mclass[39m=[32m"ff-status ff-status--neutral"[39m
              [36m>[39m
                [36m<span[39m
                  [33maria-hidden[39m=[32m"true"[39m
                [36m/>[39m
                [0mQUEUED[0m
              [36m</span>[39m
              [36m<button[39m
                [33maria-label[39m=[32m"Inspect render render-alpha"[39m
                [33mclass[39m=[32m"ff-button ff-button--secondary "[39m
              [36m>[39m
                [0mInspect[0m
              [36m</button>[39m
            [36m</div>[39m
          [36m</section>[39m
        [36m</li>[39m
        [36m<li>[39m
          [36m<section[39m
            [33mclass[39m=[32m"ff-panel "[39m
          [36m>[39m
            [36m<header[39m
              [33mclass[39m=[32m"ff-panel__header"[39m
            [36m>[39m
              [36m<h2>[39m
                [0mrender-beta[0m
              [36m</h2>[39m
            [36m</header>[39m
            [36m<div[39m
              [33mclass[39m=[32m"ff-panel__body"[39m
            [36m>[39m
              [36m<p[39m
                [33mclass[39m=[32m"ff-render-profile"[39m
              [36m>[39m
                [0m&lt;b&gt;opaque profile&lt;/b&gt;[0m
              [36m</p>[39m
              [36m<span[39m
                [33mclass[39m=[32m"ff-status ff-status--neutral"[39m
              [36m>[39m
                [36m<span[39m
                  [33maria-hidden[39m=[32m"true"[39m
                [36m/>[39m
                [0mFAILED[0m
              [36m</span>[39m
              [36m<button[39m
                [33maria-label[39m=[32m"Inspect render render-beta"[39m
                [33mclass[39m=[32m"ff-button ff-button--secondary "[39m
              [36m>[39m
                [0mInspect[0m
              [36m</button>[39m
            [36m</div>[39m
          [36m</section>[39m
        [36m</li>[39m
        [36m<li>[39m
          [36m<section[39m
            [33mclass[39m=[32m"ff-panel "[39m
          [36m>[39m
            [36m<header[39m
              [33mclass[39m=[32m"ff-panel__header"[39m
            [36m>[39m
              [36m<h2>[39m
                [0mrender-zeta[0m
              [36m</h2>[39m
            [36m</header>[39m
            [36m<div[39m
              [33mclass[39m=[32m"ff-panel__body"[39m
            [36m>[39m
              [36m<p[39m
                [33mclass[39m=[32m"ff-render-profile"[39m
              [36m>[39m
                [0mCinema &lt;literal&gt;[0m
              [36m</p>[39m
              [36m<span[39m
                [33mclass[39m=[32m"ff-status ff-status--neutral"[39m
              [36m>[39m
                [36m<span[39m
                  [33maria-hidden[39m=[32m"true"[39m
                [36m/>[39m
                [0mCOMPLETED[0m
              [36m</span>[39m
              [36m<button[39m
                [33maria-label[39m=[32m"Inspect render render-zeta"[39m
                [33mclass[39m=[32m"ff-button ff-button--secondary "[39m
              [36m>[39m
                [0mInspect[0m
              [36m</button>[39m
            [36m</div>[39m
          [36m</section>[39m
        [36m</li>[39m
      [36m</ul>[39m
    [36m</section>[39m
  [36m</div>[39m
[36m</body>[39m

Ignored nodes: comments, script, style
[36m<body>[39m
  [36m<div>[39m
    [36m<section[39m
      [33maria-label[39m=[32m"Single-Project render summaries"[39m
      [33mclass[39m=[32m"ff-render-browser"[39m
    [36m>[39m
      [36m<header[39m
        [33mclass[39m=[32m"ff-render-browser-heading"[39m
      [36m>[39m
        [36m<div>[39m
          [36m<span>[39m
            [0mOperations · read-only[0m
          [36m</span>[39m
          [36m<h1>[39m
            [0mProject renders[0m
          [36m</h1>[39m
          [36m<p>[39m
            [0mFind and inspect safe render job summaries supplied for one explicit Project. This view cannot control jobs.[0m
          [36m</p>[39m
        [36m</div>[39m
        [36m<button[39m
          [33mclass[39m=[32m"ff-button ff-button--secondary "[39m
        [36m>[39m
          [0mRefresh render summaries[0m
        [36m</button>[39m
      [36m</header>[39m
      [36m<p[39m
        [33mclass[39m=[32m"ff-render-origin ff-render-origin--simulated"[39m
      [36m>[39m
        [36m<span[39m
          [33mclass[39m=[32m"ff-badge ff-badge--warning"[39m
        [36m>[39m
          [0mSIMULATED RENDER DATA · localhost fixture only · no real account or permission[0m
        [36m</span>[39m
      [36m</p>[39m
      [36m<div[39m
        [33mclass[39m=[32m"ff-property-row"[39m
      [36m>[39m
        [36m<span>[39m
          [0mSource Project ID[0m
        [36m</span>[39m
        [36m<div>[39m
          [36m<code>[39m
            [0msimulated-render-project[0m
          [36m</code>[39m
        [36m</div>[39m
      [36m</div>[39m
      [36m<p[39m
        [33mclass[39m=[32m"ff-render-boundary"[39m
      [36m>[39m
        [0mScope comes only from the source Project shown above. Results are bounded and are not a global render inventory.[0m
      [36m</p>[39m
      [36m<div[39m
        [33mclass[39m=[32m"ff-render-controls"[39m
      [36m>[39m
        [36m<input[39m
          [33maria-label[39m=[32m"Search render summaries"[39m
          [33mclass[39m=[32m"ff-input "[39m
          [33mplaceholder[39m=[32m"Search render ID or profile"[39m
          [33mtype[39m=[32m"search"[39m
          [33mvalue[39m=[32m""[39m
        [36m/>[39m
        [36m<label>[39m
          [0mRender status[0m
          [36m<select>[39m
            [36m<option[39m
              [33mvalue[39m=[32m""[39m
            [36m>[39m
              [0mAll established statuses[0m
            [36m</option>[39m
            [36m<option[39m
              [33mvalue[39m=[32m"QUEUED"[39m
            [36m>[39m
              [0mQUEUED[0m
            [36m</option>[39m
            [36m<option[39m
              [33mvalue[39m=[32m"SELECTING_PROVIDER"[39m
            [36m>[39m
              [0mSELECTING_PROVIDER[0m
            [36m</option>[39m
            [36m<option[39m
              [33mvalue[39m=[32m"PROVIDER_SELECTED"[39m
            [36m>[39m
              [0mPROVIDER_SELECTED[0m
            [36m</option>[39m
            [36m<option[39m
              [33mvalue[39m=[32m"EXECUTING"[39m
            [36m>[39m
              [0mEXECUTING[0m
            [36m</option>[39m
            [36m<option[39m
              [33mvalue[39m=[32m"COMPLETING"[39m
            [36m>[39m
              [0mCOMPLETING[0m
            [36m</option>[39m
            [36m<option[39m
              [33mvalue[39m=[32m"COMPLETED"[39m
            [36m>[39m
              [0mCOMPLETED[0m
            [36m</option>[39m
            [36m<option[39m
              [33mvalue[39m=[32m"FAILED"[39m
            [36m>[39m
              [0mFAILED[0m
            [36m</option>[39m
            [36m<option[39m
              [33mvalue[39m=[32m"CANCELLED"[39m
            [36m>[39m
              [0mCANCELLED[0m
            [36m</option>[39m
            [36m<option[39m
              [33mvalue[39m=[32m"REJECTED"[39m
            [36m>[39m
              [0mREJECTED[0m
            [36m</option>[39m
          [36m</select>[39m
        [36m</label>[39m
        [36m<label>[39m
          [0mSort render summaries[0m
          [36m<select>[39m
            [36m<option[39m
              [33mvalue[39m=[32m"id-asc"[39m
            [36m>[39m
              [0mRender ID A–Z[0m
            [36m</option>[39m
            [36m<option[39m
              [33mvalue[39m=[32m"id-desc"[39m
            [36m>[39m
              [0mRender ID Z–A[0m
            [36m</option>[39m
          [36m</select>[39m
        [36m</label>[39m
      [36m</div>[39m
      [36m<p[39m
        [33maria-live[39m=[32m"polite"[39m
        [33mrole[39m=[32m"status"[39m
      [36m>[39m
        [0m3 render summaries loaded · bounded Project snapshot.[0m
      [36m</p>[39m
      [36m<ul[39m
        [33maria-label[39m=[32m"Render summary snapshot"[39m
        [33mclass[39m=[32m"ff-render-browser-list"[39m
      [36m>[39m
        [36m<li>[39m
          [36m<section[39m
            [33mclass[39m=[32m"ff-panel "[39m
          [36m>[39m
            [36m<header[39m
              [33mclass[39m=[32m"ff-panel__header"[39m
            [36m>[39m
              [36m<h2>[39m
                [0mrender-alpha[0m
              [36m</h2>[39m
            [36m</header>[39m
            [36m<div[39m
              [33mclass[39m=[32m"ff-panel__body"[39m
            [36m>[39m
              [36m<p[39m
                [33mclass[39m=[32m"ff-render-profile"[39m
              [36m>[39m
                [0mSocial 原文[0m
              [36m</p>[39m
              [36m<span[39m
                [33mclass[39m=[32m"ff-status ff-status--neutral"[39m
              [36m>[39m
                [36m<span[39m
                  [33maria-hidden[39m=[32m"true"[39m
                [36m/>[39m
                [0mQUEUED[0m
              [36m</span>[39m
              [36m<button[39m
                [33maria-label[39m=[32m"Inspect render render-alpha"[39m
                [33mclass[39m=[32m"ff-button ff-button--secondary "[39m
              [36m>[39m
                [0mInspect[0m
              [36m</button>[39m
            [36m</div>[39m
          [36m</section>[39m
        [36m</li>[39m
        [36m<li>[39m
          [36m<section[39m
            [33mclass[39m=[32m"ff-panel "[39m
          [36m>[39m
            [36m<header[39m
              [33mclass[39m=[32m"ff-panel__header"[39m
            [36m>[39m
              [36m<h2>[39m
                [0mrender-beta[0m
              [36m</h2>[39m
            [36m</header>[39m
            [36m<div[39m
              [33mclass[39m=[32m"ff-panel__body"[39m
            [36m>[39m
              [36m<p[39m
                [33mclass[39m=[32m"ff-render-profile"[39m
              [36m>[39m
                [0m&lt;b&gt;opaque profile&lt;/b&gt;[0m
              [36m</p>[39m
              [36m<span[39m
                [33mclass[39m=[32m"ff-status ff-status--neutral"[39m
              [36m>[39m
                [36m<span[39m
                  [33maria-hidden[39m=[32m"true"[39m
                [36m/>[39m
                [0mFAILED[0m
              [36m</span>[39m
              [36m<button[39m
                [33maria-label[39m=[32m"Inspect render render-beta"[39m
                [33mclass[39m=[32m"ff-button ff-button--secondary "[39m
              [36m>[39m
                [0mInspect[0m
              [36m</button>[39m
            [36m</div>[39m
          [36m</section>[39m
        [36m</li>[39m
        [36m<li>[39m
          [36m<section[39m
            [33mclass[39m=[32m"ff-panel "[39m
          [36m>[39m
            [36m<header[39m
              [33mclass[39m=[32m"ff-panel__header"[39m
            [36m>[39m
              [36m<h2>[39m
                [0mrender-zeta[0m
              [36m</h2>[39m
            [36m</header>[39m
            [36m<div[39m
              [33mclass[39m=[32m"ff-panel__body"[39m
            [36m>[39m
              [36m<p[39m
                [33mclass[39m=[32m"ff-render-profile"[39m
              [36m>[39m
                [0mCinema &lt;literal&gt;[0m
              [36m</p>[39m
              [36m<span[39m
                [33mclass[39m=[32m"ff-status ff-status--neutral"[39m
              [36m>[39m
                [36m<span[39m
                  [33maria-hidden[39m=[32m"true"[39m
                [36m/>[39m
                [0mCOMPLETED[0m
              [36m</span>[39m
              [36m<button[39m
                [33maria-label[39m=[32m"Inspect render render-zeta"[39m
                [33mclass[39m=[32m"ff-button ff-button--secondary "[39m
              [36m>[39m
                [0mInspect[0m
              [36m</button>[39m
            [36m</div>[39m
          [36m</section>[39m
        [36m</li>[39m
      [36m</ul>[39m
    [36m</section>[39m
  [36m</div>[39m
[36m</body>[39m
 ❯ waitForWrapper node_modules/@testing-library/dom/dist/wait-for.js:163:27
 ❯ node_modules/@testing-library/dom/dist/query-helpers.js:86:33
 ❯ src/product/render-browser/RenderBrowser.test.tsx:81:33
     79|   it('opens read-only task/attempt/failure/Artifact metadata and resto…
     80|     setup()
     81|     const failed = await screen.findByRole('button', { name: 'Inspect …
       |                                 ^
     82|     failed.focus(); fireEvent.click(failed)
     83|     const dialog = screen.getByRole('dialog', { name: 'Render details'…

⎯⎯⎯⎯⎯⎯⎯⎯⎯⎯⎯⎯⎯⎯⎯⎯⎯⎯⎯⎯⎯⎯⎯[4/35]⎯

 FAIL  src/product/render-browser/RenderBrowser.test.tsx > RenderBrowser observability workflow > distinguishes missing attempts/Artifacts from empty and bounded inspectable metadata
TestingLibraryElementError: Unable to find role="button" and name "Inspect render render-queued"

Ignored nodes: comments, script, style
[36m<body>[39m
  [36m<div>[39m
    [36m<section[39m
      [33maria-label[39m=[32m"Single-Project render summaries"[39m
      [33mclass[39m=[32m"ff-render-browser"[39m
    [36m>[39m
      [36m<header[39m
        [33mclass[39m=[32m"ff-render-browser-heading"[39m
      [36m>[39m
        [36m<div>[39m
          [36m<span>[39m
            [0mOperations · read-only[0m
          [36m</span>[39m
          [36m<h1>[39m
            [0mProject renders[0m
          [36m</h1>[39m
          [36m<p>[39m
            [0mFind and inspect safe render job summaries supplied for one explicit Project. This view cannot control jobs.[0m
          [36m</p>[39m
        [36m</div>[39m
        [36m<button[39m
          [33mclass[39m=[32m"ff-button ff-button--secondary "[39m
        [36m>[39m
          [0mRefresh render summaries[0m
        [36m</button>[39m
      [36m</header>[39m
      [36m<p[39m
        [33mclass[39m=[32m"ff-render-origin ff-render-origin--simulated"[39m
      [36m>[39m
        [36m<span[39m
          [33mclass[39m=[32m"ff-badge ff-badge--warning"[39m
        [36m>[39m
          [0mSIMULATED RENDER DATA · localhost fixture only · no real account or permission[0m
        [36m</span>[39m
      [36m</p>[39m
      [36m<div[39m
        [33mclass[39m=[32m"ff-property-row"[39m
      [36m>[39m
        [36m<span>[39m
          [0mSource Project ID[0m
        [36m</span>[39m
        [36m<div>[39m
          [36m<code>[39m
            [0msimulated-render-project[0m
          [36m</code>[39m
        [36m</div>[39m
      [36m</div>[39m
      [36m<p[39m
        [33mclass[39m=[32m"ff-render-boundary"[39m
      [36m>[39m
        [0mScope comes only from the source Project shown above. Results are bounded and are not a global render inventory.[0m
      [36m</p>[39m
      [36m<div[39m
        [33mclass[39m=[32m"ff-render-controls"[39m
      [36m>[39m
        [36m<input[39m
          [33maria-label[39m=[32m"Search render summaries"[39m
          [33mclass[39m=[32m"ff-input "[39m
          [33mplaceholder[39m=[32m"Search render ID or profile"[39m
          [33mtype[39m=[32m"search"[39m
          [33mvalue[39m=[32m""[39m
        [36m/>[39m
        [36m<label>[39m
          [0mRender status[0m
          [36m<select>[39m
            [36m<option[39m
              [33mvalue[39m=[32m""[39m
            [36m>[39m
              [0mAll established statuses[0m
            [36m</option>[39m
            [36m<option[39m
              [33mvalue[39m=[32m"QUEUED"[39m
            [36m>[39m
              [0mQUEUED[0m
            [36m</option>[39m
            [36m<option[39m
              [33mvalue[39m=[32m"SELECTING_PROVIDER"[39m
            [36m>[39m
              [0mSELECTING_PROVIDER[0m
            [36m</option>[39m
            [36m<option[39m
              [33mvalue[39m=[32m"PROVIDER_SELECTED"[39m
            [36m>[39m
              [0mPROVIDER_SELECTED[0m
            [36m</option>[39m
            [36m<option[39m
              [33mvalue[39m=[32m"EXECUTING"[39m
            [36m>[39m
              [0mEXECUTING[0m
            [36m</option>[39m
            [36m<option[39m
              [33mvalue[39m=[32m"COMPLETING"[39m
            [36m>[39m
              [0mCOMPLETING[0m
            [36m</option>[39m
            [36m<option[39m
              [33mvalue[39m=[32m"COMPLETED"[39m
            [36m>[39m
              [0mCOMPLETED[0m
            [36m</option>[39m
            [36m<option[39m
              [33mvalue[39m=[32m"FAILED"[39m
            [36m>[39m
              [0mFAILED[0m
            [36m</option>[39m
            [36m<option[39m
              [33mvalue[39m=[32m"CANCELLED"[39m
            [36m>[39m
              [0mCANCELLED[0m
            [36m</option>[39m
            [36m<option[39m
              [33mvalue[39m=[32m"REJECTED"[39m
            [36m>[39m
              [0mREJECTED[0m
            [36m</option>[39m
          [36m</select>[39m
        [36m</label>[39m
        [36m<label>[39m
          [0mSort render summaries[0m
          [36m<select>[39m
            [36m<option[39m
              [33mvalue[39m=[32m"id-asc"[39m
            [36m>[39m
              [0mRender ID A–Z[0m
            [36m</option>[39m
            [36m<option[39m
              [33mvalue[39m=[32m"id-desc"[39m
            [36m>[39m
              [0mRender ID Z–A[0m
            [36m</option>[39m
          [36m</select>[39m
        [36m</label>[39m
      [36m</div>[39m
      [36m<p[39m
        [33maria-live[39m=[32m"polite"[39m
        [33mrole[39m=[32m"status"[39m
      [36m>[39m
        [0m3 render summaries loaded · bounded Project snapshot.[0m
      [36m</p>[39m
      [36m<ul[39m
        [33maria-label[39m=[32m"Render summary snapshot"[39m
        [33mclass[39m=[32m"ff-render-browser-list"[39m
      [36m>[39m
        [36m<li>[39m
          [36m<section[39m
            [33mclass[39m=[32m"ff-panel "[39m
          [36m>[39m
            [36m<header[39m
              [33mclass[39m=[32m"ff-panel__header"[39m
            [36m>[39m
              [36m<h2>[39m
                [0mrender-alpha[0m
              [36m</h2>[39m
            [36m</header>[39m
            [36m<div[39m
              [33mclass[39m=[32m"ff-panel__body"[39m
            [36m>[39m
              [36m<p[39m
                [33mclass[39m=[32m"ff-render-profile"[39m
              [36m>[39m
                [0mSocial 原文[0m
              [36m</p>[39m
              [36m<span[39m
                [33mclass[39m=[32m"ff-status ff-status--neutral"[39m
              [36m>[39m
                [36m<span[39m
                  [33maria-hidden[39m=[32m"true"[39m
                [36m/>[39m
                [0mQUEUED[0m
              [36m</span>[39m
              [36m<button[39m
                [33maria-label[39m=[32m"Inspect render render-alpha"[39m
                [33mclass[39m=[32m"ff-button ff-button--secondary "[39m
              [36m>[39m
                [0mInspect[0m
              [36m</button>[39m
            [36m</div>[39m
          [36m</section>[39m
        [36m</li>[39m
        [36m<li>[39m
          [36m<section[39m
            [33mclass[39m=[32m"ff-panel "[39m
          [36m>[39m
            [36m<header[39m
              [33mclass[39m=[32m"ff-panel__header"[39m
            [36m>[39m
              [36m<h2>[39m
                [0mrender-beta[0m
              [36m</h2>[39m
            [36m</header>[39m
            [36m<div[39m
              [33mclass[39m=[32m"ff-panel__body"[39m
            [36m>[39m
              [36m<p[39m
                [33mclass[39m=[32m"ff-render-profile"[39m
              [36m>[39m
                [0m&lt;b&gt;opaque profile&lt;/b&gt;[0m
              [36m</p>[39m
              [36m<span[39m
                [33mclass[39m=[32m"ff-status ff-status--neutral"[39m
              [36m>[39m
                [36m<span[39m
                  [33maria-hidden[39m=[32m"true"[39m
                [36m/>[39m
                [0mFAILED[0m
              [36m</span>[39m
              [36m<button[39m
                [33maria-label[39m=[32m"Inspect render render-beta"[39m
                [33mclass[39m=[32m"ff-button ff-button--secondary "[39m
              [36m>[39m
                [0mInspect[0m
              [36m</button>[39m
            [36m</div>[39m
          [36m</section>[39m
        [36m</li>[39m
        [36m<li>[39m
          [36m<section[39m
            [33mclass[39m=[32m"ff-panel "[39m
          [36m>[39m
            [36m<header[39m
              [33mclass[39m=[32m"ff-panel__header"[39m
            [36m>[39m
              [36m<h2>[39m
                [0mrender-zeta[0m
              [36m</h2>[39m
            [36m</header>[39m
            [36m<div[39m
              [33mclass[39m=[32m"ff-panel__body"[39m
            [36m>[39m
              [36m<p[39m
                [33mclass[39m=[32m"ff-render-profile"[39m
              [36m>[39m
                [0mCinema &lt;literal&gt;[0m
              [36m</p>[39m
              [36m<span[39m
                [33mclass[39m=[32m"ff-status ff-status--neutral"[39m
              [36m>[39m
                [36m<span[39m
                  [33maria-hidden[39m=[32m"true"[39m
                [36m/>[39m
                [0mCOMPLETED[0m
              [36m</span>[39m
              [36m<button[39m
                [33maria-label[39m=[32m"Inspect render render-zeta"[39m
                [33mclass[39m=[32m"ff-button ff-button--secondary "[39m
              [36m>[39m
                [0mInspect[0m
              [36m</button>[39m
            [36m</div>[39m
          [36m</section>[39m
        [36m</li>[39m
      [36m</ul>[39m
    [36m</section>[39m
  [36m</div>[39m
[36m</body>[39m

Ignored nodes: comments, script, style
[36m<body>[39m
  [36m<div>[39m
    [36m<section[39m
      [33maria-label[39m=[32m"Single-Project render summaries"[39m
      [33mclass[39m=[32m"ff-render-browser"[39m
    [36m>[39m
      [36m<header[39m
        [33mclass[39m=[32m"ff-render-browser-heading"[39m
      [36m>[39m
        [36m<div>[39m
          [36m<span>[39m
            [0mOperations · read-only[0m
          [36m</span>[39m
          [36m<h1>[39m
            [0mProject renders[0m
          [36m</h1>[39m
          [36m<p>[39m
            [0mFind and inspect safe render job summaries supplied for one explicit Project. This view cannot control jobs.[0m
          [36m</p>[39m
        [36m</div>[39m
        [36m<button[39m
          [33mclass[39m=[32m"ff-button ff-button--secondary "[39m
        [36m>[39m
          [0mRefresh render summaries[0m
        [36m</button>[39m
      [36m</header>[39m
      [36m<p[39m
        [33mclass[39m=[32m"ff-render-origin ff-render-origin--simulated"[39m
      [36m>[39m
        [36m<span[39m
          [33mclass[39m=[32m"ff-badge ff-badge--warning"[39m
        [36m>[39m
          [0mSIMULATED RENDER DATA · localhost fixture only · no real account or permission[0m
        [36m</span>[39m
      [36m</p>[39m
      [36m<div[39m
        [33mclass[39m=[32m"ff-property-row"[39m
      [36m>[39m
        [36m<span>[39m
          [0mSource Project ID[0m
        [36m</span>[39m
        [36m<div>[39m
          [36m<code>[39m
            [0msimulated-render-project[0m
          [36m</code>[39m
        [36m</div>[39m
      [36m</div>[39m
      [36m<p[39m
        [33mclass[39m=[32m"ff-render-boundary"[39m
      [36m>[39m
        [0mScope comes only from the source Project shown above. Results are bounded and are not a global render inventory.[0m
      [36m</p>[39m
      [36m<div[39m
        [33mclass[39m=[32m"ff-render-controls"[39m
      [36m>[39m
        [36m<input[39m
          [33maria-label[39m=[32m"Search render summaries"[39m
          [33mclass[39m=[32m"ff-input "[39m
          [33mplaceholder[39m=[32m"Search render ID or profile"[39m
          [33mtype[39m=[32m"search"[39m
          [33mvalue[39m=[32m""[39m
        [36m/>[39m
        [36m<label>[39m
          [0mRender status[0m
          [36m<select>[39m
            [36m<option[39m
              [33mvalue[39m=[32m""[39m
            [36m>[39m
              [0mAll established statuses[0m
            [36m</option>[39m
            [36m<option[39m
              [33mvalue[39m=[32m"QUEUED"[39m
            [36m>[39m
              [0mQUEUED[0m
            [36m</option>[39m
            [36m<option[39m
              [33mvalue[39m=[32m"SELECTING_PROVIDER"[39m
            [36m>[39m
              [0mSELECTING_PROVIDER[0m
            [36m</option>[39m
            [36m<option[39m
              [33mvalue[39m=[32m"PROVIDER_SELECTED"[39m
            [36m>[39m
              [0mPROVIDER_SELECTED[0m
            [36m</option>[39m
            [36m<option[39m
              [33mvalue[39m=[32m"EXECUTING"[39m
            [36m>[39m
              [0mEXECUTING[0m
            [36m</option>[39m
            [36m<option[39m
              [33mvalue[39m=[32m"COMPLETING"[39m
            [36m>[39m
              [0mCOMPLETING[0m
            [36m</option>[39m
            [36m<option[39m
              [33mvalue[39m=[32m"COMPLETED"[39m
            [36m>[39m
              [0mCOMPLETED[0m
            [36m</option>[39m
            [36m<option[39m
              [33mvalue[39m=[32m"FAILED"[39m
            [36m>[39m
              [0mFAILED[0m
            [36m</option>[39m
            [36m<option[39m
              [33mvalue[39m=[32m"CANCELLED"[39m
            [36m>[39m
              [0mCANCELLED[0m
            [36m</option>[39m
            [36m<option[39m
              [33mvalue[39m=[32m"REJECTED"[39m
            [36m>[39m
              [0mREJECTED[0m
            [36m</option>[39m
          [36m</select>[39m
        [36m</label>[39m
        [36m<label>[39m
          [0mSort render summaries[0m
          [36m<select>[39m
            [36m<option[39m
              [33mvalue[39m=[32m"id-asc"[39m
            [36m>[39m
              [0mRender ID A–Z[0m
            [36m</option>[39m
            [36m<option[39m
              [33mvalue[39m=[32m"id-desc"[39m
            [36m>[39m
              [0mRender ID Z–A[0m
            [36m</option>[39m
          [36m</select>[39m
        [36m</label>[39m
      [36m</div>[39m
      [36m<p[39m
        [33maria-live[39m=[32m"polite"[39m
        [33mrole[39m=[32m"status"[39m
      [36m>[39m
        [0m3 render summaries loaded · bounded Project snapshot.[0m
      [36m</p>[39m
      [36m<ul[39m
        [33maria-label[39m=[32m"Render summary snapshot"[39m
        [33mclass[39m=[32m"ff-render-browser-list"[39m
      [36m>[39m
        [36m<li>[39m
          [36m<section[39m
            [33mclass[39m=[32m"ff-panel "[39m
          [36m>[39m
            [36m<header[39m
              [33mclass[39m=[32m"ff-panel__header"[39m
            [36m>[39m
              [36m<h2>[39m
                [0mrender-alpha[0m
              [36m</h2>[39m
            [36m</header>[39m
            [36m<div[39m
              [33mclass[39m=[32m"ff-panel__body"[39m
            [36m>[39m
              [36m<p[39m
                [33mclass[39m=[32m"ff-render-profile"[39m
              [36m>[39m
                [0mSocial 原文[0m
              [36m</p>[39m
              [36m<span[39m
                [33mclass[39m=[32m"ff-status ff-status--neutral"[39m
              [36m>[39m
                [36m<span[39m
                  [33maria-hidden[39m=[32m"true"[39m
                [36m/>[39m
                [0mQUEUED[0m
              [36m</span>[39m
              [36m<button[39m
                [33maria-label[39m=[32m"Inspect render render-alpha"[39m
                [33mclass[39m=[32m"ff-button ff-button--secondary "[39m
              [36m>[39m
                [0mInspect[0m
              [36m</button>[39m
            [36m</div>[39m
          [36m</section>[39m
        [36m</li>[39m
        [36m<li>[39m
          [36m<section[39m
            [33mclass[39m=[32m"ff-panel "[39m
          [36m>[39m
            [36m<header[39m
              [33mclass[39m=[32m"ff-panel__header"[39m
            [36m>[39m
              [36m<h2>[39m
                [0mrender-beta[0m
              [36m</h2>[39m
            [36m</header>[39m
            [36m<div[39m
              [33mclass[39m=[32m"ff-panel__body"[39m
            [36m>[39m
              [36m<p[39m
                [33mclass[39m=[32m"ff-render-profile"[39m
              [36m>[39m
                [0m&lt;b&gt;opaque profile&lt;/b&gt;[0m
              [36m</p>[39m
              [36m<span[39m
                [33mclass[39m=[32m"ff-status ff-status--neutral"[39m
              [36m>[39m
                [36m<span[39m
                  [33maria-hidden[39m=[32m"true"[39m
                [36m/>[39m
                [0mFAILED[0m
              [36m</span>[39m
              [36m<button[39m
                [33maria-label[39m=[32m"Inspect render render-beta"[39m
                [33mclass[39m=[32m"ff-button ff-button--secondary "[39m
              [36m>[39m
                [0mInspect[0m
              [36m</button>[39m
            [36m</div>[39m
          [36m</section>[39m
        [36m</li>[39m
        [36m<li>[39m
          [36m<section[39m
            [33mclass[39m=[32m"ff-panel "[39m
          [36m>[39m
            [36m<header[39m
              [33mclass[39m=[32m"ff-panel__header"[39m
            [36m>[39m
              [36m<h2>[39m
                [0mrender-zeta[0m
              [36m</h2>[39m
            [36m</header>[39m
            [36m<div[39m
              [33mclass[39m=[32m"ff-panel__body"[39m
            [36m>[39m
              [36m<p[39m
                [33mclass[39m=[32m"ff-render-profile"[39m
              [36m>[39m
                [0mCinema &lt;literal&gt;[0m
              [36m</p>[39m
              [36m<span[39m
                [33mclass[39m=[32m"ff-status ff-status--neutral"[39m
              [36m>[39m
                [36m<span[39m
                  [33maria-hidden[39m=[32m"true"[39m
                [36m/>[39m
                [0mCOMPLETED[0m
              [36m</span>[39m
              [36m<button[39m
                [33maria-label[39m=[32m"Inspect render render-zeta"[39m
                [33mclass[39m=[32m"ff-button ff-button--secondary "[39m
              [36m>[39m
                [0mInspect[0m
              [36m</button>[39m
            [36m</div>[39m
          [36m</section>[39m
        [36m</li>[39m
      [36m</ul>[39m
    [36m</section>[39m
  [36m</div>[39m
[36m</body>[39m
 ❯ waitForWrapper node_modules/@testing-library/dom/dist/wait-for.js:163:27
 ❯ node_modules/@testing-library/dom/dist/query-helpers.js:86:33
 ❯ src/product/render-browser/RenderBrowser.test.tsx:96:34
     94|   it('distinguishes missing attempts/Artifacts from empty and bounded …
     95|     setup()
     96|     fireEvent.click(await screen.findByRole('button', { name: 'Inspect…
       |                                  ^
     97|     let dialog = screen.getByRole('dialog', { name: 'Render details' })
     98|     expect(within(dialog).getByText('Attempt history was not supplied.…

⎯⎯⎯⎯⎯⎯⎯⎯⎯⎯⎯⎯⎯⎯⎯⎯⎯⎯⎯⎯⎯⎯⎯[5/35]⎯

 FAIL  src/product/render-browser/RenderBrowser.test.tsx > RenderBrowser observability workflow > uses one stable Refresh/Cancel/Retry control, preserves filters, drops cancelled replies and never steals moved focus
TestingLibraryElementError: Unable to find an element with the text: Connected render. This could be because the text is broken up by multiple elements. In this case, you can provide a function for your text matcher to make your matcher more flexible.

Ignored nodes: comments, script, style
[36m<body>[39m
  [36m<div>[39m
    [36m<button[39m
      [33mtype[39m=[32m"button"[39m
    [36m>[39m
      [0mStable focus[0m
    [36m</button>[39m
    [36m<section[39m
      [33maria-label[39m=[32m"Single-Project render summaries"[39m
      [33mclass[39m=[32m"ff-render-browser"[39m
    [36m>[39m
      [36m<header[39m
        [33mclass[39m=[32m"ff-render-browser-heading"[39m
      [36m>[39m
        [36m<div>[39m
          [36m<span>[39m
            [0mOperations · read-only[0m
          [36m</span>[39m
          [36m<h1>[39m
            [0mProject renders[0m
          [36m</h1>[39m
          [36m<p>[39m
            [0mFind and inspect safe render job summaries supplied for one explicit Project. This view cannot control jobs.[0m
          [36m</p>[39m
        [36m</div>[39m
      [36m</header>[39m
      [36m<p[39m
        [33mclass[39m=[32m"ff-render-origin ff-render-origin--unavailable"[39m
      [36m>[39m
        [36m<span[39m
          [33mclass[39m=[32m"ff-badge ff-badge--neutral"[39m
        [36m>[39m
          [0mRENDER SOURCE UNAVAILABLE · no request was sent[0m
        [36m</span>[39m
      [36m</p>[39m
      [36m<div[39m
        [33mclass[39m=[32m"ff-property-row"[39m
      [36m>[39m
        [36m<span>[39m
          [0mSource Project ID[0m
        [36m</span>[39m
        [36m<div>[39m
          [36m<code>[39m
            [0mproject-1[0m
          [36m</code>[39m
        [36m</div>[39m
      [36m</div>[39m
      [36m<p[39m
        [33mclass[39m=[32m"ff-render-boundary"[39m
      [36m>[39m
        [0mScope comes only from the source Project shown above. Results are bounded and are not a global render inventory.[0m
      [36m</p>[39m
      [36m<section[39m
        [33maria-busy[39m=[32m"false"[39m
        [33maria-labelledby[39m=[32m"_r_5_"[39m
        [33maria-live[39m=[32m"polite"[39m
        [33mclass[39m=[32m"ff-state ff-state--blocked"[39m
      [36m>[39m
        [36m<span[39m
          [33mclass[39m=[32m"ff-state__code"[39m
        [36m>[39m
          [0mBLOCKED[0m
        [36m</span>[39m
        [36m<h2[39m
          [33mid[39m=[32m"_r_5_"[39m
        [36m>[39m
          [0mRender summary access unknown[0m
        [36m</h2>[39m
        [36m<div>[39m
          [36m<p>[39m
            [0mAccess or Project scope could not be established, so the request remained fail-closed.[0m
          [36m</p>[39m
        [36m</div>[39m
      [36m</section>[39m
    [36m</section>[39m
  [36m</div>[39m
[36m</body>[39m

Ignored nodes: comments, script, style
[36m<body>[39m
  [36m<div>[39m
    [36m<button[39m
      [33mtype[39m=[32m"button"[39m
    [36m>[39m
      [0mStable focus[0m
    [36m</button>[39m
    [36m<section[39m
      [33maria-label[39m=[32m"Single-Project render summaries"[39m
      [33mclass[39m=[32m"ff-render-browser"[39m
    [36m>[39m
      [36m<header[39m
        [33mclass[39m=[32m"ff-render-browser-heading"[39m
      [36m>[39m
        [36m<div>[39m
          [36m<span>[39m
            [0mOperations · read-only[0m
          [36m</span>[39m
          [36m<h1>[39m
            [0mProject renders[0m
          [36m</h1>[39m
          [36m<p>[39m
            [0mFind and inspect safe render job summaries supplied for one explicit Project. This view cannot control jobs.[0m
          [36m</p>[39m
        [36m</div>[39m
      [36m</header>[39m
      [36m<p[39m
        [33mclass[39m=[32m"ff-render-origin ff-render-origin--unavailable"[39m
      [36m>[39m
        [36m<span[39m
          [33mclass[39m=[32m"ff-badge ff-badge--neutral"[39m
        [36m>[39m
          [0mRENDER SOURCE UNAVAILABLE · no request was sent[0m
        [36m</span>[39m
      [36m</p>[39m
      [36m<div[39m
        [33mclass[39m=[32m"ff-property-row"[39m
      [36m>[39m
        [36m<span>[39m
          [0mSource Project ID[0m
        [36m</span>[39m
        [36m<div>[39m
          [36m<code>[39m
            [0mproject-1[0m
          [36m</code>[39m
        [36m</div>[39m
      [36m</div>[39m
      [36m<p[39m
        [33mclass[39m=[32m"ff-render-boundary"[39m
      [36m>[39m
        [0mScope comes only from the source Project shown above. Results are bounded and are not a global render inventory.[0m
      [36m</p>[39m
      [36m<section[39m
        [33maria-busy[39m=[32m"false"[39m
        [33maria-labelledby[39m=[32m"_r_5_"[39m
        [33maria-live[39m=[32m"polite"[39m
        [33mclass[39m=[32m"ff-state ff-state--blocked"[39m
      [36m>[39m
        [36m<span[39m
          [33mclass[39m=[32m"ff-state__code"[39m
        [36m>[39m
          [0mBLOCKED[0m
        [36m</span>[39m
        [36m<h2[39m
          [33mid[39m=[32m"_r_5_"[39m
        [36m>[39m
          [0mRender summary access unknown[0m
        [36m</h2>[39m
        [36m<div>[39m
          [36m<p>[39m
            [0mAccess or Project scope could not be established, so the request remained fail-closed.[0m
          [36m</p>[39m
        [36m</div>[39m
      [36m</section>[39m
    [36m</section>[39m
  [36m</div>[39m
[36m</body>[39m
 ❯ waitForWrapper node_modules/@testing-library/dom/dist/wait-for.js:163:27
 ❯ node_modules/@testing-library/dom/dist/query-helpers.js:86:33
 ❯ src/product/render-browser/RenderBrowser.test.tsx:111:18


⎯⎯⎯⎯⎯⎯⎯⎯⎯⎯⎯⎯⎯⎯⎯⎯⎯⎯⎯⎯⎯⎯⎯[6/35]⎯

 FAIL  src/product/render-browser/RenderBrowser.test.tsx > RenderBrowser observability workflow > clears old content for a safe unavailable receipt and keeps retry available
TestingLibraryElementError: Unable to find an element with the text: Connected render. This could be because the text is broken up by multiple elements. In this case, you can provide a function for your text matcher to make your matcher more flexible.

Ignored nodes: comments, script, style
[36m<body>[39m
  [36m<div>[39m
    [36m<section[39m
      [33maria-label[39m=[32m"Single-Project render summaries"[39m
      [33mclass[39m=[32m"ff-render-browser"[39m
    [36m>[39m
      [36m<header[39m
        [33mclass[39m=[32m"ff-render-browser-heading"[39m
      [36m>[39m
        [36m<div>[39m
          [36m<span>[39m
            [0mOperations · read-only[0m
          [36m</span>[39m
          [36m<h1>[39m
            [0mProject renders[0m
          [36m</h1>[39m
          [36m<p>[39m
            [0mFind and inspect safe render job summaries supplied for one explicit Project. This view cannot control jobs.[0m
          [36m</p>[39m
        [36m</div>[39m
      [36m</header>[39m
      [36m<p[39m
        [33mclass[39m=[32m"ff-render-origin ff-render-origin--unavailable"[39m
      [36m>[39m
        [36m<span[39m
          [33mclass[39m=[32m"ff-badge ff-badge--neutral"[39m
        [36m>[39m
          [0mRENDER SOURCE UNAVAILABLE · no request was sent[0m
        [36m</span>[39m
      [36m</p>[39m
      [36m<div[39m
        [33mclass[39m=[32m"ff-property-row"[39m
      [36m>[39m
        [36m<span>[39m
          [0mSource Project ID[0m
        [36m</span>[39m
        [36m<div>[39m
          [36m<code>[39m
            [0mproject-1[0m
          [36m</code>[39m
        [36m</div>[39m
      [36m</div>[39m
      [36m<p[39m
        [33mclass[39m=[32m"ff-render-boundary"[39m
      [36m>[39m
        [0mScope comes only from the source Project shown above. Results are bounded and are not a global render inventory.[0m
      [36m</p>[39m
      [36m<section[39m
        [33maria-busy[39m=[32m"false"[39m
        [33maria-labelledby[39m=[32m"_r_6_"[39m
        [33maria-live[39m=[32m"polite"[39m
        [33mclass[39m=[32m"ff-state ff-state--blocked"[39m
      [36m>[39m
        [36m<span[39m
          [33mclass[39m=[32m"ff-state__code"[39m
        [36m>[39m
          [0mBLOCKED[0m
        [36m</span>[39m
        [36m<h2[39m
          [33mid[39m=[32m"_r_6_"[39m
        [36m>[39m
          [0mRender summary access unknown[0m
        [36m</h2>[39m
        [36m<div>[39m
          [36m<p>[39m
            [0mAccess or Project scope could not be established, so the request remained fail-closed.[0m
          [36m</p>[39m
        [36m</div>[39m
      [36m</section>[39m
    [36m</section>[39m
  [36m</div>[39m
[36m</body>[39m

Ignored nodes: comments, script, style
[36m<body>[39m
  [36m<div>[39m
    [36m<section[39m
      [33maria-label[39m=[32m"Single-Project render summaries"[39m
      [33mclass[39m=[32m"ff-render-browser"[39m
    [36m>[39m
      [36m<header[39m
        [33mclass[39m=[32m"ff-render-browser-heading"[39m
      [36m>[39m
        [36m<div>[39m
          [36m<span>[39m
            [0mOperations · read-only[0m
          [36m</span>[39m
          [36m<h1>[39m
            [0mProject renders[0m
          [36m</h1>[39m
          [36m<p>[39m
            [0mFind and inspect safe render job summaries supplied for one explicit Project. This view cannot control jobs.[0m
          [36m</p>[39m
        [36m</div>[39m
      [36m</header>[39m
      [36m<p[39m
        [33mclass[39m=[32m"ff-render-origin ff-render-origin--unavailable"[39m
      [36m>[39m
        [36m<span[39m
          [33mclass[39m=[32m"ff-badge ff-badge--neutral"[39m
        [36m>[39m
          [0mRENDER SOURCE UNAVAILABLE · no request was sent[0m
        [36m</span>[39m
      [36m</p>[39m
      [36m<div[39m
        [33mclass[39m=[32m"ff-property-row"[39m
      [36m>[39m
        [36m<span>[39m
          [0mSource Project ID[0m
        [36m</span>[39m
        [36m<div>[39m
          [36m<code>[39m
            [0mproject-1[0m
          [36m</code>[39m
        [36m</div>[39m
      [36m</div>[39m
      [36m<p[39m
        [33mclass[39m=[32m"ff-render-boundary"[39m
      [36m>[39m
        [0mScope comes only from the source Project shown above. Results are bounded and are not a global render inventory.[0m
      [36m</p>[39m
      [36m<section[39m
        [33maria-busy[39m=[32m"false"[39m
        [33maria-labelledby[39m=[32m"_r_6_"[39m
        [33maria-live[39m=[32m"polite"[39m
        [33mclass[39m=[32m"ff-state ff-state--blocked"[39m
      [36m>[39m
        [36m<span[39m
          [33mclass[39m=[32m"ff-state__code"[39m
        [36m>[39m
          [0mBLOCKED[0m
        [36m</span>[39m
        [36m<h2[39m
          [33mid[39m=[32m"_r_6_"[39m
        [36m>[39m
          [0mRender summary access unknown[0m
        [36m</h2>[39m
        [36m<div>[39m
          [36m<p>[39m
            [0mAccess or Project scope could not be established, so the request remained fail-closed.[0m
          [36m</p>[39m
        [36m</div>[39m
      [36m</section>[39m
    [36m</section>[39m
  [36m</div>[39m
[36m</body>[39m
 ❯ waitForWrapper node_modules/@testing-library/dom/dist/wait-for.js:163:27
 ❯ node_modules/@testing-library/dom/dist/query-helpers.js:86:33
 ❯ src/product/render-browser/RenderBrowser.test.tsx:132:62
    130| 
    131|   it.each(['unavailable', 'denied', 'unknown', 'unsupported', 'error',…
    132|     const source = realSource(); setup(source); await screen.findByTex…
       |                                                              ^
    133|     vi.spyOn(source.adapter, 'readProject').mockImplementation(async r…
    134|     fireEvent.click(screen.getByRole('button', { name: 'Refresh render…

⎯⎯⎯⎯⎯⎯⎯⎯⎯⎯⎯⎯⎯⎯⎯⎯⎯⎯⎯⎯⎯⎯⎯[7/35]⎯

 FAIL  src/product/render-browser/RenderBrowser.test.tsx > RenderBrowser observability workflow > clears old content for a safe denied receipt and keeps retry available
TestingLibraryElementError: Unable to find an element with the text: Connected render. This could be because the text is broken up by multiple elements. In this case, you can provide a function for your text matcher to make your matcher more flexible.

Ignored nodes: comments, script, style
[36m<body>[39m
  [36m<div>[39m
    [36m<section[39m
      [33maria-label[39m=[32m"Single-Project render summaries"[39m
      [33mclass[39m=[32m"ff-render-browser"[39m
    [36m>[39m
      [36m<header[39m
        [33mclass[39m=[32m"ff-render-browser-heading"[39m
      [36m>[39m
        [36m<div>[39m
          [36m<span>[39m
            [0mOperations · read-only[0m
          [36m</span>[39m
          [36m<h1>[39m
            [0mProject renders[0m
          [36m</h1>[39m
          [36m<p>[39m
            [0mFind and inspect safe render job summaries supplied for one explicit Project. This view cannot control jobs.[0m
          [36m</p>[39m
        [36m</div>[39m
      [36m</header>[39m
      [36m<p[39m
        [33mclass[39m=[32m"ff-render-origin ff-render-origin--unavailable"[39m
      [36m>[39m
        [36m<span[39m
          [33mclass[39m=[32m"ff-badge ff-badge--neutral"[39m
        [36m>[39m
          [0mRENDER SOURCE UNAVAILABLE · no request was sent[0m
        [36m</span>[39m
      [36m</p>[39m
      [36m<div[39m
        [33mclass[39m=[32m"ff-property-row"[39m
      [36m>[39m
        [36m<span>[39m
          [0mSource Project ID[0m
        [36m</span>[39m
        [36m<div>[39m
          [36m<code>[39m
            [0mproject-1[0m
          [36m</code>[39m
        [36m</div>[39m
      [36m</div>[39m
      [36m<p[39m
        [33mclass[39m=[32m"ff-render-boundary"[39m
      [36m>[39m
        [0mScope comes only from the source Project shown above. Results are bounded and are not a global render inventory.[0m
      [36m</p>[39m
      [36m<section[39m
        [33maria-busy[39m=[32m"false"[39m
        [33maria-labelledby[39m=[32m"_r_7_"[39m
        [33maria-live[39m=[32m"polite"[39m
        [33mclass[39m=[32m"ff-state ff-state--blocked"[39m
      [36m>[39m
        [36m<span[39m
          [33mclass[39m=[32m"ff-state__code"[39m
        [36m>[39m
          [0mBLOCKED[0m
        [36m</span>[39m
        [36m<h2[39m
          [33mid[39m=[32m"_r_7_"[39m
        [36m>[39m
          [0mRender summary access unknown[0m
        [36m</h2>[39m
        [36m<div>[39m
          [36m<p>[39m
            [0mAccess or Project scope could not be established, so the request remained fail-closed.[0m
          [36m</p>[39m
        [36m</div>[39m
      [36m</section>[39m
    [36m</section>[39m
  [36m</div>[39m
[36m</body>[39m

Ignored nodes: comments, script, style
[36m<body>[39m
  [36m<div>[39m
    [36m<section[39m
      [33maria-label[39m=[32m"Single-Project render summaries"[39m
      [33mclass[39m=[32m"ff-render-browser"[39m
    [36m>[39m
      [36m<header[39m
        [33mclass[39m=[32m"ff-render-browser-heading"[39m
      [36m>[39m
        [36m<div>[39m
          [36m<span>[39m
            [0mOperations · read-only[0m
          [36m</span>[39m
          [36m<h1>[39m
            [0mProject renders[0m
          [36m</h1>[39m
          [36m<p>[39m
            [0mFind and inspect safe render job summaries supplied for one explicit Project. This view cannot control jobs.[0m
          [36m</p>[39m
        [36m</div>[39m
      [36m</header>[39m
      [36m<p[39m
        [33mclass[39m=[32m"ff-render-origin ff-render-origin--unavailable"[39m
      [36m>[39m
        [36m<span[39m
          [33mclass[39m=[32m"ff-badge ff-badge--neutral"[39m
        [36m>[39m
          [0mRENDER SOURCE UNAVAILABLE · no request was sent[0m
        [36m</span>[39m
      [36m</p>[39m
      [36m<div[39m
        [33mclass[39m=[32m"ff-property-row"[39m
      [36m>[39m
        [36m<span>[39m
          [0mSource Project ID[0m
        [36m</span>[39m
        [36m<div>[39m
          [36m<code>[39m
            [0mproject-1[0m
          [36m</code>[39m
        [36m</div>[39m
      [36m</div>[39m
      [36m<p[39m
        [33mclass[39m=[32m"ff-render-boundary"[39m
      [36m>[39m
        [0mScope comes only from the source Project shown above. Results are bounded and are not a global render inventory.[0m
      [36m</p>[39m
      [36m<section[39m
        [33maria-busy[39m=[32m"false"[39m
        [33maria-labelledby[39m=[32m"_r_7_"[39m
        [33maria-live[39m=[32m"polite"[39m
        [33mclass[39m=[32m"ff-state ff-state--blocked"[39m
      [36m>[39m
        [36m<span[39m
          [33mclass[39m=[32m"ff-state__code"[39m
        [36m>[39m
          [0mBLOCKED[0m
        [36m</span>[39m
        [36m<h2[39m
          [33mid[39m=[32m"_r_7_"[39m
        [36m>[39m
          [0mRender summary access unknown[0m
        [36m</h2>[39m
        [36m<div>[39m
          [36m<p>[39m
            [0mAccess or Project scope could not be established, so the request remained fail-closed.[0m
          [36m</p>[39m
        [36m</div>[39m
      [36m</section>[39m
    [36m</section>[39m
  [36m</div>[39m
[36m</body>[39m
 ❯ waitForWrapper node_modules/@testing-library/dom/dist/wait-for.js:163:27
 ❯ node_modules/@testing-library/dom/dist/query-helpers.js:86:33
 ❯ src/product/render-browser/RenderBrowser.test.tsx:132:62
    130| 
    131|   it.each(['unavailable', 'denied', 'unknown', 'unsupported', 'error',…
    132|     const source = realSource(); setup(source); await screen.findByTex…
       |                                                              ^
    133|     vi.spyOn(source.adapter, 'readProject').mockImplementation(async r…
    134|     fireEvent.click(screen.getByRole('button', { name: 'Refresh render…

⎯⎯⎯⎯⎯⎯⎯⎯⎯⎯⎯⎯⎯⎯⎯⎯⎯⎯⎯⎯⎯⎯⎯[8/35]⎯

 FAIL  src/product/render-browser/RenderBrowser.test.tsx > RenderBrowser observability workflow > clears old content for a safe unknown receipt and keeps retry available
TestingLibraryElementError: Unable to find an element with the text: Connected render. This could be because the text is broken up by multiple elements. In this case, you can provide a function for your text matcher to make your matcher more flexible.

Ignored nodes: comments, script, style
[36m<body>[39m
  [36m<div>[39m
    [36m<section[39m
      [33maria-label[39m=[32m"Single-Project render summaries"[39m
      [33mclass[39m=[32m"ff-render-browser"[39m
    [36m>[39m
      [36m<header[39m
        [33mclass[39m=[32m"ff-render-browser-heading"[39m
      [36m>[39m
        [36m<div>[39m
          [36m<span>[39m
            [0mOperations · read-only[0m
          [36m</span>[39m
          [36m<h1>[39m
            [0mProject renders[0m
          [36m</h1>[39m
          [36m<p>[39m
            [0mFind and inspect safe render job summaries supplied for one explicit Project. This view cannot control jobs.[0m
          [36m</p>[39m
        [36m</div>[39m
      [36m</header>[39m
      [36m<p[39m
        [33mclass[39m=[32m"ff-render-origin ff-render-origin--unavailable"[39m
      [36m>[39m
        [36m<span[39m
          [33mclass[39m=[32m"ff-badge ff-badge--neutral"[39m
        [36m>[39m
          [0mRENDER SOURCE UNAVAILABLE · no request was sent[0m
        [36m</span>[39m
      [36m</p>[39m
      [36m<div[39m
        [33mclass[39m=[32m"ff-property-row"[39m
      [36m>[39m
        [36m<span>[39m
          [0mSource Project ID[0m
        [36m</span>[39m
        [36m<div>[39m
          [36m<code>[39m
            [0mproject-1[0m
          [36m</code>[39m
        [36m</div>[39m
      [36m</div>[39m
      [36m<p[39m
        [33mclass[39m=[32m"ff-render-boundary"[39m
      [36m>[39m
        [0mScope comes only from the source Project shown above. Results are bounded and are not a global render inventory.[0m
      [36m</p>[39m
      [36m<section[39m
        [33maria-busy[39m=[32m"false"[39m
        [33maria-labelledby[39m=[32m"_r_8_"[39m
        [33maria-live[39m=[32m"polite"[39m
        [33mclass[39m=[32m"ff-state ff-state--blocked"[39m
      [36m>[39m
        [36m<span[39m
          [33mclass[39m=[32m"ff-state__code"[39m
        [36m>[39m
          [0mBLOCKED[0m
        [36m</span>[39m
        [36m<h2[39m
          [33mid[39m=[32m"_r_8_"[39m
        [36m>[39m
          [0mRender summary access unknown[0m
        [36m</h2>[39m
        [36m<div>[39m
          [36m<p>[39m
            [0mAccess or Project scope could not be established, so the request remained fail-closed.[0m
          [36m</p>[39m
        [36m</div>[39m
      [36m</section>[39m
    [36m</section>[39m
  [36m</div>[39m
[36m</body>[39m

Ignored nodes: comments, script, style
[36m<body>[39m
  [36m<div>[39m
    [36m<section[39m
      [33maria-label[39m=[32m"Single-Project render summaries"[39m
      [33mclass[39m=[32m"ff-render-browser"[39m
    [36m>[39m
      [36m<header[39m
        [33mclass[39m=[32m"ff-render-browser-heading"[39m
      [36m>[39m
        [36m<div>[39m
          [36m<span>[39m
            [0mOperations · read-only[0m
          [36m</span>[39m
          [36m<h1>[39m
            [0mProject renders[0m
          [36m</h1>[39m
          [36m<p>[39m
            [0mFind and inspect safe render job summaries supplied for one explicit Project. This view cannot control jobs.[0m
          [36m</p>[39m
        [36m</div>[39m
      [36m</header>[39m
      [36m<p[39m
        [33mclass[39m=[32m"ff-render-origin ff-render-origin--unavailable"[39m
      [36m>[39m
        [36m<span[39m
          [33mclass[39m=[32m"ff-badge ff-badge--neutral"[39m
        [36m>[39m
          [0mRENDER SOURCE UNAVAILABLE · no request was sent[0m
        [36m</span>[39m
      [36m</p>[39m
      [36m<div[39m
        [33mclass[39m=[32m"ff-property-row"[39m
      [36m>[39m
        [36m<span>[39m
          [0mSource Project ID[0m
        [36m</span>[39m
        [36m<div>[39m
          [36m<code>[39m
            [0mproject-1[0m
          [36m</code>[39m
        [36m</div>[39m
      [36m</div>[39m
      [36m<p[39m
        [33mclass[39m=[32m"ff-render-boundary"[39m
      [36m>[39m
        [0mScope comes only from the source Project shown above. Results are bounded and are not a global render inventory.[0m
      [36m</p>[39m
      [36m<section[39m
        [33maria-busy[39m=[32m"false"[39m
        [33maria-labelledby[39m=[32m"_r_8_"[39m
        [33maria-live[39m=[32m"polite"[39m
        [33mclass[39m=[32m"ff-state ff-state--blocked"[39m
      [36m>[39m
        [36m<span[39m
          [33mclass[39m=[32m"ff-state__code"[39m
        [36m>[39m
          [0mBLOCKED[0m
        [36m</span>[39m
        [36m<h2[39m
          [33mid[39m=[32m"_r_8_"[39m
        [36m>[39m
          [0mRender summary access unknown[0m
        [36m</h2>[39m
        [36m<div>[39m
          [36m<p>[39m
            [0mAccess or Project scope could not be established, so the request remained fail-closed.[0m
          [36m</p>[39m
        [36m</div>[39m
      [36m</section>[39m
    [36m</section>[39m
  [36m</div>[39m
[36m</body>[39m
 ❯ waitForWrapper node_modules/@testing-library/dom/dist/wait-for.js:163:27
 ❯ node_modules/@testing-library/dom/dist/query-helpers.js:86:33
 ❯ src/product/render-browser/RenderBrowser.test.tsx:132:62
    130| 
    131|   it.each(['unavailable', 'denied', 'unknown', 'unsupported', 'error',…
    132|     const source = realSource(); setup(source); await screen.findByTex…
       |                                                              ^
    133|     vi.spyOn(source.adapter, 'readProject').mockImplementation(async r…
    134|     fireEvent.click(screen.getByRole('button', { name: 'Refresh render…

⎯⎯⎯⎯⎯⎯⎯⎯⎯⎯⎯⎯⎯⎯⎯⎯⎯⎯⎯⎯⎯⎯⎯[9/35]⎯

 FAIL  src/product/render-browser/RenderBrowser.test.tsx > RenderBrowser observability workflow > clears old content for a safe unsupported receipt and keeps retry available
TestingLibraryElementError: Unable to find an element with the text: Connected render. This could be because the text is broken up by multiple elements. In this case, you can provide a function for your text matcher to make your matcher more flexible.

Ignored nodes: comments, script, style
[36m<body>[39m
  [36m<div>[39m
    [36m<section[39m
      [33maria-label[39m=[32m"Single-Project render summaries"[39m
      [33mclass[39m=[32m"ff-render-browser"[39m
    [36m>[39m
      [36m<header[39m
        [33mclass[39m=[32m"ff-render-browser-heading"[39m
      [36m>[39m
        [36m<div>[39m
          [36m<span>[39m
            [0mOperations · read-only[0m
          [36m</span>[39m
          [36m<h1>[39m
            [0mProject renders[0m
          [36m</h1>[39m
          [36m<p>[39m
            [0mFind and inspect safe render job summaries supplied for one explicit Project. This view cannot control jobs.[0m
          [36m</p>[39m
        [36m</div>[39m
      [36m</header>[39m
      [36m<p[39m
        [33mclass[39m=[32m"ff-render-origin ff-render-origin--unavailable"[39m
      [36m>[39m
        [36m<span[39m
          [33mclass[39m=[32m"ff-badge ff-badge--neutral"[39m
        [36m>[39m
          [0mRENDER SOURCE UNAVAILABLE · no request was sent[0m
        [36m</span>[39m
      [36m</p>[39m
      [36m<div[39m
        [33mclass[39m=[32m"ff-property-row"[39m
      [36m>[39m
        [36m<span>[39m
          [0mSource Project ID[0m
        [36m</span>[39m
        [36m<div>[39m
          [36m<code>[39m
            [0mproject-1[0m
          [36m</code>[39m
        [36m</div>[39m
      [36m</div>[39m
      [36m<p[39m
        [33mclass[39m=[32m"ff-render-boundary"[39m
      [36m>[39m
        [0mScope comes only from the source Project shown above. Results are bounded and are not a global render inventory.[0m
      [36m</p>[39m
      [36m<section[39m
        [33maria-busy[39m=[32m"false"[39m
        [33maria-labelledby[39m=[32m"_r_9_"[39m
        [33maria-live[39m=[32m"polite"[39m
        [33mclass[39m=[32m"ff-state ff-state--blocked"[39m
      [36m>[39m
        [36m<span[39m
          [33mclass[39m=[32m"ff-state__code"[39m
        [36m>[39m
          [0mBLOCKED[0m
        [36m</span>[39m
        [36m<h2[39m
          [33mid[39m=[32m"_r_9_"[39m
        [36m>[39m
          [0mRender summary access unknown[0m
        [36m</h2>[39m
        [36m<div>[39m
          [36m<p>[39m
            [0mAccess or Project scope could not be established, so the request remained fail-closed.[0m
          [36m</p>[39m
        [36m</div>[39m
      [36m</section>[39m
    [36m</section>[39m
  [36m</div>[39m
[36m</body>[39m

Ignored nodes: comments, script, style
[36m<body>[39m
  [36m<div>[39m
    [36m<section[39m
      [33maria-label[39m=[32m"Single-Project render summaries"[39m
      [33mclass[39m=[32m"ff-render-browser"[39m
    [36m>[39m
      [36m<header[39m
        [33mclass[39m=[32m"ff-render-browser-heading"[39m
      [36m>[39m
        [36m<div>[39m
          [36m<span>[39m
            [0mOperations · read-only[0m
          [36m</span>[39m
          [36m<h1>[39m
            [0mProject renders[0m
          [36m</h1>[39m
          [36m<p>[39m
            [0mFind and inspect safe render job summaries supplied for one explicit Project. This view cannot control jobs.[0m
          [36m</p>[39m
        [36m</div>[39m
      [36m</header>[39m
      [36m<p[39m
        [33mclass[39m=[32m"ff-render-origin ff-render-origin--unavailable"[39m
      [36m>[39m
        [36m<span[39m
          [33mclass[39m=[32m"ff-badge ff-badge--neutral"[39m
        [36m>[39m
          [0mRENDER SOURCE UNAVAILABLE · no request was sent[0m
        [36m</span>[39m
      [36m</p>[39m
      [36m<div[39m
        [33mclass[39m=[32m"ff-property-row"[39m
      [36m>[39m
        [36m<span>[39m
          [0mSource Project ID[0m
        [36m</span>[39m
        [36m<div>[39m
          [36m<code>[39m
            [0mproject-1[0m
          [36m</code>[39m
        [36m</div>[39m
      [36m</div>[39m
      [36m<p[39m
        [33mclass[39m=[32m"ff-render-boundary"[39m
      [36m>[39m
        [0mScope comes only from the source Project shown above. Results are bounded and are not a global render inventory.[0m
      [36m</p>[39m
      [36m<section[39m
        [33maria-busy[39m=[32m"false"[39m
        [33maria-labelledby[39m=[32m"_r_9_"[39m
        [33maria-live[39m=[32m"polite"[39m
        [33mclass[39m=[32m"ff-state ff-state--blocked"[39m
      [36m>[39m
        [36m<span[39m
          [33mclass[39m=[32m"ff-state__code"[39m
        [36m>[39m
          [0mBLOCKED[0m
        [36m</span>[39m
        [36m<h2[39m
          [33mid[39m=[32m"_r_9_"[39m
        [36m>[39m
          [0mRender summary access unknown[0m
        [36m</h2>[39m
        [36m<div>[39m
          [36m<p>[39m
            [0mAccess or Project scope could not be established, so the request remained fail-closed.[0m
          [36m</p>[39m
        [36m</div>[39m
      [36m</section>[39m
    [36m</section>[39m
  [36m</div>[39m
[36m</body>[39m
 ❯ waitForWrapper node_modules/@testing-library/dom/dist/wait-for.js:163:27
 ❯ node_modules/@testing-library/dom/dist/query-helpers.js:86:33
 ❯ src/product/render-browser/RenderBrowser.test.tsx:132:62
    130| 
    131|   it.each(['unavailable', 'denied', 'unknown', 'unsupported', 'error',…
    132|     const source = realSource(); setup(source); await screen.findByTex…
       |                                                              ^
    133|     vi.spyOn(source.adapter, 'readProject').mockImplementation(async r…
    134|     fireEvent.click(screen.getByRole('button', { name: 'Refresh render…

⎯⎯⎯⎯⎯⎯⎯⎯⎯⎯⎯⎯⎯⎯⎯⎯⎯⎯⎯⎯⎯⎯[10/35]⎯

 FAIL  src/product/render-browser/RenderBrowser.test.tsx > RenderBrowser observability workflow > clears old content for a safe error receipt and keeps retry available
TestingLibraryElementError: Unable to find an element with the text: Connected render. This could be because the text is broken up by multiple elements. In this case, you can provide a function for your text matcher to make your matcher more flexible.

Ignored nodes: comments, script, style
[36m<body>[39m
  [36m<div>[39m
    [36m<section[39m
      [33maria-label[39m=[32m"Single-Project render summaries"[39m
      [33mclass[39m=[32m"ff-render-browser"[39m
    [36m>[39m
      [36m<header[39m
        [33mclass[39m=[32m"ff-render-browser-heading"[39m
      [36m>[39m
        [36m<div>[39m
          [36m<span>[39m
            [0mOperations · read-only[0m
          [36m</span>[39m
          [36m<h1>[39m
            [0mProject renders[0m
          [36m</h1>[39m
          [36m<p>[39m
            [0mFind and inspect safe render job summaries supplied for one explicit Project. This view cannot control jobs.[0m
          [36m</p>[39m
        [36m</div>[39m
      [36m</header>[39m
      [36m<p[39m
        [33mclass[39m=[32m"ff-render-origin ff-render-origin--unavailable"[39m
      [36m>[39m
        [36m<span[39m
          [33mclass[39m=[32m"ff-badge ff-badge--neutral"[39m
        [36m>[39m
          [0mRENDER SOURCE UNAVAILABLE · no request was sent[0m
        [36m</span>[39m
      [36m</p>[39m
      [36m<div[39m
        [33mclass[39m=[32m"ff-property-row"[39m
      [36m>[39m
        [36m<span>[39m
          [0mSource Project ID[0m
        [36m</span>[39m
        [36m<div>[39m
          [36m<code>[39m
            [0mproject-1[0m
          [36m</code>[39m
        [36m</div>[39m
      [36m</div>[39m
      [36m<p[39m
        [33mclass[39m=[32m"ff-render-boundary"[39m
      [36m>[39m
        [0mScope comes only from the source Project shown above. Results are bounded and are not a global render inventory.[0m
      [36m</p>[39m
      [36m<section[39m
        [33maria-busy[39m=[32m"false"[39m
        [33maria-labelledby[39m=[32m"_r_a_"[39m
        [33maria-live[39m=[32m"polite"[39m
        [33mclass[39m=[32m"ff-state ff-state--blocked"[39m
      [36m>[39m
        [36m<span[39m
          [33mclass[39m=[32m"ff-state__code"[39m
        [36m>[39m
          [0mBLOCKED[0m
        [36m</span>[39m
        [36m<h2[39m
          [33mid[39m=[32m"_r_a_"[39m
        [36m>[39m
          [0mRender summary access unknown[0m
        [36m</h2>[39m
        [36m<div>[39m
          [36m<p>[39m
            [0mAccess or Project scope could not be established, so the request remained fail-closed.[0m
          [36m</p>[39m
        [36m</div>[39m
      [36m</section>[39m
    [36m</section>[39m
  [36m</div>[39m
[36m</body>[39m

Ignored nodes: comments, script, style
[36m<body>[39m
  [36m<div>[39m
    [36m<section[39m
      [33maria-label[39m=[32m"Single-Project render summaries"[39m
      [33mclass[39m=[32m"ff-render-browser"[39m
    [36m>[39m
      [36m<header[39m
        [33mclass[39m=[32m"ff-render-browser-heading"[39m
      [36m>[39m
        [36m<div>[39m
          [36m<span>[39m
            [0mOperations · read-only[0m
          [36m</span>[39m
          [36m<h1>[39m
            [0mProject renders[0m
          [36m</h1>[39m
          [36m<p>[39m
            [0mFind and inspect safe render job summaries supplied for one explicit Project. This view cannot control jobs.[0m
          [36m</p>[39m
        [36m</div>[39m
      [36m</header>[39m
      [36m<p[39m
        [33mclass[39m=[32m"ff-render-origin ff-render-origin--unavailable"[39m
      [36m>[39m
        [36m<span[39m
          [33mclass[39m=[32m"ff-badge ff-badge--neutral"[39m
        [36m>[39m
          [0mRENDER SOURCE UNAVAILABLE · no request was sent[0m
        [36m</span>[39m
      [36m</p>[39m
      [36m<div[39m
        [33mclass[39m=[32m"ff-property-row"[39m
      [36m>[39m
        [36m<span>[39m
          [0mSource Project ID[0m
        [36m</span>[39m
        [36m<div>[39m
          [36m<code>[39m
            [0mproject-1[0m
          [36m</code>[39m
        [36m</div>[39m
      [36m</div>[39m
      [36m<p[39m
        [33mclass[39m=[32m"ff-render-boundary"[39m
      [36m>[39m
        [0mScope comes only from the source Project shown above. Results are bounded and are not a global render inventory.[0m
      [36m</p>[39m
      [36m<section[39m
        [33maria-busy[39m=[32m"false"[39m
        [33maria-labelledby[39m=[32m"_r_a_"[39m
        [33maria-live[39m=[32m"polite"[39m
        [33mclass[39m=[32m"ff-state ff-state--blocked"[39m
      [36m>[39m
        [36m<span[39m
          [33mclass[39m=[32m"ff-state__code"[39m
        [36m>[39m
          [0mBLOCKED[0m
        [36m</span>[39m
        [36m<h2[39m
          [33mid[39m=[32m"_r_a_"[39m
        [36m>[39m
          [0mRender summary access unknown[0m
        [36m</h2>[39m
        [36m<div>[39m
          [36m<p>[39m
            [0mAccess or Project scope could not be established, so the request remained fail-closed.[0m
          [36m</p>[39m
        [36m</div>[39m
      [36m</section>[39m
    [36m</section>[39m
  [36m</div>[39m
[36m</body>[39m
 ❯ waitForWrapper node_modules/@testing-library/dom/dist/wait-for.js:163:27
 ❯ node_modules/@testing-library/dom/dist/query-helpers.js:86:33
 ❯ src/product/render-browser/RenderBrowser.test.tsx:132:62
    130| 
    131|   it.each(['unavailable', 'denied', 'unknown', 'unsupported', 'error',…
    132|     const source = realSource(); setup(source); await screen.findByTex…
       |                                                              ^
    133|     vi.spyOn(source.adapter, 'readProject').mockImplementation(async r…
    134|     fireEvent.click(screen.getByRole('button', { name: 'Refresh render…

⎯⎯⎯⎯⎯⎯⎯⎯⎯⎯⎯⎯⎯⎯⎯⎯⎯⎯⎯⎯⎯⎯[11/35]⎯

 FAIL  src/product/render-browser/RenderBrowser.test.tsx > RenderBrowser observability workflow > clears old content for a safe stale receipt and keeps retry available
TestingLibraryElementError: Unable to find an element with the text: Connected render. This could be because the text is broken up by multiple elements. In this case, you can provide a function for your text matcher to make your matcher more flexible.

Ignored nodes: comments, script, style
[36m<body>[39m
  [36m<div>[39m
    [36m<section[39m
      [33maria-label[39m=[32m"Single-Project render summaries"[39m
      [33mclass[39m=[32m"ff-render-browser"[39m
    [36m>[39m
      [36m<header[39m
        [33mclass[39m=[32m"ff-render-browser-heading"[39m
      [36m>[39m
        [36m<div>[39m
          [36m<span>[39m
            [0mOperations · read-only[0m
          [36m</span>[39m
          [36m<h1>[39m
            [0mProject renders[0m
          [36m</h1>[39m
          [36m<p>[39m
            [0mFind and inspect safe render job summaries supplied for one explicit Project. This view cannot control jobs.[0m
          [36m</p>[39m
        [36m</div>[39m
      [36m</header>[39m
      [36m<p[39m
        [33mclass[39m=[32m"ff-render-origin ff-render-origin--unavailable"[39m
      [36m>[39m
        [36m<span[39m
          [33mclass[39m=[32m"ff-badge ff-badge--neutral"[39m
        [36m>[39m
          [0mRENDER SOURCE UNAVAILABLE · no request was sent[0m
        [36m</span>[39m
      [36m</p>[39m
      [36m<div[39m
        [33mclass[39m=[32m"ff-property-row"[39m
      [36m>[39m
        [36m<span>[39m
          [0mSource Project ID[0m
        [36m</span>[39m
        [36m<div>[39m
          [36m<code>[39m
            [0mproject-1[0m
          [36m</code>[39m
        [36m</div>[39m
      [36m</div>[39m
      [36m<p[39m
        [33mclass[39m=[32m"ff-render-boundary"[39m
      [36m>[39m
        [0mScope comes only from the source Project shown above. Results are bounded and are not a global render inventory.[0m
      [36m</p>[39m
      [36m<section[39m
        [33maria-busy[39m=[32m"false"[39m
        [33maria-labelledby[39m=[32m"_r_b_"[39m
        [33maria-live[39m=[32m"polite"[39m
        [33mclass[39m=[32m"ff-state ff-state--blocked"[39m
      [36m>[39m
        [36m<span[39m
          [33mclass[39m=[32m"ff-state__code"[39m
        [36m>[39m
          [0mBLOCKED[0m
        [36m</span>[39m
        [36m<h2[39m
          [33mid[39m=[32m"_r_b_"[39m
        [36m>[39m
          [0mRender summary access unknown[0m
        [36m</h2>[39m
        [36m<div>[39m
          [36m<p>[39m
            [0mAccess or Project scope could not be established, so the request remained fail-closed.[0m
          [36m</p>[39m
        [36m</div>[39m
      [36m</section>[39m
    [36m</section>[39m
  [36m</div>[39m
[36m</body>[39m

Ignored nodes: comments, script, style
[36m<body>[39m
  [36m<div>[39m
    [36m<section[39m
      [33maria-label[39m=[32m"Single-Project render summaries"[39m
      [33mclass[39m=[32m"ff-render-browser"[39m
    [36m>[39m
      [36m<header[39m
        [33mclass[39m=[32m"ff-render-browser-heading"[39m
      [36m>[39m
        [36m<div>[39m
          [36m<span>[39m
            [0mOperations · read-only[0m
          [36m</span>[39m
          [36m<h1>[39m
            [0mProject renders[0m
          [36m</h1>[39m
          [36m<p>[39m
            [0mFind and inspect safe render job summaries supplied for one explicit Project. This view cannot control jobs.[0m
          [36m</p>[39m
        [36m</div>[39m
      [36m</header>[39m
      [36m<p[39m
        [33mclass[39m=[32m"ff-render-origin ff-render-origin--unavailable"[39m
      [36m>[39m
        [36m<span[39m
          [33mclass[39m=[32m"ff-badge ff-badge--neutral"[39m
        [36m>[39m
          [0mRENDER SOURCE UNAVAILABLE · no request was sent[0m
        [36m</span>[39m
      [36m</p>[39m
      [36m<div[39m
        [33mclass[39m=[32m"ff-property-row"[39m
      [36m>[39m
        [36m<span>[39m
          [0mSource Project ID[0m
        [36m</span>[39m
        [36m<div>[39m
          [36m<code>[39m
            [0mproject-1[0m
          [36m</code>[39m
        [36m</div>[39m
      [36m</div>[39m
      [36m<p[39m
        [33mclass[39m=[32m"ff-render-boundary"[39m
      [36m>[39m
        [0mScope comes only from the source Project shown above. Results are bounded and are not a global render inventory.[0m
      [36m</p>[39m
      [36m<section[39m
        [33maria-busy[39m=[32m"false"[39m
        [33maria-labelledby[39m=[32m"_r_b_"[39m
        [33maria-live[39m=[32m"polite"[39m
        [33mclass[39m=[32m"ff-state ff-state--blocked"[39m
      [36m>[39m
        [36m<span[39m
          [33mclass[39m=[32m"ff-state__code"[39m
        [36m>[39m
          [0mBLOCKED[0m
        [36m</span>[39m
        [36m<h2[39m
          [33mid[39m=[32m"_r_b_"[39m
        [36m>[39m
          [0mRender summary access unknown[0m
        [36m</h2>[39m
        [36m<div>[39m
          [36m<p>[39m
            [0mAccess or Project scope could not be established, so the request remained fail-closed.[0m
          [36m</p>[39m
        [36m</div>[39m
      [36m</section>[39m
    [36m</section>[39m
  [36m</div>[39m
[36m</body>[39m
 ❯ waitForWrapper node_modules/@testing-library/dom/dist/wait-for.js:163:27
 ❯ node_modules/@testing-library/dom/dist/query-helpers.js:86:33
 ❯ src/product/render-browser/RenderBrowser.test.tsx:132:62
    130| 
    131|   it.each(['unavailable', 'denied', 'unknown', 'unsupported', 'error',…
    132|     const source = realSource(); setup(source); await screen.findByTex…
       |                                                              ^
    133|     vi.spyOn(source.adapter, 'readProject').mockImplementation(async r…
    134|     fireEvent.click(screen.getByRole('button', { name: 'Refresh render…

⎯⎯⎯⎯⎯⎯⎯⎯⎯⎯⎯⎯⎯⎯⎯⎯⎯⎯⎯⎯⎯⎯[12/35]⎯

 FAIL  src/product/render-browser/RenderBrowser.test.tsx > RenderBrowser observability workflow > distinguishes invalid relationships from invalid returned content and never retains stale detail
TestingLibraryElementError: Unable to find an element with the text: Connected render. This could be because the text is broken up by multiple elements. In this case, you can provide a function for your text matcher to make your matcher more flexible.

Ignored nodes: comments, script, style
[36m<body>[39m
  [36m<div>[39m
    [36m<section[39m
      [33maria-label[39m=[32m"Single-Project render summaries"[39m
      [33mclass[39m=[32m"ff-render-browser"[39m
    [36m>[39m
      [36m<header[39m
        [33mclass[39m=[32m"ff-render-browser-heading"[39m
      [36m>[39m
        [36m<div>[39m
          [36m<span>[39m
            [0mOperations · read-only[0m
          [36m</span>[39m
          [36m<h1>[39m
            [0mProject renders[0m
          [36m</h1>[39m
          [36m<p>[39m
            [0mFind and inspect safe render job summaries supplied for one explicit Project. This view cannot control jobs.[0m
          [36m</p>[39m
        [36m</div>[39m
      [36m</header>[39m
      [36m<p[39m
        [33mclass[39m=[32m"ff-render-origin ff-render-origin--unavailable"[39m
      [36m>[39m
        [36m<span[39m
          [33mclass[39m=[32m"ff-badge ff-badge--neutral"[39m
        [36m>[39m
          [0mRENDER SOURCE UNAVAILABLE · no request was sent[0m
        [36m</span>[39m
      [36m</p>[39m
      [36m<div[39m
        [33mclass[39m=[32m"ff-property-row"[39m
      [36m>[39m
        [36m<span>[39m
          [0mSource Project ID[0m
        [36m</span>[39m
        [36m<div>[39m
          [36m<code>[39m
            [0mproject-1[0m
          [36m</code>[39m
        [36m</div>[39m
      [36m</div>[39m
      [36m<p[39m
        [33mclass[39m=[32m"ff-render-boundary"[39m
      [36m>[39m
        [0mScope comes only from the source Project shown above. Results are bounded and are not a global render inventory.[0m
      [36m</p>[39m
      [36m<section[39m
        [33maria-busy[39m=[32m"false"[39m
        [33maria-labelledby[39m=[32m"_r_c_"[39m
        [33maria-live[39m=[32m"polite"[39m
        [33mclass[39m=[32m"ff-state ff-state--blocked"[39m
      [36m>[39m
        [36m<span[39m
          [33mclass[39m=[32m"ff-state__code"[39m
        [36m>[39m
          [0mBLOCKED[0m
        [36m</span>[39m
        [36m<h2[39m
          [33mid[39m=[32m"_r_c_"[39m
        [36m>[39m
          [0mRender summary access unknown[0m
        [36m</h2>[39m
        [36m<div>[39m
          [36m<p>[39m
            [0mAccess or Project scope could not be established, so the request remained fail-closed.[0m
          [36m</p>[39m
        [36m</div>[39m
      [36m</section>[39m
    [36m</section>[39m
  [36m</div>[39m
[36m</body>[39m

Ignored nodes: comments, script, style
[36m<body>[39m
  [36m<div>[39m
    [36m<section[39m
      [33maria-label[39m=[32m"Single-Project render summaries"[39m
      [33mclass[39m=[32m"ff-render-browser"[39m
    [36m>[39m
      [36m<header[39m
        [33mclass[39m=[32m"ff-render-browser-heading"[39m
      [36m>[39m
        [36m<div>[39m
          [36m<span>[39m
            [0mOperations · read-only[0m
          [36m</span>[39m
          [36m<h1>[39m
            [0mProject renders[0m
          [36m</h1>[39m
          [36m<p>[39m
            [0mFind and inspect safe render job summaries supplied for one explicit Project. This view cannot control jobs.[0m
          [36m</p>[39m
        [36m</div>[39m
      [36m</header>[39m
      [36m<p[39m
        [33mclass[39m=[32m"ff-render-origin ff-render-origin--unavailable"[39m
      [36m>[39m
        [36m<span[39m
          [33mclass[39m=[32m"ff-badge ff-badge--neutral"[39m
        [36m>[39m
          [0mRENDER SOURCE UNAVAILABLE · no request was sent[0m
        [36m</span>[39m
      [36m</p>[39m
      [36m<div[39m
        [33mclass[39m=[32m"ff-property-row"[39m
      [36m>[39m
        [36m<span>[39m
          [0mSource Project ID[0m
        [36m</span>[39m
        [36m<div>[39m
          [36m<code>[39m
            [0mproject-1[0m
          [36m</code>[39m
        [36m</div>[39m
      [36m</div>[39m
      [36m<p[39m
        [33mclass[39m=[32m"ff-render-boundary"[39m
      [36m>[39m
        [0mScope comes only from the source Project shown above. Results are bounded and are not a global render inventory.[0m
      [36m</p>[39m
      [36m<section[39m
        [33maria-busy[39m=[32m"false"[39m
        [33maria-labelledby[39m=[32m"_r_c_"[39m
        [33maria-live[39m=[32m"polite"[39m
        [33mclass[39m=[32m"ff-state ff-state--blocked"[39m
      [36m>[39m
        [36m<span[39m
          [33mclass[39m=[32m"ff-state__code"[39m
        [36m>[39m
          [0mBLOCKED[0m
        [36m</span>[39m
        [36m<h2[39m
          [33mid[39m=[32m"_r_c_"[39m
        [36m>[39m
          [0mRender summary access unknown[0m
        [36m</h2>[39m
        [36m<div>[39m
          [36m<p>[39m
            [0mAccess or Project scope could not be established, so the request remained fail-closed.[0m
          [36m</p>[39m
        [36m</div>[39m
      [36m</section>[39m
    [36m</section>[39m
  [36m</div>[39m
[36m</body>[39m
 ❯ waitForWrapper node_modules/@testing-library/dom/dist/wait-for.js:163:27
 ❯ node_modules/@testing-library/dom/dist/query-helpers.js:86:33
 ❯ src/product/render-browser/RenderBrowser.test.tsx:141:62
    139| 
    140|   it('distinguishes invalid relationships from invalid returned conten…
    141|     const source = realSource(); setup(source); await screen.findByTex…
       |                                                              ^
    142|     vi.spyOn(source.adapter, 'readProject').mockImplementation(async r…
    143|       const result = ownedResult(request, 'Must stay hidden')

⎯⎯⎯⎯⎯⎯⎯⎯⎯⎯⎯⎯⎯⎯⎯⎯⎯⎯⎯⎯⎯⎯[13/35]⎯

 FAIL  src/product/render-browser/RenderBrowser.test.tsx > RenderBrowser observability workflow > shows detail-not-found after a successful refresh removes the inspected Render
TestingLibraryElementError: Unable to find role="button" and name "Inspect render Connected render"

Ignored nodes: comments, script, style
[36m<body>[39m
  [36m<div>[39m
    [36m<section[39m
      [33maria-label[39m=[32m"Single-Project render summaries"[39m
      [33mclass[39m=[32m"ff-render-browser"[39m
    [36m>[39m
      [36m<header[39m
        [33mclass[39m=[32m"ff-render-browser-heading"[39m
      [36m>[39m
        [36m<div>[39m
          [36m<span>[39m
            [0mOperations · read-only[0m
          [36m</span>[39m
          [36m<h1>[39m
            [0mProject renders[0m
          [36m</h1>[39m
          [36m<p>[39m
            [0mFind and inspect safe render job summaries supplied for one explicit Project. This view cannot control jobs.[0m
          [36m</p>[39m
        [36m</div>[39m
      [36m</header>[39m
      [36m<p[39m
        [33mclass[39m=[32m"ff-render-origin ff-render-origin--unavailable"[39m
      [36m>[39m
        [36m<span[39m
          [33mclass[39m=[32m"ff-badge ff-badge--neutral"[39m
        [36m>[39m
          [0mRENDER SOURCE UNAVAILABLE · no request was sent[0m
        [36m</span>[39m
      [36m</p>[39m
      [36m<div[39m
        [33mclass[39m=[32m"ff-property-row"[39m
      [36m>[39m
        [36m<span>[39m
          [0mSource Project ID[0m
        [36m</span>[39m
        [36m<div>[39m
          [36m<code>[39m
            [0mproject-1[0m
          [36m</code>[39m
        [36m</div>[39m
      [36m</div>[39m
      [36m<p[39m
        [33mclass[39m=[32m"ff-render-boundary"[39m
      [36m>[39m
        [0mScope comes only from the source Project shown above. Results are bounded and are not a global render inventory.[0m
      [36m</p>[39m
      [36m<section[39m
        [33maria-busy[39m=[32m"false"[39m
        [33maria-labelledby[39m=[32m"_r_d_"[39m
        [33maria-live[39m=[32m"polite"[39m
        [33mclass[39m=[32m"ff-state ff-state--blocked"[39m
      [36m>[39m
        [36m<span[39m
          [33mclass[39m=[32m"ff-state__code"[39m
        [36m>[39m
          [0mBLOCKED[0m
        [36m</span>[39m
        [36m<h2[39m
          [33mid[39m=[32m"_r_d_"[39m
        [36m>[39m
          [0mRender summary access unknown[0m
        [36m</h2>[39m
        [36m<div>[39m
          [36m<p>[39m
            [0mAccess or Project scope could not be established, so the request remained fail-closed.[0m
          [36m</p>[39m
        [36m</div>[39m
      [36m</section>[39m
    [36m</section>[39m
  [36m</div>[39m
[36m</body>[39m

Ignored nodes: comments, script, style
[36m<body>[39m
  [36m<div>[39m
    [36m<section[39m
      [33maria-label[39m=[32m"Single-Project render summaries"[39m
      [33mclass[39m=[32m"ff-render-browser"[39m
    [36m>[39m
      [36m<header[39m
        [33mclass[39m=[32m"ff-render-browser-heading"[39m
      [36m>[39m
        [36m<div>[39m
          [36m<span>[39m
            [0mOperations · read-only[0m
          [36m</span>[39m
          [36m<h1>[39m
            [0mProject renders[0m
          [36m</h1>[39m
          [36m<p>[39m
            [0mFind and inspect safe render job summaries supplied for one explicit Project. This view cannot control jobs.[0m
          [36m</p>[39m
        [36m</div>[39m
      [36m</header>[39m
      [36m<p[39m
        [33mclass[39m=[32m"ff-render-origin ff-render-origin--unavailable"[39m
      [36m>[39m
        [36m<span[39m
          [33mclass[39m=[32m"ff-badge ff-badge--neutral"[39m
        [36m>[39m
          [0mRENDER SOURCE UNAVAILABLE · no request was sent[0m
        [36m</span>[39m
      [36m</p>[39m
      [36m<div[39m
        [33mclass[39m=[32m"ff-property-row"[39m
      [36m>[39m
        [36m<span>[39m
          [0mSource Project ID[0m
        [36m</span>[39m
        [36m<div>[39m
          [36m<code>[39m
            [0mproject-1[0m
          [36m</code>[39m
        [36m</div>[39m
      [36m</div>[39m
      [36m<p[39m
        [33mclass[39m=[32m"ff-render-boundary"[39m
      [36m>[39m
        [0mScope comes only from the source Project shown above. Results are bounded and are not a global render inventory.[0m
      [36m</p>[39m
      [36m<section[39m
        [33maria-busy[39m=[32m"false"[39m
        [33maria-labelledby[39m=[32m"_r_d_"[39m
        [33maria-live[39m=[32m"polite"[39m
        [33mclass[39m=[32m"ff-state ff-state--blocked"[39m
      [36m>[39m
        [36m<span[39m
          [33mclass[39m=[32m"ff-state__code"[39m
        [36m>[39m
          [0mBLOCKED[0m
        [36m</span>[39m
        [36m<h2[39m
          [33mid[39m=[32m"_r_d_"[39m
        [36m>[39m
          [0mRender summary access unknown[0m
        [36m</h2>[39m
        [36m<div>[39m
          [36m<p>[39m
            [0mAccess or Project scope could not be established, so the request remained fail-closed.[0m
          [36m</p>[39m
        [36m</div>[39m
      [36m</section>[39m
    [36m</section>[39m
  [36m</div>[39m
[36m</body>[39m
 ❯ waitForWrapper node_modules/@testing-library/dom/dist/wait-for.js:163:27
 ❯ node_modules/@testing-library/dom/dist/query-helpers.js:86:33
 ❯ src/product/render-browser/RenderBrowser.test.tsx:154:34
    152|   it('shows detail-not-found after a successful refresh removes the in…
    153|     const source = realSource(); setup(source)
    154|     fireEvent.click(await screen.findByRole('button', { name: 'Inspect…
       |                                  ^
    155|     const workflow = screen.getByRole('button', { name: 'Refresh rende…
    156|     vi.spyOn(source.adapter, 'readProject').mockImplementationOnce(asy…

⎯⎯⎯⎯⎯⎯⎯⎯⎯⎯⎯⎯⎯⎯⎯⎯⎯⎯⎯⎯⎯⎯[14/35]⎯

 FAIL  src/product/render-browser/RenderBrowser.test.tsx > RenderBrowser observability workflow > retires a pending valid reply on principalId change
TestingLibraryElementError: Unable to find an element with the text: Connected render. This could be because the text is broken up by multiple elements. In this case, you can provide a function for your text matcher to make your matcher more flexible.

Ignored nodes: comments, script, style
[36m<body>[39m
  [36m<div>[39m
    [36m<section[39m
      [33maria-label[39m=[32m"Single-Project render summaries"[39m
      [33mclass[39m=[32m"ff-render-browser"[39m
    [36m>[39m
      [36m<header[39m
        [33mclass[39m=[32m"ff-render-browser-heading"[39m
      [36m>[39m
        [36m<div>[39m
          [36m<span>[39m
            [0mOperations · read-only[0m
          [36m</span>[39m
          [36m<h1>[39m
            [0mProject renders[0m
          [36m</h1>[39m
          [36m<p>[39m
            [0mFind and inspect safe render job summaries supplied for one explicit Project. This view cannot control jobs.[0m
          [36m</p>[39m
        [36m</div>[39m
      [36m</header>[39m
      [36m<p[39m
        [33mclass[39m=[32m"ff-render-origin ff-render-origin--unavailable"[39m
      [36m>[39m
        [36m<span[39m
          [33mclass[39m=[32m"ff-badge ff-badge--neutral"[39m
        [36m>[39m
          [0mRENDER SOURCE UNAVAILABLE · no request was sent[0m
        [36m</span>[39m
      [36m</p>[39m
      [36m<div[39m
        [33mclass[39m=[32m"ff-property-row"[39m
      [36m>[39m
        [36m<span>[39m
          [0mSource Project ID[0m
        [36m</span>[39m
        [36m<div>[39m
          [36m<code>[39m
            [0mproject-1[0m
          [36m</code>[39m
        [36m</div>[39m
      [36m</div>[39m
      [36m<p[39m
        [33mclass[39m=[32m"ff-render-boundary"[39m
      [36m>[39m
        [0mScope comes only from the source Project shown above. Results are bounded and are not a global render inventory.[0m
      [36m</p>[39m
      [36m<section[39m
        [33maria-busy[39m=[32m"false"[39m
        [33maria-labelledby[39m=[32m"_r_f_"[39m
        [33maria-live[39m=[32m"polite"[39m
        [33mclass[39m=[32m"ff-state ff-state--blocked"[39m
      [36m>[39m
        [36m<span[39m
          [33mclass[39m=[32m"ff-state__code"[39m
        [36m>[39m
          [0mBLOCKED[0m
        [36m</span>[39m
        [36m<h2[39m
          [33mid[39m=[32m"_r_f_"[39m
        [36m>[39m
          [0mRender summary access unknown[0m
        [36m</h2>[39m
        [36m<div>[39m
          [36m<p>[39m
            [0mAccess or Project scope could not be established, so the request remained fail-closed.[0m
          [36m</p>[39m
        [36m</div>[39m
      [36m</section>[39m
    [36m</section>[39m
  [36m</div>[39m
[36m</body>[39m

Ignored nodes: comments, script, style
[36m<body>[39m
  [36m<div>[39m
    [36m<section[39m
      [33maria-label[39m=[32m"Single-Project render summaries"[39m
      [33mclass[39m=[32m"ff-render-browser"[39m
    [36m>[39m
      [36m<header[39m
        [33mclass[39m=[32m"ff-render-browser-heading"[39m
      [36m>[39m
        [36m<div>[39m
          [36m<span>[39m
            [0mOperations · read-only[0m
          [36m</span>[39m
          [36m<h1>[39m
            [0mProject renders[0m
          [36m</h1>[39m
          [36m<p>[39m
            [0mFind and inspect safe render job summaries supplied for one explicit Project. This view cannot control jobs.[0m
          [36m</p>[39m
        [36m</div>[39m
      [36m</header>[39m
      [36m<p[39m
        [33mclass[39m=[32m"ff-render-origin ff-render-origin--unavailable"[39m
      [36m>[39m
        [36m<span[39m
          [33mclass[39m=[32m"ff-badge ff-badge--neutral"[39m
        [36m>[39m
          [0mRENDER SOURCE UNAVAILABLE · no request was sent[0m
        [36m</span>[39m
      [36m</p>[39m
      [36m<div[39m
        [33mclass[39m=[32m"ff-property-row"[39m
      [36m>[39m
        [36m<span>[39m
          [0mSource Project ID[0m
        [36m</span>[39m
        [36m<div>[39m
          [36m<code>[39m
            [0mproject-1[0m
          [36m</code>[39m
        [36m</div>[39m
      [36m</div>[39m
      [36m<p[39m
        [33mclass[39m=[32m"ff-render-boundary"[39m
      [36m>[39m
        [0mScope comes only from the source Project shown above. Results are bounded and are not a global render inventory.[0m
      [36m</p>[39m
      [36m<section[39m
        [33maria-busy[39m=[32m"false"[39m
        [33maria-labelledby[39m=[32m"_r_f_"[39m
        [33maria-live[39m=[32m"polite"[39m
        [33mclass[39m=[32m"ff-state ff-state--blocked"[39m
      [36m>[39m
        [36m<span[39m
          [33mclass[39m=[32m"ff-state__code"[39m
        [36m>[39m
          [0mBLOCKED[0m
        [36m</span>[39m
        [36m<h2[39m
          [33mid[39m=[32m"_r_f_"[39m
        [36m>[39m
          [0mRender summary access unknown[0m
        [36m</h2>[39m
        [36m<div>[39m
          [36m<p>[39m
            [0mAccess or Project scope could not be established, so the request remained fail-closed.[0m
          [36m</p>[39m
        [36m</div>[39m
      [36m</section>[39m
    [36m</section>[39m
  [36m</div>[39m
[36m</body>[39m
 ❯ waitForWrapper node_modules/@testing-library/dom/dist/wait-for.js:163:27
 ❯ node_modules/@testing-library/dom/dist/query-helpers.js:86:33
 ❯ src/product/render-browser/RenderBrowser.test.tsx:168:25
    166|     const next = realSource({ [field]: field === 'projectId' ? 'projec…
    167|     view.rerender(<Host source={next} />)
    168|     expect(await screen.findByText('Connected render')).toBeTruthy()
       |                         ^
    169|     await act(async () => pending.resolve(ownedResult(oldRequest, 'Ret…
    170|     expect(screen.queryByText('Retired secret')).toBeNull()

⎯⎯⎯⎯⎯⎯⎯⎯⎯⎯⎯⎯⎯⎯⎯⎯⎯⎯⎯⎯⎯⎯[15/35]⎯

 FAIL  src/product/render-browser/RenderBrowser.test.tsx > RenderBrowser observability workflow > retires a pending valid reply on tenantId change
TestingLibraryElementError: Unable to find an element with the text: Connected render. This could be because the text is broken up by multiple elements. In this case, you can provide a function for your text matcher to make your matcher more flexible.

Ignored nodes: comments, script, style
[36m<body>[39m
  [36m<div>[39m
    [36m<section[39m
      [33maria-label[39m=[32m"Single-Project render summaries"[39m
      [33mclass[39m=[32m"ff-render-browser"[39m
    [36m>[39m
      [36m<header[39m
        [33mclass[39m=[32m"ff-render-browser-heading"[39m
      [36m>[39m
        [36m<div>[39m
          [36m<span>[39m
            [0mOperations · read-only[0m
          [36m</span>[39m
          [36m<h1>[39m
            [0mProject renders[0m
          [36m</h1>[39m
          [36m<p>[39m
            [0mFind and inspect safe render job summaries supplied for one explicit Project. This view cannot control jobs.[0m
          [36m</p>[39m
        [36m</div>[39m
      [36m</header>[39m
      [36m<p[39m
        [33mclass[39m=[32m"ff-render-origin ff-render-origin--unavailable"[39m
      [36m>[39m
        [36m<span[39m
          [33mclass[39m=[32m"ff-badge ff-badge--neutral"[39m
        [36m>[39m
          [0mRENDER SOURCE UNAVAILABLE · no request was sent[0m
        [36m</span>[39m
      [36m</p>[39m
      [36m<div[39m
        [33mclass[39m=[32m"ff-property-row"[39m
      [36m>[39m
        [36m<span>[39m
          [0mSource Project ID[0m
        [36m</span>[39m
        [36m<div>[39m
          [36m<code>[39m
            [0mproject-1[0m
          [36m</code>[39m
        [36m</div>[39m
      [36m</div>[39m
      [36m<p[39m
        [33mclass[39m=[32m"ff-render-boundary"[39m
      [36m>[39m
        [0mScope comes only from the source Project shown above. Results are bounded and are not a global render inventory.[0m
      [36m</p>[39m
      [36m<section[39m
        [33maria-busy[39m=[32m"false"[39m
        [33maria-labelledby[39m=[32m"_r_h_"[39m
        [33maria-live[39m=[32m"polite"[39m
        [33mclass[39m=[32m"ff-state ff-state--blocked"[39m
      [36m>[39m
        [36m<span[39m
          [33mclass[39m=[32m"ff-state__code"[39m
        [36m>[39m
          [0mBLOCKED[0m
        [36m</span>[39m
        [36m<h2[39m
          [33mid[39m=[32m"_r_h_"[39m
        [36m>[39m
          [0mRender summary access unknown[0m
        [36m</h2>[39m
        [36m<div>[39m
          [36m<p>[39m
            [0mAccess or Project scope could not be established, so the request remained fail-closed.[0m
          [36m</p>[39m
        [36m</div>[39m
      [36m</section>[39m
    [36m</section>[39m
  [36m</div>[39m
[36m</body>[39m

Ignored nodes: comments, script, style
[36m<body>[39m
  [36m<div>[39m
    [36m<section[39m
      [33maria-label[39m=[32m"Single-Project render summaries"[39m
      [33mclass[39m=[32m"ff-render-browser"[39m
    [36m>[39m
      [36m<header[39m
        [33mclass[39m=[32m"ff-render-browser-heading"[39m
      [36m>[39m
        [36m<div>[39m
          [36m<span>[39m
            [0mOperations · read-only[0m
          [36m</span>[39m
          [36m<h1>[39m
            [0mProject renders[0m
          [36m</h1>[39m
          [36m<p>[39m
            [0mFind and inspect safe render job summaries supplied for one explicit Project. This view cannot control jobs.[0m
          [36m</p>[39m
        [36m</div>[39m
      [36m</header>[39m
      [36m<p[39m
        [33mclass[39m=[32m"ff-render-origin ff-render-origin--unavailable"[39m
      [36m>[39m
        [36m<span[39m
          [33mclass[39m=[32m"ff-badge ff-badge--neutral"[39m
        [36m>[39m
          [0mRENDER SOURCE UNAVAILABLE · no request was sent[0m
        [36m</span>[39m
      [36m</p>[39m
      [36m<div[39m
        [33mclass[39m=[32m"ff-property-row"[39m
      [36m>[39m
        [36m<span>[39m
          [0mSource Project ID[0m
        [36m</span>[39m
        [36m<div>[39m
          [36m<code>[39m
            [0mproject-1[0m
          [36m</code>[39m
        [36m</div>[39m
      [36m</div>[39m
      [36m<p[39m
        [33mclass[39m=[32m"ff-render-boundary"[39m
      [36m>[39m
        [0mScope comes only from the source Project shown above. Results are bounded and are not a global render inventory.[0m
      [36m</p>[39m
      [36m<section[39m
        [33maria-busy[39m=[32m"false"[39m
        [33maria-labelledby[39m=[32m"_r_h_"[39m
        [33maria-live[39m=[32m"polite"[39m
        [33mclass[39m=[32m"ff-state ff-state--blocked"[39m
      [36m>[39m
        [36m<span[39m
          [33mclass[39m=[32m"ff-state__code"[39m
        [36m>[39m
          [0mBLOCKED[0m
        [36m</span>[39m
        [36m<h2[39m
          [33mid[39m=[32m"_r_h_"[39m
        [36m>[39m
          [0mRender summary access unknown[0m
        [36m</h2>[39m
        [36m<div>[39m
          [36m<p>[39m
            [0mAccess or Project scope could not be established, so the request remained fail-closed.[0m
          [36m</p>[39m
        [36m</div>[39m
      [36m</section>[39m
    [36m</section>[39m
  [36m</div>[39m
[36m</body>[39m
 ❯ waitForWrapper node_modules/@testing-library/dom/dist/wait-for.js:163:27
 ❯ node_modules/@testing-library/dom/dist/query-helpers.js:86:33
 ❯ src/product/render-browser/RenderBrowser.test.tsx:168:25
    166|     const next = realSource({ [field]: field === 'projectId' ? 'projec…
    167|     view.rerender(<Host source={next} />)
    168|     expect(await screen.findByText('Connected render')).toBeTruthy()
       |                         ^
    169|     await act(async () => pending.resolve(ownedResult(oldRequest, 'Ret…
    170|     expect(screen.queryByText('Retired secret')).toBeNull()

⎯⎯⎯⎯⎯⎯⎯⎯⎯⎯⎯⎯⎯⎯⎯⎯⎯⎯⎯⎯⎯⎯[16/35]⎯

 FAIL  src/product/render-browser/RenderBrowser.test.tsx > RenderBrowser observability workflow > retires a pending valid reply on sessionId change
TestingLibraryElementError: Unable to find an element with the text: Connected render. This could be because the text is broken up by multiple elements. In this case, you can provide a function for your text matcher to make your matcher more flexible.

Ignored nodes: comments, script, style
[36m<body>[39m
  [36m<div>[39m
    [36m<section[39m
      [33maria-label[39m=[32m"Single-Project render summaries"[39m
      [33mclass[39m=[32m"ff-render-browser"[39m
    [36m>[39m
      [36m<header[39m
        [33mclass[39m=[32m"ff-render-browser-heading"[39m
      [36m>[39m
        [36m<div>[39m
          [36m<span>[39m
            [0mOperations · read-only[0m
          [36m</span>[39m
          [36m<h1>[39m
            [0mProject renders[0m
          [36m</h1>[39m
          [36m<p>[39m
            [0mFind and inspect safe render job summaries supplied for one explicit Project. This view cannot control jobs.[0m
          [36m</p>[39m
        [36m</div>[39m
      [36m</header>[39m
      [36m<p[39m
        [33mclass[39m=[32m"ff-render-origin ff-render-origin--unavailable"[39m
      [36m>[39m
        [36m<span[39m
          [33mclass[39m=[32m"ff-badge ff-badge--neutral"[39m
        [36m>[39m
          [0mRENDER SOURCE UNAVAILABLE · no request was sent[0m
        [36m</span>[39m
      [36m</p>[39m
      [36m<div[39m
        [33mclass[39m=[32m"ff-property-row"[39m
      [36m>[39m
        [36m<span>[39m
          [0mSource Project ID[0m
        [36m</span>[39m
        [36m<div>[39m
          [36m<code>[39m
            [0mproject-1[0m
          [36m</code>[39m
        [36m</div>[39m
      [36m</div>[39m
      [36m<p[39m
        [33mclass[39m=[32m"ff-render-boundary"[39m
      [36m>[39m
        [0mScope comes only from the source Project shown above. Results are bounded and are not a global render inventory.[0m
      [36m</p>[39m
      [36m<section[39m
        [33maria-busy[39m=[32m"false"[39m
        [33maria-labelledby[39m=[32m"_r_j_"[39m
        [33maria-live[39m=[32m"polite"[39m
        [33mclass[39m=[32m"ff-state ff-state--blocked"[39m
      [36m>[39m
        [36m<span[39m
          [33mclass[39m=[32m"ff-state__code"[39m
        [36m>[39m
          [0mBLOCKED[0m
        [36m</span>[39m
        [36m<h2[39m
          [33mid[39m=[32m"_r_j_"[39m
        [36m>[39m
          [0mRender summary access unknown[0m
        [36m</h2>[39m
        [36m<div>[39m
          [36m<p>[39m
            [0mAccess or Project scope could not be established, so the request remained fail-closed.[0m
          [36m</p>[39m
        [36m</div>[39m
      [36m</section>[39m
    [36m</section>[39m
  [36m</div>[39m
[36m</body>[39m

Ignored nodes: comments, script, style
[36m<body>[39m
  [36m<div>[39m
    [36m<section[39m
      [33maria-label[39m=[32m"Single-Project render summaries"[39m
      [33mclass[39m=[32m"ff-render-browser"[39m
    [36m>[39m
      [36m<header[39m
        [33mclass[39m=[32m"ff-render-browser-heading"[39m
      [36m>[39m
        [36m<div>[39m
          [36m<span>[39m
            [0mOperations · read-only[0m
          [36m</span>[39m
          [36m<h1>[39m
            [0mProject renders[0m
          [36m</h1>[39m
          [36m<p>[39m
            [0mFind and inspect safe render job summaries supplied for one explicit Project. This view cannot control jobs.[0m
          [36m</p>[39m
        [36m</div>[39m
      [36m</header>[39m
      [36m<p[39m
        [33mclass[39m=[32m"ff-render-origin ff-render-origin--unavailable"[39m
      [36m>[39m
        [36m<span[39m
          [33mclass[39m=[32m"ff-badge ff-badge--neutral"[39m
        [36m>[39m
          [0mRENDER SOURCE UNAVAILABLE · no request was sent[0m
        [36m</span>[39m
      [36m</p>[39m
      [36m<div[39m
        [33mclass[39m=[32m"ff-property-row"[39m
      [36m>[39m
        [36m<span>[39m
          [0mSource Project ID[0m
        [36m</span>[39m
        [36m<div>[39m
          [36m<code>[39m
            [0mproject-1[0m
          [36m</code>[39m
        [36m</div>[39m
      [36m</div>[39m
      [36m<p[39m
        [33mclass[39m=[32m"ff-render-boundary"[39m
      [36m>[39m
        [0mScope comes only from the source Project shown above. Results are bounded and are not a global render inventory.[0m
      [36m</p>[39m
      [36m<section[39m
        [33maria-busy[39m=[32m"false"[39m
        [33maria-labelledby[39m=[32m"_r_j_"[39m
        [33maria-live[39m=[32m"polite"[39m
        [33mclass[39m=[32m"ff-state ff-state--blocked"[39m
      [36m>[39m
        [36m<span[39m
          [33mclass[39m=[32m"ff-state__code"[39m
        [36m>[39m
          [0mBLOCKED[0m
        [36m</span>[39m
        [36m<h2[39m
          [33mid[39m=[32m"_r_j_"[39m
        [36m>[39m
          [0mRender summary access unknown[0m
        [36m</h2>[39m
        [36m<div>[39m
          [36m<p>[39m
            [0mAccess or Project scope could not be established, so the request remained fail-closed.[0m
          [36m</p>[39m
        [36m</div>[39m
      [36m</section>[39m
    [36m</section>[39m
  [36m</div>[39m
[36m</body>[39m
 ❯ waitForWrapper node_modules/@testing-library/dom/dist/wait-for.js:163:27
 ❯ node_modules/@testing-library/dom/dist/query-helpers.js:86:33
 ❯ src/product/render-browser/RenderBrowser.test.tsx:168:25
    166|     const next = realSource({ [field]: field === 'projectId' ? 'projec…
    167|     view.rerender(<Host source={next} />)
    168|     expect(await screen.findByText('Connected render')).toBeTruthy()
       |                         ^
    169|     await act(async () => pending.resolve(ownedResult(oldRequest, 'Ret…
    170|     expect(screen.queryByText('Retired secret')).toBeNull()

⎯⎯⎯⎯⎯⎯⎯⎯⎯⎯⎯⎯⎯⎯⎯⎯⎯⎯⎯⎯⎯⎯[17/35]⎯

 FAIL  src/product/render-browser/RenderBrowser.test.tsx > RenderBrowser observability workflow > retires a pending valid reply on projectId change
TestingLibraryElementError: Unable to find an element with the text: Connected render. This could be because the text is broken up by multiple elements. In this case, you can provide a function for your text matcher to make your matcher more flexible.

Ignored nodes: comments, script, style
[36m<body>[39m
  [36m<div>[39m
    [36m<section[39m
      [33maria-label[39m=[32m"Single-Project render summaries"[39m
      [33mclass[39m=[32m"ff-render-browser"[39m
    [36m>[39m
      [36m<header[39m
        [33mclass[39m=[32m"ff-render-browser-heading"[39m
      [36m>[39m
        [36m<div>[39m
          [36m<span>[39m
            [0mOperations · read-only[0m
          [36m</span>[39m
          [36m<h1>[39m
            [0mProject renders[0m
          [36m</h1>[39m
          [36m<p>[39m
            [0mFind and inspect safe render job summaries supplied for one explicit Project. This view cannot control jobs.[0m
          [36m</p>[39m
        [36m</div>[39m
      [36m</header>[39m
      [36m<p[39m
        [33mclass[39m=[32m"ff-render-origin ff-render-origin--unavailable"[39m
      [36m>[39m
        [36m<span[39m
          [33mclass[39m=[32m"ff-badge ff-badge--neutral"[39m
        [36m>[39m
          [0mRENDER SOURCE UNAVAILABLE · no request was sent[0m
        [36m</span>[39m
      [36m</p>[39m
      [36m<div[39m
        [33mclass[39m=[32m"ff-property-row"[39m
      [36m>[39m
        [36m<span>[39m
          [0mSource Project ID[0m
        [36m</span>[39m
        [36m<div>[39m
          [36m<code>[39m
            [0mproject-2[0m
          [36m</code>[39m
        [36m</div>[39m
      [36m</div>[39m
      [36m<p[39m
        [33mclass[39m=[32m"ff-render-boundary"[39m
      [36m>[39m
        [0mScope comes only from the source Project shown above. Results are bounded and are not a global render inventory.[0m
      [36m</p>[39m
      [36m<section[39m
        [33maria-busy[39m=[32m"false"[39m
        [33maria-labelledby[39m=[32m"_r_l_"[39m
        [33maria-live[39m=[32m"polite"[39m
        [33mclass[39m=[32m"ff-state ff-state--blocked"[39m
      [36m>[39m
        [36m<span[39m
          [33mclass[39m=[32m"ff-state__code"[39m
        [36m>[39m
          [0mBLOCKED[0m
        [36m</span>[39m
        [36m<h2[39m
          [33mid[39m=[32m"_r_l_"[39m
        [36m>[39m
          [0mRender summary access unknown[0m
        [36m</h2>[39m
        [36m<div>[39m
          [36m<p>[39m
            [0mAccess or Project scope could not be established, so the request remained fail-closed.[0m
          [36m</p>[39m
        [36m</div>[39m
      [36m</section>[39m
    [36m</section>[39m
  [36m</div>[39m
[36m</body>[39m

Ignored nodes: comments, script, style
[36m<body>[39m
  [36m<div>[39m
    [36m<section[39m
      [33maria-label[39m=[32m"Single-Project render summaries"[39m
      [33mclass[39m=[32m"ff-render-browser"[39m
    [36m>[39m
      [36m<header[39m
        [33mclass[39m=[32m"ff-render-browser-heading"[39m
      [36m>[39m
        [36m<div>[39m
          [36m<span>[39m
            [0mOperations · read-only[0m
          [36m</span>[39m
          [36m<h1>[39m
            [0mProject renders[0m
          [36m</h1>[39m
          [36m<p>[39m
            [0mFind and inspect safe render job summaries supplied for one explicit Project. This view cannot control jobs.[0m
          [36m</p>[39m
        [36m</div>[39m
      [36m</header>[39m
      [36m<p[39m
        [33mclass[39m=[32m"ff-render-origin ff-render-origin--unavailable"[39m
      [36m>[39m
        [36m<span[39m
          [33mclass[39m=[32m"ff-badge ff-badge--neutral"[39m
        [36m>[39m
          [0mRENDER SOURCE UNAVAILABLE · no request was sent[0m
        [36m</span>[39m
      [36m</p>[39m
      [36m<div[39m
        [33mclass[39m=[32m"ff-property-row"[39m
      [36m>[39m
        [36m<span>[39m
          [0mSource Project ID[0m
        [36m</span>[39m
        [36m<div>[39m
          [36m<code>[39m
            [0mproject-2[0m
          [36m</code>[39m
        [36m</div>[39m
      [36m</div>[39m
      [36m<p[39m
        [33mclass[39m=[32m"ff-render-boundary"[39m
      [36m>[39m
        [0mScope comes only from the source Project shown above. Results are bounded and are not a global render inventory.[0m
      [36m</p>[39m
      [36m<section[39m
        [33maria-busy[39m=[32m"false"[39m
        [33maria-labelledby[39m=[32m"_r_l_"[39m
        [33maria-live[39m=[32m"polite"[39m
        [33mclass[39m=[32m"ff-state ff-state--blocked"[39m
      [36m>[39m
        [36m<span[39m
          [33mclass[39m=[32m"ff-state__code"[39m
        [36m>[39m
          [0mBLOCKED[0m
        [36m</span>[39m
        [36m<h2[39m
          [33mid[39m=[32m"_r_l_"[39m
        [36m>[39m
          [0mRender summary access unknown[0m
        [36m</h2>[39m
        [36m<div>[39m
          [36m<p>[39m
            [0mAccess or Project scope could not be established, so the request remained fail-closed.[0m
          [36m</p>[39m
        [36m</div>[39m
      [36m</section>[39m
    [36m</section>[39m
  [36m</div>[39m
[36m</body>[39m
 ❯ waitForWrapper node_modules/@testing-library/dom/dist/wait-for.js:163:27
 ❯ node_modules/@testing-library/dom/dist/query-helpers.js:86:33
 ❯ src/product/render-browser/RenderBrowser.test.tsx:168:25
    166|     const next = realSource({ [field]: field === 'projectId' ? 'projec…
    167|     view.rerender(<Host source={next} />)
    168|     expect(await screen.findByText('Connected render')).toBeTruthy()
       |                         ^
    169|     await act(async () => pending.resolve(ownedResult(oldRequest, 'Ret…
    170|     expect(screen.queryByText('Retired secret')).toBeNull()

⎯⎯⎯⎯⎯⎯⎯⎯⎯⎯⎯⎯⎯⎯⎯⎯⎯⎯⎯⎯⎯⎯[18/35]⎯

 FAIL  src/product/render-browser/RenderBrowser.test.tsx > RenderBrowser observability workflow > retires a pending read on Selection owner retirement and rejects its late success
TestingLibraryElementError: Unable to find an accessible element with the role "heading" and name "Render context retired"

Here are the accessible roles:

  region:

  Name "Single-Project render summaries":
  [36m<section[39m
    [33maria-label[39m=[32m"Single-Project render summaries"[39m
    [33mclass[39m=[32m"ff-render-browser"[39m
  [36m/>[39m

  Name "Render summary access unknown":
  [36m<section[39m
    [33maria-busy[39m=[32m"false"[39m
    [33maria-labelledby[39m=[32m"_r_m_"[39m
    [33maria-live[39m=[32m"polite"[39m
    [33mclass[39m=[32m"ff-state ff-state--blocked"[39m
  [36m/>[39m

  --------------------------------------------------
  banner:

  Name "":
  [36m<header[39m
    [33mclass[39m=[32m"ff-render-browser-heading"[39m
  [36m/>[39m

  --------------------------------------------------
  heading:

  Name "Project renders":
  [36m<h1 />[39m

  Name "Render summary access unknown":
  [36m<h2[39m
    [33mid[39m=[32m"_r_m_"[39m
  [36m/>[39m

  --------------------------------------------------
  paragraph:

  Name "":
  [36m<p />[39m

  Name "":
  [36m<p[39m
    [33mclass[39m=[32m"ff-render-origin ff-render-origin--unavailable"[39m
  [36m/>[39m

  Name "":
  [36m<p[39m
    [33mclass[39m=[32m"ff-render-boundary"[39m
  [36m/>[39m

  Name "":
  [36m<p />[39m

  --------------------------------------------------
  code:

  Name "":
  [36m<code />[39m

  --------------------------------------------------

Ignored nodes: comments, script, style
[36m<body>[39m
  [36m<div>[39m
    [36m<section[39m
      [33maria-label[39m=[32m"Single-Project render summaries"[39m
      [33mclass[39m=[32m"ff-render-browser"[39m
    [36m>[39m
      [36m<header[39m
        [33mclass[39m=[32m"ff-render-browser-heading"[39m
      [36m>[39m
        [36m<div>[39m
          [36m<span>[39m
            [0mOperations · read-only[0m
          [36m</span>[39m
          [36m<h1>[39m
            [0mProject renders[0m
          [36m</h1>[39m
          [36m<p>[39m
            [0mFind and inspect safe render job summaries supplied for one explicit Project. This view cannot control jobs.[0m
          [36m</p>[39m
        [36m</div>[39m
      [36m</header>[39m
      [36m<p[39m
        [33mclass[39m=[32m"ff-render-origin ff-render-origin--unavailable"[39m
      [36m>[39m
        [36m<span[39m
          [33mclass[39m=[32m"ff-badge ff-badge--neutral"[39m
        [36m>[39m
          [0mRENDER SOURCE UNAVAILABLE · no request was sent[0m
        [36m</span>[39m
      [36m</p>[39m
      [36m<div[39m
        [33mclass[39m=[32m"ff-property-row"[39m
      [36m>[39m
        [36m<span>[39m
          [0mSource Project ID[0m
        [36m</span>[39m
        [36m<div>[39m
          [36m<code>[39m
            [0mproject-1[0m
          [36m</code>[39m
        [36m</div>[39m
      [36m</div>[39m
      [36m<p[39m
        [33mclass[39m=[32m"ff-render-boundary"[39m
      [36m>[39m
        [0mScope comes only from the source Project shown above. Results are bounded and are not a global render inventory.[0m
      [36m</p>[39m
      [36m<section[39m
        [33maria-busy[39m=[32m"false"[39m
        [33maria-labelledby[39m=[32m"_r_m_"[39m
        [33maria-live[39m=[32m"polite"[39m
        [33mclass[39m=[32m"ff-state ff-state--blocked"[39m
      [36m>[39m
        [36m<span[39m
          [33mclass[39m=[32m"ff-state__code"[39m
        [36m>[39m
          [0mBLOCKED[0m
        [36m</span>[39m
        [36m<h2[39m
          [33mid[39m=[32m"_r_m_"[39m
        [36m>[39m
          [0mRender summary access unknown[0m
        [36m</h2>[39m
        [36m<div>[39m
          [36m<p>[39m
            [0mAccess or Project scope could not be established, so the request remained fail-closed.[0m
          [36m</p>[39m
        [36m</div>[39m
      [36m</section>[39m
    [36m</section>[39m
  [36m</div>[39m
[36m</body>[39m
 ❯ Object.getElementError node_modules/@testing-library/dom/dist/config.js:37:19
 ❯ node_modules/@testing-library/dom/dist/query-helpers.js:76:38
 ❯ node_modules/@testing-library/dom/dist/query-helpers.js:52:17
 ❯ node_modules/@testing-library/dom/dist/query-helpers.js:95:19
 ❯ src/product/render-browser/RenderBrowser.test.tsx:178:19
    176|     const view = render(<Host source={source} capture={value => { stor…
    177|     act(() => store.retireSelectionOwner('owner'))
    178|     expect(screen.getByRole('heading', { name: 'Render context retired…
       |                   ^
    179|     await act(async () => pending.resolve(ownedResult(request, 'Retire…
    180|     expect(screen.queryByText('Retired owner secret')).toBeNull(); vie…

⎯⎯⎯⎯⎯⎯⎯⎯⎯⎯⎯⎯⎯⎯⎯⎯⎯⎯⎯⎯⎯⎯[19/35]⎯

 FAIL  src/product/render-browser/RenderBrowser.test.tsx > RenderBrowser observability workflow > rebinds only to a fresh pageshow Selection owner after clearing ready data
TestingLibraryElementError: Unable to find an element with the text: Connected render. This could be because the text is broken up by multiple elements. In this case, you can provide a function for your text matcher to make your matcher more flexible.

Ignored nodes: comments, script, style
[36m<body>[39m
  [36m<div>[39m
    [36m<section[39m
      [33maria-label[39m=[32m"Single-Project render summaries"[39m
      [33mclass[39m=[32m"ff-render-browser"[39m
    [36m>[39m
      [36m<header[39m
        [33mclass[39m=[32m"ff-render-browser-heading"[39m
      [36m>[39m
        [36m<div>[39m
          [36m<span>[39m
            [0mOperations · read-only[0m
          [36m</span>[39m
          [36m<h1>[39m
            [0mProject renders[0m
          [36m</h1>[39m
          [36m<p>[39m
            [0mFind and inspect safe render job summaries supplied for one explicit Project. This view cannot control jobs.[0m
          [36m</p>[39m
        [36m</div>[39m
      [36m</header>[39m
      [36m<p[39m
        [33mclass[39m=[32m"ff-render-origin ff-render-origin--unavailable"[39m
      [36m>[39m
        [36m<span[39m
          [33mclass[39m=[32m"ff-badge ff-badge--neutral"[39m
        [36m>[39m
          [0mRENDER SOURCE UNAVAILABLE · no request was sent[0m
        [36m</span>[39m
      [36m</p>[39m
      [36m<div[39m
        [33mclass[39m=[32m"ff-property-row"[39m
      [36m>[39m
        [36m<span>[39m
          [0mSource Project ID[0m
        [36m</span>[39m
        [36m<div>[39m
          [36m<code>[39m
            [0mproject-1[0m
          [36m</code>[39m
        [36m</div>[39m
      [36m</div>[39m
      [36m<p[39m
        [33mclass[39m=[32m"ff-render-boundary"[39m
      [36m>[39m
        [0mScope comes only from the source Project shown above. Results are bounded and are not a global render inventory.[0m
      [36m</p>[39m
      [36m<section[39m
        [33maria-busy[39m=[32m"false"[39m
        [33maria-labelledby[39m=[32m"_r_n_"[39m
        [33maria-live[39m=[32m"polite"[39m
        [33mclass[39m=[32m"ff-state ff-state--blocked"[39m
      [36m>[39m
        [36m<span[39m
          [33mclass[39m=[32m"ff-state__code"[39m
        [36m>[39m
          [0mBLOCKED[0m
        [36m</span>[39m
        [36m<h2[39m
          [33mid[39m=[32m"_r_n_"[39m
        [36m>[39m
          [0mRender summary access unknown[0m
        [36m</h2>[39m
        [36m<div>[39m
          [36m<p>[39m
            [0mAccess or Project scope could not be established, so the request remained fail-closed.[0m
          [36m</p>[39m
        [36m</div>[39m
      [36m</section>[39m
    [36m</section>[39m
  [36m</div>[39m
[36m</body>[39m

Ignored nodes: comments, script, style
[36m<body>[39m
  [36m<div>[39m
    [36m<section[39m
      [33maria-label[39m=[32m"Single-Project render summaries"[39m
      [33mclass[39m=[32m"ff-render-browser"[39m
    [36m>[39m
      [36m<header[39m
        [33mclass[39m=[32m"ff-render-browser-heading"[39m
      [36m>[39m
        [36m<div>[39m
          [36m<span>[39m
            [0mOperations · read-only[0m
          [36m</span>[39m
          [36m<h1>[39m
            [0mProject renders[0m
          [36m</h1>[39m
          [36m<p>[39m
            [0mFind and inspect safe render job summaries supplied for one explicit Project. This view cannot control jobs.[0m
          [36m</p>[39m
        [36m</div>[39m
      [36m</header>[39m
      [36m<p[39m
        [33mclass[39m=[32m"ff-render-origin ff-render-origin--unavailable"[39m
      [36m>[39m
        [36m<span[39m
          [33mclass[39m=[32m"ff-badge ff-badge--neutral"[39m
        [36m>[39m
          [0mRENDER SOURCE UNAVAILABLE · no request was sent[0m
        [36m</span>[39m
      [36m</p>[39m
      [36m<div[39m
        [33mclass[39m=[32m"ff-property-row"[39m
      [36m>[39m
        [36m<span>[39m
          [0mSource Project ID[0m
        [36m</span>[39m
        [36m<div>[39m
          [36m<code>[39m
            [0mproject-1[0m
          [36m</code>[39m
        [36m</div>[39m
      [36m</div>[39m
      [36m<p[39m
        [33mclass[39m=[32m"ff-render-boundary"[39m
      [36m>[39m
        [0mScope comes only from the source Project shown above. Results are bounded and are not a global render inventory.[0m
      [36m</p>[39m
      [36m<section[39m
        [33maria-busy[39m=[32m"false"[39m
        [33maria-labelledby[39m=[32m"_r_n_"[39m
        [33maria-live[39m=[32m"polite"[39m
        [33mclass[39m=[32m"ff-state ff-state--blocked"[39m
      [36m>[39m
        [36m<span[39m
          [33mclass[39m=[32m"ff-state__code"[39m
        [36m>[39m
          [0mBLOCKED[0m
        [36m</span>[39m
        [36m<h2[39m
          [33mid[39m=[32m"_r_n_"[39m
        [36m>[39m
          [0mRender summary access unknown[0m
        [36m</h2>[39m
        [36m<div>[39m
          [36m<p>[39m
            [0mAccess or Project scope could not be established, so the request remained fail-closed.[0m
          [36m</p>[39m
        [36m</div>[39m
      [36m</section>[39m
    [36m</section>[39m
  [36m</div>[39m
[36m</body>[39m
 ❯ waitForWrapper node_modules/@testing-library/dom/dist/wait-for.js:163:27
 ❯ node_modules/@testing-library/dom/dist/query-helpers.js:86:33
 ❯ src/product/render-browser/RenderBrowser.test.tsx:185:40
    183|   it('rebinds only to a fresh pageshow Selection owner after clearing …
    184|     const source = realSource(); const read = vi.spyOn(source.adapter,…
    185|     setup(source); expect(await screen.findByText('Connected render'))…
       |                                        ^
    186|     act(() => window.dispatchEvent(new PageTransitionEvent('pagehide',…
    187|     expect(screen.queryByText('Connected render')).toBeNull()

⎯⎯⎯⎯⎯⎯⎯⎯⎯⎯⎯⎯⎯⎯⎯⎯⎯⎯⎯⎯⎯⎯[20/35]⎯

 FAIL  src/product/render-browser/RenderBrowser.test.tsx > RenderBrowser observability workflow > is unavailable with no injected source and localizes the complete workflow in Chinese
TestingLibraryElementError: Unable to find an accessible element with the role "heading" and name "Render observability unavailable"

Here are the accessible roles:

  region:

  Name "Single-Project render summaries":
  [36m<section[39m
    [33maria-label[39m=[32m"Single-Project render summaries"[39m
    [33mclass[39m=[32m"ff-render-browser"[39m
  [36m/>[39m

  Name "Render summaries unavailable":
  [36m<section[39m
    [33maria-busy[39m=[32m"false"[39m
    [33maria-labelledby[39m=[32m"_r_o_"[39m
    [33maria-live[39m=[32m"polite"[39m
    [33mclass[39m=[32m"ff-state ff-state--unavailable"[39m
  [36m/>[39m

  --------------------------------------------------
  banner:

  Name "":
  [36m<header[39m
    [33mclass[39m=[32m"ff-render-browser-heading"[39m
  [36m/>[39m

  --------------------------------------------------
  heading:

  Name "Project renders":
  [36m<h1 />[39m

  Name "Render summaries unavailable":
  [36m<h2[39m
    [33mid[39m=[32m"_r_o_"[39m
  [36m/>[39m

  --------------------------------------------------
  paragraph:

  Name "":
  [36m<p />[39m

  Name "":
  [36m<p[39m
    [33mclass[39m=[32m"ff-render-origin ff-render-origin--unavailable"[39m
  [36m/>[39m

  Name "":
  [36m<p[39m
    [33mclass[39m=[32m"ff-render-boundary"[39m
  [36m/>[39m

  Name "":
  [36m<p />[39m

  --------------------------------------------------
  code:

  Name "":
  [36m<code />[39m

  --------------------------------------------------

Ignored nodes: comments, script, style
[36m<body>[39m
  [36m<div>[39m
    [36m<section[39m
      [33maria-label[39m=[32m"Single-Project render summaries"[39m
      [33mclass[39m=[32m"ff-render-browser"[39m
    [36m>[39m
      [36m<header[39m
        [33mclass[39m=[32m"ff-render-browser-heading"[39m
      [36m>[39m
        [36m<div>[39m
          [36m<span>[39m
            [0mOperations · read-only[0m
          [36m</span>[39m
          [36m<h1>[39m
            [0mProject renders[0m
          [36m</h1>[39m
          [36m<p>[39m
            [0mFind and inspect safe render job summaries supplied for one explicit Project. This view cannot control jobs.[0m
          [36m</p>[39m
        [36m</div>[39m
      [36m</header>[39m
      [36m<p[39m
        [33mclass[39m=[32m"ff-render-origin ff-render-origin--unavailable"[39m
      [36m>[39m
        [36m<span[39m
          [33mclass[39m=[32m"ff-badge ff-badge--neutral"[39m
        [36m>[39m
          [0mRENDER SOURCE UNAVAILABLE · no request was sent[0m
        [36m</span>[39m
      [36m</p>[39m
      [36m<div[39m
        [33mclass[39m=[32m"ff-property-row"[39m
      [36m>[39m
        [36m<span>[39m
          [0mSource Project ID[0m
        [36m</span>[39m
        [36m<div>[39m
          [36m<code>[39m
            [0munconfigured[0m
          [36m</code>[39m
        [36m</div>[39m
      [36m</div>[39m
      [36m<p[39m
        [33mclass[39m=[32m"ff-render-boundary"[39m
      [36m>[39m
        [0mScope comes only from the source Project shown above. Results are bounded and are not a global render inventory.[0m
      [36m</p>[39m
      [36m<section[39m
        [33maria-busy[39m=[32m"false"[39m
        [33maria-labelledby[39m=[32m"_r_o_"[39m
        [33maria-live[39m=[32m"polite"[39m
        [33mclass[39m=[32m"ff-state ff-state--unavailable"[39m
      [36m>[39m
        [36m<span[39m
          [33mclass[39m=[32m"ff-state__code"[39m
        [36m>[39m
          [0mUNAVAILABLE[0m
        [36m</span>[39m
        [36m<h2[39m
          [33mid[39m=[32m"_r_o_"[39m
        [36m>[39m
          [0mRender summaries unavailable[0m
        [36m</h2>[39m
        [36m<div>[39m
          [36m<p>[39m
            [0mNo authenticated, session-bound, single-Project render source is configured for this view.[0m
          [36m</p>[39m
        [36m</div>[39m
      [36m</section>[39m
    [36m</section>[39m
  [36m</div>[39m
[36m</body>[39m
 ❯ Object.getElementError node_modules/@testing-library/dom/dist/config.js:37:19
 ❯ node_modules/@testing-library/dom/dist/query-helpers.js:76:38
 ❯ node_modules/@testing-library/dom/dist/query-helpers.js:52:17
 ❯ node_modules/@testing-library/dom/dist/query-helpers.js:95:19
 ❯ src/product/render-browser/RenderBrowser.test.tsx:196:19
    194|   it('is unavailable with no injected source and localizes the complet…
    195|     const unavailable = render(<Host />)
    196|     expect(screen.getByRole('heading', { name: 'Render observability u…
       |                   ^
    197|     expect(screen.queryByText(/SIMULATED RENDER DATA/)).toBeNull(); un…
    198|     setup(createRendersFixture({ scope }), 'zh-CN')

⎯⎯⎯⎯⎯⎯⎯⎯⎯⎯⎯⎯⎯⎯⎯⎯⎯⎯⎯⎯⎯⎯[21/35]⎯

 FAIL  src/product/render-browser/source.test.ts > bounded Render observability projection > searches only supplied ID/name, uses source-supported statuses, and sorts stably by name then ID
AssertionError: expected [] to deeply equal [ 'render-z' ]

- Expected
+ Received

- [
-   "render-z",
- ]
+ []

 ❯ src/product/render-browser/source.test.ts:68:115
     66| describe('bounded Render observability projection', () => {
     67|   it('searches only supplied ID/name, uses source-supported statuses, …
     68|     expect(selectRenderJobs(jobs, { query: 'Zulu <literal>', status: '…
       |                                                                                                                   ^
     69|     expect(selectRenderJobs(jobs, { query: 'timeline-z', status: '', o…
     70|     expect(selectRenderJobs(jobs, { query: '', status: 'VENDOR_WARMING…

⎯⎯⎯⎯⎯⎯⎯⎯⎯⎯⎯⎯⎯⎯⎯⎯⎯⎯⎯⎯⎯⎯[22/35]⎯

 FAIL  src/product/render-browser/source.test.ts > bounded Render observability projection > derives percent only for matching finite units and valid ranges without clamping invalid values
TypeError: (0 , deriveProgressPercent) is not a function
 ❯ src/product/render-browser/source.test.ts:76:12
     74| 
     75|   it('derives percent only for matching finite units and valid ranges …
     76|     expect(deriveProgressPercent({ value: 48, unit: 'frames', total: 9…
       |            ^
     77|     expect(deriveProgressPercent({ value: 140, unit: 'frames', total: …
     78|     expect(deriveProgressPercent({ value: 1, unit: 'shot', total: 2, t…

⎯⎯⎯⎯⎯⎯⎯⎯⎯⎯⎯⎯⎯⎯⎯⎯⎯⎯⎯⎯⎯⎯[23/35]⎯

 FAIL  src/product/render-browser/source.test.ts > bounded Render observability projection > accepts safe task, attempt, failure, progress and bounded Artifact metadata as one owned snapshot
TypeError: (0 , parseRenderSnapshot) is not a function
 ❯ src/product/render-browser/source.test.ts:84:12
     82| 
     83|   it('accepts safe task, attempt, failure, progress and bounded Artifa…
     84|     expect(parseRenderSnapshot(receipt(), request)).toEqual(receipt())
       |            ^
     85|   })
     86| 

⎯⎯⎯⎯⎯⎯⎯⎯⎯⎯⎯⎯⎯⎯⎯⎯⎯⎯⎯⎯⎯⎯[24/35]⎯

 FAIL  src/product/render-browser/source.test.ts > bounded Render observability projection > preserves missing, empty, bounded, denied, unavailable, unknown and stale Artifact states without inventing history
TypeError: (0 , parseRenderSnapshot) is not a function
 ❯ src/product/render-browser/source.test.ts:91:14
     89|       const input = receipt()
     90|       input.jobs = [{ ...jobs[1], ...(artifacts === undefined ? {} : {…
     91|       expect(parseRenderSnapshot(input, request).status).toBe('ok')
       |              ^
     92|     }
     93|   })

⎯⎯⎯⎯⎯⎯⎯⎯⎯⎯⎯⎯⎯⎯⎯⎯⎯⎯⎯⎯⎯⎯[25/35]⎯

 FAIL  src/product/render-browser/source.test.ts > bounded Render observability projection > classifies broken attempt and Artifact task links as invalid relationships
AssertionError: The instanceof assertion needs a constructor but undefined was given.
 ❯ src/product/render-browser/source.test.ts:102:37
    100|       const input = receipt(); input.jobs = [changed]
    101|       try { parseRenderSnapshot(input, request); throw new Error('expe…
    102|       catch (error) { expect(error).toBeInstanceOf(RenderProjectionErr…
       |                                     ^
    103|     }
    104|   })

⎯⎯⎯⎯⎯⎯⎯⎯⎯⎯⎯⎯⎯⎯⎯⎯⎯⎯⎯⎯⎯⎯[26/35]⎯

 FAIL  src/product/render-browser/source.test.ts > bounded Render observability projection > preserves safe nondisclosing unavailable receipts
 FAIL  src/product/render-browser/source.test.ts > bounded Render observability projection > preserves safe nondisclosing denied receipts
 FAIL  src/product/render-browser/source.test.ts > bounded Render observability projection > preserves safe nondisclosing unknown receipts
 FAIL  src/product/render-browser/source.test.ts > bounded Render observability projection > preserves safe nondisclosing unsupported receipts
 FAIL  src/product/render-browser/source.test.ts > bounded Render observability projection > preserves safe nondisclosing error receipts
 FAIL  src/product/render-browser/source.test.ts > bounded Render observability projection > preserves safe nondisclosing stale receipts
TypeError: (0 , parseRenderSnapshot) is not a function
 ❯ src/product/render-browser/source.test.ts:123:12
    121|   it.each(['unavailable', 'denied', 'unknown', 'unsupported', 'error',…
    122|     const failure = { status, scope, requestId: request.requestId, exp…
    123|     expect(parseRenderSnapshot(failure, request)).toEqual(failure)
       |            ^
    124|   })
    125| })

⎯⎯⎯⎯⎯⎯⎯⎯⎯⎯⎯⎯⎯⎯⎯⎯⎯⎯⎯⎯⎯⎯[27/35]⎯

 FAIL  src/product/render-browser/source.test.ts > Render source, identity and access boundaries > accepts only an exact host-agreed SERVER binding and never treats Operations visibility as query permission
AssertionError: expected 'unknown' to be 'ready' // Object.is equality

Expected: "ready"
Received: "unknown"

 ❯ src/product/render-browser/source.test.ts:129:45
    127| describe('Render source, identity and access boundaries', () => {
    128|   it('accepts only an exact host-agreed SERVER binding and never treat…
    129|     expect(sourceDisposition(realSource())).toBe('ready')
       |                                             ^
    130|     expect(sourcePresentationOrigin(realSource())).toBe('real')
    131|     expect(sourceDisposition(realSource(access('AVAILABLE'), 'other.ho…

⎯⎯⎯⎯⎯⎯⎯⎯⎯⎯⎯⎯⎯⎯⎯⎯⎯⎯⎯⎯⎯⎯[28/35]⎯

 FAIL  src/product/render-browser/source.test.ts > Render source, identity and access boundaries > requires explicit fixture identity, performs no transport or storage access, and has a distinct test-only binding
AssertionError: expected [Function] to throw an error
 ❯ src/product/render-browser/source.test.ts:146:84
    144| 
    145|   it('requires explicit fixture identity, performs no transport or sto…
    146|     expect(() => createRendersFixture({ scope: { ...scope, principalId…
       |                                                                                    ^
    147|     const source = createRendersFixture({ scope })
    148|     const fetch = vi.spyOn(globalThis, 'fetch')

⎯⎯⎯⎯⎯⎯⎯⎯⎯⎯⎯⎯⎯⎯⎯⎯⎯⎯⎯⎯⎯⎯[29/35]⎯

 FAIL  src/product/render-browser/source.test.ts > Render source, identity and access boundaries > defaults unavailable without transport and does not invent a Project or identity
TypeError: source.adapter.readProject is not a function
 ❯ src/product/render-browser/source.test.ts:161:33
    159|     const source = unavailableRendersSource()
    160|     expect(source.scope).toEqual({ principalId: null, tenantId: null, …
    161|     expect(await source.adapter.readProject({ scope: source.scope, req…
       |                                 ^
    162|     expect(fetch).not.toHaveBeenCalled(); fetch.mockRestore()
    163|   })

⎯⎯⎯⎯⎯⎯⎯⎯⎯⎯⎯⎯⎯⎯⎯⎯⎯⎯⎯⎯⎯⎯[30/35]⎯


 Test Files  2 failed (2)
      Tests  35 failed | 2 passed (37)
   Start at  23:27:08
   Duration  21.03s (transform 544ms, setup 0ms, collect 1.07s, tests 19.39s, environment 504ms, prepare 179ms)

[?25h
Script done on 2026-09-08 23:27:29+08:00 [COMMAND_EXIT_CODE="1"]
